player_id,player,first_season,last_season,qualified_seasons,career_cv,career_rank,best_season,best_season_cv,model_version,data_revision
jamesle01,LeBron James,2004,2026,19,105.3,1,2012,14.164,2.1.0,2026-09-30
abdulka01,Kareem Abdul-Jabbar,1970,1989,20,90.55,2,1971,13.349,2.1.0,2026-09-30
jordami01,Michael Jordan,1985,2003,13,90.47,3,1996,14.293,2.1.0,2026-09-30
duncati01,Tim Duncan,1998,2016,19,85.93,4,2003,12.809,2.1.0,2026-09-30
onealsh01,Shaquille O'Neal,1993,2009,14,81.47,5,2000,14.978,2.1.0,2026-09-30
malonka01,Karl Malone,1986,2003,18,78.17,6,1998,10.974,2.1.0,2026-09-30
bryanko01,Kobe Bryant,1997,2016,18,78.03,7,2001,11.696,2.1.0,2026-09-30
chambwi01,Wilt Chamberlain,1960,1973,13,76.69,8,1967,13.516,2.1.0,2026-09-30
duranke01,Kevin Durant,2008,2026,14,74.89,9,2017,11.59,2.1.0,2026-09-30
birdla01,Larry Bird,1980,1991,11,69.78,10,1986,13.13,2.1.0,2026-09-30
curryst01,Stephen Curry,2010,2025,12,68.49,11,2017,12.823,2.1.0,2026-09-30
hardeja01,James Harden,2010,2026,16,65.96,12,2018,10.982,2.1.0,2026-09-30
ervinju01,Julius Erving,1972,1987,16,65.8,13,1974,11.476,2.1.0,2026-09-30
russebi01,Bill Russell,1958,1969,12,63.36,14,1965,10.056,2.1.0,2026-09-30
antetgi01,Giannis Antetokounmpo,2014,2025,12,62.8,15,2021,12.178,2.1.0,2026-09-30
nowitdi01,Dirk Nowitzki,1999,2018,18,62.25,16,2006,10.683,2.1.0,2026-09-30
olajuha01,Hakeem Olajuwon,1985,2002,15,61.98,17,1994,11.898,2.1.0,2026-09-30
johnsma02,Magic Johnson,1980,1991,11,61.16,18,1987,10.665,2.1.0,2026-09-30
jokicni01,Nikola Jokić,2016,2026,11,57.63,19,2023,12.019,2.1.0,2026-09-30
robinda01,David Robinson,1990,2003,13,57.23,20,1995,10.027,2.1.0,2026-09-30
westbru01,Russell Westbrook,2009,2026,17,56.68,21,2016,10.581,2.1.0,2026-09-30
garneke01,Kevin Garnett,1996,2013,17,55.55,22,2004,10.484,2.1.0,2026-09-30
malonmo01,Moses Malone,1975,1992,17,55.31,23,1983,11.877,2.1.0,2026-09-30
wadedw01,Dwyane Wade,2004,2019,13,55.19,24,2006,11.359,2.1.0,2026-09-30
pippesc01,Scottie Pippen,1988,2003,15,54.12,25,1992,9.49,2.1.0,2026-09-30
barklch01,Charles Barkley,1985,1999,14,52.17,26,1993,9.416,2.1.0,2026-09-30
leonaka01,Kawhi Leonard,2012,2026,11,51.45,27,2019,10.074,2.1.0,2026-09-30
westje01,Jerry West,1961,1973,11,50.72,28,1970,9.126,2.1.0,2026-09-30
pettibo01,Bob Pettit,1955,1964,10,50.52,29,1959,10.339,2.1.0,2026-09-30
tatumja01,Jayson Tatum,2018,2025,8,50.21,30,2024,10.454,2.1.0,2026-09-30
ewingpa01,Patrick Ewing,1987,2002,15,50.18,31,1994,9.457,2.1.0,2026-09-30
paulch01,Chris Paul,2006,2025,19,49.94,32,2018,7.089,2.1.0,2026-09-30
iversal01,Allen Iverson,1997,2008,11,49.92,33,2001,10.793,2.1.0,2026-09-30
havlijo01,John Havlicek,1963,1978,16,49.13,34,1974,8.952,2.1.0,2026-09-30
parketo01,Tony Parker,2002,2017,15,48.68,35,2013,8.269,2.1.0,2026-09-30
roberos01,Oscar Robertson,1961,1974,14,48.62,36,1971,8.199,2.1.0,2026-09-30
piercpa01,Paul Pierce,1999,2016,17,47.61,37,2008,8.214,2.1.0,2026-09-30
gilmoar01,Artis Gilmore,1972,1988,16,46.39,38,1975,10.202,2.1.0,2026-09-30
hayesel01,Elvin Hayes,1969,1984,16,46.1,39,1975,8.544,2.1.0,2026-09-30
drexlcl01,Clyde Drexler,1984,1998,13,45.06,40,1992,9.388,2.1.0,2026-09-30
doncilu01,Luka Dončić,2019,2026,7,44.56,41,2024,10.79,2.1.0,2026-09-30
anthoca01,Carmelo Anthony,2004,2022,17,44.16,42,2013,8.6,2.1.0,2026-09-30
bayloel01,Elgin Baylor,1959,1969,10,44.16,43,1963,9.355,2.1.0,2026-09-30
barryri01,Rick Barry,1966,1980,12,43.89,44,1975,11.553,2.1.0,2026-09-30
howardw01,Dwight Howard,2005,2022,16,43.2,45,2009,8.548,2.1.0,2026-09-30
cousybo01,Bob Cousy,1952,1963,12,43.05,46,1957,8.678,2.1.0,2026-09-30
wilkido01,Dominique Wilkins,1983,1997,13,41.65,47,1987,7.996,2.1.0,2026-09-30
thomais01,Isiah Thomas,1982,1994,12,41.27,48,1990,8.067,2.1.0,2026-09-30
lillada01,Damian Lillard,2013,2025,12,41.22,49,2019,7.384,2.1.0,2026-09-30
parisro01,Robert Parish,1977,1996,20,41.06,50,1984,7.094,2.1.0,2026-09-30
mcginge01,George McGinnis,1972,1982,11,40.88,51,1975,9.576,2.1.0,2026-09-30
gervige01,George Gervin,1974,1986,13,40.83,52,1982,7.783,2.1.0,2026-09-30
gasolpa01,Pau Gasol,2002,2018,15,40.67,53,2010,8.567,2.1.0,2026-09-30
isselda01,Dan Issel,1971,1985,15,40.38,54,1973,8.092,2.1.0,2026-09-30
gilgesh01,Shai Gilgeous-Alexander,2019,2026,6,40.16,55,2025,13.341,2.1.0,2026-09-30
embiijo01,Joel Embiid,2018,2023,5,40.09,56,2021,8.569,2.1.0,2026-09-30
brownja02,Jaylen Brown,2017,2026,10,40.0,57,2024,7.881,2.1.0,2026-09-30
georgpa01,Paul George,2011,2024,10,39.75,58,2021,8.16,2.1.0,2026-09-30
mchalke01,Kevin McHale,1981,1993,12,39.62,59,1986,9.394,2.1.0,2026-09-30
aldrila01,LaMarcus Aldridge,2007,2020,14,39.22,60,2015,6.748,2.1.0,2026-09-30
cowenda01,Dave Cowens,1971,1980,9,39.16,61,1976,9.734,2.1.0,2026-09-30
schaydo01,Dolph Schayes,1952,1963,12,38.89,62,1955,8.047,2.1.0,2026-09-30
mitchdo01,Donovan Mitchell,2018,2026,8,38.78,63,2025,6.966,2.1.0,2026-09-30
thompkl01,Klay Thompson,2012,2026,12,38.55,64,2015,8.024,2.1.0,2026-09-30
stockjo01,John Stockton,1985,2003,19,38.49,65,1997,5.681,2.1.0,2026-09-30
nashst01,Steve Nash,1997,2012,15,38.19,66,2005,7.458,2.1.0,2026-09-30
paytoga01,Gary Payton,1991,2007,17,38.03,67,1997,6.836,2.1.0,2026-09-30
kiddja01,Jason Kidd,1995,2013,18,37.44,68,2003,8.182,2.1.0,2026-09-30
irvinky01,Kyrie Irving,2012,2024,10,37.39,69,2017,8.154,2.1.0,2026-09-30
mcgratr01,Tracy McGrady,1998,2012,12,37.2,70,2005,7.656,2.1.0,2026-09-30
davisan02,Anthony Davis,2013,2024,8,36.8,71,2020,10.543,2.1.0,2026-09-30
cartevi01,Vince Carter,1999,2020,21,36.08,72,2001,6.913,2.1.0,2026-09-30
billuch01,Chauncey Billups,1998,2011,13,36.0,73,2004,7.134,2.1.0,2026-09-30
mournal01,Alonzo Mourning,1993,2007,11,35.31,74,2000,6.77,2.1.0,2026-09-30
heinsto01,Tom Heinsohn,1957,1965,9,35.2,75,1957,7.201,2.1.0,2026-09-30
millere01,Reggie Miller,1988,2005,18,35.01,76,1995,5.436,2.1.0,2026-09-30
worthja01,James Worthy,1983,1994,11,34.98,77,1987,6.923,2.1.0,2026-09-30
jonessa01,Sam Jones,1958,1969,12,34.39,78,1965,8.592,2.1.0,2026-09-30
butleji01,Jimmy Butler,2013,2024,11,34.24,79,2015,6.374,2.1.0,2026-09-30
webbech01,Chris Webber,1994,2007,10,34.19,80,2001,8.388,2.1.0,2026-09-30
brunsja01,Jalen Brunson,2019,2026,8,34.11,81,2026,9.906,2.1.0,2026-09-30
derozde01,DeMar DeRozan,2010,2026,17,33.97,82,2017,6.442,2.1.0,2026-09-30
allenra02,Ray Allen,1997,2014,15,33.94,83,2008,6.327,2.1.0,2026-09-30
hamilri01,Richard Hamilton,2000,2009,10,33.94,84,2004,7.622,2.1.0,2026-09-30
dandrbo01,Bob Dandridge,1970,1979,10,33.7,85,1971,7.014,2.1.0,2026-09-30
griffbl01,Blake Griffin,2011,2019,8,33.48,86,2015,7.677,2.1.0,2026-09-30
kempsh01,Shawn Kemp,1990,2003,14,33.39,87,1996,7.326,2.1.0,2026-09-30
townska01,Karl-Anthony Towns,2016,2026,8,32.84,88,2026,8.003,2.1.0,2026-09-30
johnske02,Kevin Johnson,1988,1997,7,32.83,89,1989,7.369,2.1.0,2026-09-30
ginobma01,Manu Ginóbili,2003,2018,14,32.55,90,2005,7.582,2.1.0,2026-09-30
mcadobo01,Bob McAdoo,1973,1985,10,32.54,91,1975,8.766,2.1.0,2026-09-30
fraziwa01,Walt Frazier,1968,1977,10,32.37,92,1970,7.204,2.1.0,2026-09-30
boshch01,Chris Bosh,2004,2014,11,32.34,93,2011,6.28,2.1.0,2026-09-30
mikange01,George Mikan,1952,1954,3,32.1,94,1952,12.21,2.1.0,2026-09-30
laniebo01,Bob Lanier,1971,1984,12,31.8,95,1974,6.748,2.1.0,2026-09-30
johnsde01,Dennis Johnson,1977,1990,14,31.66,96,1986,6.121,2.1.0,2026-09-30
bookede01,Devin Booker,2016,2026,9,31.49,97,2021,7.894,2.1.0,2026-09-30
cummite01,Terry Cummings,1983,1999,15,31.45,98,1985,6.742,2.1.0,2026-09-30
boozeca01,Carlos Boozer,2003,2015,10,31.22,99,2007,7.011,2.1.0,2026-09-30
holidjr01,Jrue Holiday,2010,2025,14,31.04,100,2021,5.984,2.1.0,2026-09-30
loveke01,Kevin Love,2009,2023,12,30.82,101,2014,6.189,2.1.0,2026-09-30
stoudam01,Amar'e Stoudemire,2003,2015,9,30.66,102,2005,8.696,2.1.0,2026-09-30
englial01,Alex English,1977,1991,15,30.39,103,1985,6.402,2.1.0,2026-09-30
arizipa01,Paul Arizin,1952,1962,9,30.22,104,1956,9.234,2.1.0,2026-09-30
willigu01,Gus Williams,1976,1986,10,30.13,105,1979,6.925,2.1.0,2026-09-30
moncrsi01,Sidney Moncrief,1980,1991,9,30.01,106,1984,7.024,2.1.0,2026-09-30
lowryky01,Kyle Lowry,2008,2024,15,29.94,107,2016,6.036,2.1.0,2026-09-30
sikmaja01,Jack Sikma,1978,1991,14,29.92,108,1982,6.467,2.1.0,2026-09-30
chambto01,Tom Chambers,1982,1995,14,29.5,109,1989,8.094,2.1.0,2026-09-30
aguirma01,Mark Aguirre,1983,1992,10,29.14,110,1988,6.564,2.1.0,2026-09-30
wallara01,Rasheed Wallace,1996,2010,15,29.09,111,2002,4.642,2.1.0,2026-09-30
dantlad01,Adrian Dantley,1977,1989,11,28.87,112,1984,6.799,2.1.0,2026-09-30
hillgr01,Grant Hill,1995,2012,13,28.85,113,1997,6.149,2.1.0,2026-09-30
johnsma01,Marques Johnson,1978,1986,9,28.58,114,1983,6.26,2.1.0,2026-09-30
mariosh01,Shawn Marion,2001,2014,14,27.81,115,2006,6.108,2.1.0,2026-09-30
hardati01,Tim Hardaway,1990,2002,11,27.69,116,1997,6.116,2.1.0,2026-09-30
hardaan01,Anfernee Hardaway,1994,2004,9,27.66,117,1996,6.65,2.1.0,2026-09-30
willide01,Deron Williams,2006,2017,12,27.61,118,2008,5.497,2.1.0,2026-09-30
siakapa01,Pascal Siakam,2018,2026,9,27.57,119,2019,5.935,2.1.0,2026-09-30
wilkeja01,Jamaal Wilkes,1975,1984,9,27.47,120,1980,5.984,2.1.0,2026-09-30
grantho01,Horace Grant,1988,2002,15,27.32,121,1992,5.527,2.1.0,2026-09-30
johnsne01,Neil Johnston,1952,1958,7,27.1,122,1956,8.866,2.1.0,2026-09-30
murraja01,Jamal Murray,2017,2026,8,27.06,123,2023,7.133,2.1.0,2026-09-30
greendr01,Draymond Green,2013,2026,11,26.66,124,2016,6.619,2.1.0,2026-09-30
randoza01,Zach Randolph,2003,2018,13,26.64,125,2013,5.438,2.1.0,2026-09-30
whitejo01,Jo Jo White,1970,1980,10,26.46,126,1976,6.572,2.1.0,2026-09-30
dumarjo01,Joe Dumars,1986,1999,14,26.39,127,1989,5.907,2.1.0,2026-09-30
edwaran01,Anthony Edwards,2021,2026,6,26.26,128,2024,7.777,2.1.0,2026-09-30
reedwi01,Willis Reed,1965,1973,8,26.18,129,1970,8.723,2.1.0,2026-09-30
schrede01,Detlef Schrempf,1986,2000,15,26.07,130,1996,4.959,2.1.0,2026-09-30
stojape01,Peja Stojaković,1999,2010,11,25.91,131,2004,5.744,2.1.0,2026-09-30
greerha01,Hal Greer,1959,1972,14,25.88,132,1967,7.284,2.1.0,2026-09-30
danieme01,Mel Daniels,1968,1975,8,25.8,133,1973,5.21,2.1.0,2026-09-30
middlkh01,Khris Middleton,2014,2026,9,25.76,134,2021,7.876,2.1.0,2026-09-30
randlju01,Julius Randle,2016,2026,10,25.75,135,2023,5.968,2.1.0,2026-09-30
lucasma01,Maurice Lucas,1975,1988,14,25.39,136,1977,8.816,2.1.0,2026-09-30
beatyze01,Zelmo Beaty,1963,1975,11,25.18,137,1971,7.953,2.1.0,2026-09-30
cunnibi01,Billy Cunningham,1966,1975,9,25.17,138,1973,5.503,2.1.0,2026-09-30
sharmbi01,Bill Sharman,1952,1961,10,25.01,139,1957,7.02,2.1.0,2026-09-30
lewisra02,Rashard Lewis,2000,2014,12,24.96,140,2009,5.932,2.1.0,2026-09-30
hornaje01,Jeff Hornacek,1987,2000,14,24.91,141,1992,4.437,2.1.0,2026-09-30
thurmna01,Nate Thurmond,1964,1976,11,24.9,142,1967,6.71,2.1.0,2026-09-30
goberru01,Rudy Gobert,2015,2026,11,24.7,143,2021,4.685,2.1.0,2026-09-30
daviswa03,Walter Davis,1978,1991,12,24.64,144,1979,5.7,2.1.0,2026-09-30
westda01,David West,2004,2018,13,24.59,145,2008,5.834,2.1.0,2026-09-30
hagancl01,Cliff Hagan,1957,1968,11,24.38,146,1959,7.039,2.1.0,2026-09-30
gasolma01,Marc Gasol,2009,2021,11,24.37,147,2015,5.444,2.1.0,2026-09-30
thompda01,David Thompson,1976,1983,7,24.34,148,1977,6.171,2.1.0,2026-09-30
smithst01,Steve Smith,1992,2004,11,24.24,149,1999,5.088,2.1.0,2026-09-30
foustla01,Larry Foust,1952,1962,11,24.18,150,1954,6.936,2.1.0,2026-09-30
kingbe01,Bernard King,1978,1991,10,24.11,151,1984,7.105,2.1.0,2026-09-30
cassesa01,Sam Cassell,1994,2007,13,24.07,152,2004,5.942,2.1.0,2026-09-30
denglu01,Luol Deng,2005,2016,11,23.92,153,2007,5.859,2.1.0,2026-09-30
walkech01,Chet Walker,1963,1975,13,23.92,154,1967,5.996,2.1.0,2026-09-30
haywosp01,Spencer Haywood,1970,1982,10,23.91,155,1970,8.724,2.1.0,2026-09-30
lovelcl01,Clyde Lovellette,1954,1963,9,23.84,156,1955,4.997,2.1.0,2026-09-30
laimbbi01,Bill Laimbeer,1981,1993,13,23.52,157,1990,4.404,2.1.0,2026-09-30
walkeke02,Kemba Walker,2012,2020,9,23.13,158,2020,6.021,2.1.0,2026-09-30
daughbr01,Brad Daugherty,1987,1993,6,23.13,159,1992,6.878,2.1.0,2026-09-30
nancela01,Larry Nance,1982,1993,12,23.08,160,1992,4.368,2.1.0,2026-09-30
horfoal01,Al Horford,2008,2025,15,23.0,161,2015,4.092,2.1.0,2026-09-30
odomla01,Lamar Odom,2000,2013,11,22.91,162,2008,4.913,2.1.0,2026-09-30
lovebo01,Bob Love,1967,1977,10,22.81,163,1975,5.609,2.1.0,2026-09-30
yardlge01,George Yardley,1954,1960,7,22.38,164,1956,5.489,2.1.0,2026-09-30
portete01,Terry Porter,1986,2002,16,22.29,165,1992,5.649,2.1.0,2026-09-30
finlemi01,Michael Finley,1996,2009,14,22.22,166,2003,4.634,2.1.0,2026-09-30
conlemi01,Mike Conley,2009,2025,14,22.2,167,2013,4.985,2.1.0,2026-09-30
kenonla01,Larry Kenon,1974,1982,9,22.19,168,1979,5.04,2.1.0,2026-09-30
lucasje01,Jerry Lucas,1964,1974,11,22.16,169,1965,4.506,2.1.0,2026-09-30
howelba01,Bailey Howell,1960,1971,12,22.07,170,1968,4.63,2.1.0,2026-09-30
brandel01,Elton Brand,2000,2014,13,22.05,171,2006,6.815,2.1.0,2026-09-30
millspa01,Paul Millsap,2007,2021,13,21.97,172,2016,4.796,2.1.0,2026-09-30
davisba01,Baron Davis,2000,2011,9,21.97,173,2004,5.148,2.1.0,2026-09-30
sprewla01,Latrell Sprewell,1993,2005,12,21.96,174,2004,4.989,2.1.0,2026-09-30
bealbr01,Bradley Beal,2014,2021,7,21.89,175,2021,4.591,2.1.0,2026-09-30
terryja01,Jason Terry,2000,2017,17,21.86,176,2006,4.926,2.1.0,2026-09-30
ricegl01,Glen Rice,1990,2003,12,21.84,177,1997,4.76,2.1.0,2026-09-30
walkean02,Antoine Walker,1997,2007,11,21.74,178,2002,6.887,2.1.0,2026-09-30
stricro02,Rod Strickland,1989,2004,13,21.7,179,1995,4.771,2.1.0,2026-09-30
youngtr01,Trae Young,2019,2025,6,21.61,180,2021,6.698,2.1.0,2026-09-30
macaued01,Ed Macauley,1952,1958,7,21.59,181,1952,6.47,2.1.0,2026-09-30
johnsjo02,Joe Johnson,2002,2017,15,21.48,182,2010,4.265,2.1.0,2026-09-30
robincl02,Clifford Robinson,1990,2006,17,21.45,183,2000,4.032,2.1.0,2026-09-30
jonesed02,Eddie Jones,1995,2007,12,21.43,184,1998,4.304,2.1.0,2026-09-30
unselwe01,Wes Unseld,1969,1981,12,21.39,185,1975,4.64,2.1.0,2026-09-30
walljo01,John Wall,2011,2017,6,21.37,186,2017,5.934,2.1.0,2026-09-30
mccolcj01,CJ McCollum,2015,2026,10,21.36,187,2019,4.342,2.1.0,2026-09-30
pricema01,Mark Price,1987,1998,9,21.1,188,1992,4.984,2.1.0,2026-09-30
scottby01,Byron Scott,1984,1997,14,21.07,189,1988,5.576,2.1.0,2026-09-30
foxde01,De'Aaron Fox,2018,2026,9,20.91,190,2026,5.176,2.1.0,2026-09-30
goodrga01,Gail Goodrich,1966,1979,13,20.85,191,1972,7.352,2.1.0,2026-09-30
sabondo01,Domantas Sabonis,2017,2025,9,20.83,192,2024,4.202,2.1.0,2026-09-30
marbust01,Stephon Marbury,1997,2007,11,20.8,193,2003,4.427,2.1.0,2026-09-30
mikkeve01,Vern Mikkelsen,1952,1959,8,20.48,194,1952,5.992,2.1.0,2026-09-30
colemde01,Derrick Coleman,1991,2003,9,20.43,195,1993,5.523,2.1.0,2026-09-30
westppa01,Paul Westphal,1973,1984,10,20.36,196,1978,5.033,2.1.0,2026-09-30
richmmi01,Mitch Richmond,1989,2002,12,20.12,197,1995,3.504,2.1.0,2026-09-30
freewo01,World B. Free,1976,1988,12,20.05,198,1979,3.762,2.1.0,2026-09-30
harrito02,Tobias Harris,2014,2026,13,19.96,199,2021,4.851,2.1.0,2026-09-30
willibu01,Buck Williams,1982,1997,16,19.93,200,1983,3.845,2.1.0,2026-09-30
blaylmo01,Mookie Blaylock,1991,2001,11,19.92,201,1997,5.0,2.1.0,2026-09-30
rondora01,Rajon Rondo,2007,2018,10,19.88,202,2010,4.567,2.1.0,2026-09-30
architi01,Tiny Archibald,1971,1983,10,19.85,203,1973,4.281,2.1.0,2026-09-30
debusda01,Dave DeBusschere,1963,1974,11,19.76,204,1973,4.363,2.1.0,2026-09-30
adebaba01,Bam Adebayo,2018,2026,8,19.51,205,2020,4.915,2.1.0,2026-09-30
onealje01,Jermaine O'Neal,1998,2010,10,19.49,206,2004,6.582,2.1.0,2026-09-30
thorpot01,Otis Thorpe,1985,1999,15,19.47,207,1994,4.338,2.1.0,2026-09-30
roundda01,Dan Roundfield,1976,1986,10,19.44,208,1982,4.186,2.1.0,2026-09-30
cheniph01,Phil Chenier,1972,1977,6,19.35,209,1975,6.319,2.1.0,2026-09-30
vucevni01,Nikola Vučević,2012,2026,13,19.24,210,2019,3.698,2.1.0,2026-09-30
nixonno01,Norm Nixon,1978,1986,9,19.23,211,1982,5.702,2.1.0,2026-09-30
mashbja01,Jamal Mashburn,1994,2003,6,19.22,212,2001,6.232,2.1.0,2026-09-30
mutomdi01,Dikembe Mutombo,1992,2007,15,19.17,213,1997,3.927,2.1.0,2026-09-30
willike02,Kevin Willis,1985,2003,17,19.11,214,1994,4.838,2.1.0,2026-09-30
smitsri01,Rik Smits,1989,2000,11,19.09,215,1995,4.731,2.1.0,2026-09-30
rosede01,Derrick Rose,2009,2020,6,19.08,216,2011,9.601,2.1.0,2026-09-30
houstal01,Allan Houston,1994,2003,10,19.05,217,1999,4.338,2.1.0,2026-09-30
couside01,DeMarcus Cousins,2011,2017,7,18.94,218,2016,4.669,2.1.0,2026-09-30
jefferi01,Richard Jefferson,2002,2017,13,18.88,219,2003,4.89,2.1.0,2026-09-30
drewjo01,John Drew,1975,1984,9,18.81,220,1979,4.38,2.1.0,2026-09-30
francst01,Steve Francis,2000,2006,6,18.77,221,2003,4.671,2.1.0,2026-09-30
elliose01,Sean Elliott,1990,1999,8,18.5,222,1996,4.27,2.1.0,2026-09-30
martike01,Kenyon Martin,2001,2010,8,18.5,223,2003,6.315,2.1.0,2026-09-30
monroea01,Earl Monroe,1968,1979,11,18.45,224,1969,3.895,2.1.0,2026-09-30
adamsal01,Alvan Adams,1976,1988,13,18.36,225,1976,4.229,2.1.0,2026-09-30
jamisan01,Antawn Jamison,1999,2013,13,18.35,226,2006,3.769,2.1.0,2026-09-30
lopezbr01,Brook Lopez,2009,2026,15,18.33,227,2013,3.993,2.1.0,2026-09-30
mullich01,Chris Mullin,1987,1999,10,18.3,228,1989,4.915,2.1.0,2026-09-30
maxwece01,Cedric Maxwell,1978,1988,10,18.28,229,1981,5.435,2.1.0,2026-09-30
iguodan01,Andre Iguodala,2005,2021,16,18.25,230,2012,3.775,2.1.0,2026-09-30
divacvl01,Vlade Divac,1990,2004,14,18.25,231,2002,3.447,2.1.0,2026-09-30
gallaha01,Harry Gallatin,1952,1958,7,18.22,232,1953,5.004,2.1.0,2026-09-30
dragigo01,Goran Dragić,2010,2023,11,18.17,233,2014,3.93,2.1.0,2026-09-30
hawkico01,Connie Hawkins,1968,1976,7,18.13,234,1968,8.153,2.1.0,2026-09-30
bellawa01,Walt Bellamy,1962,1974,13,18.09,235,1965,3.565,2.1.0,2026-09-30
johnsla02,Larry Johnson,1992,2001,9,18.05,236,1993,4.268,2.1.0,2026-09-30
princta01,Tayshaun Prince,2004,2016,12,18.03,237,2005,4.756,2.1.0,2026-09-30
robingl01,Glenn Robinson,1995,2003,8,17.92,238,2001,5.49,2.1.0,2026-09-30
smithjo03,Josh Smith,2005,2015,11,17.88,239,2012,4.607,2.1.0,2026-09-30
vandeki01,Kiki Vandeweghe,1982,1992,8,17.87,240,1983,3.985,2.1.0,2026-09-30
haywago01,Gordon Hayward,2011,2020,9,17.86,241,2017,5.833,2.1.0,2026-09-30
waltobi01,Bill Walton,1977,1986,4,17.85,242,1977,9.755,2.1.0,2026-09-30
toneyan01,Andrew Toney,1981,1985,5,17.82,243,1983,5.743,2.1.0,2026-09-30
cheekma01,Maurice Cheeks,1979,1991,13,17.77,244,1983,4.486,2.1.0,2026-09-30
robintr01,Truck Robinson,1975,1984,10,17.76,245,1981,4.491,2.1.0,2026-09-30
whitede01,Derrick White,2019,2026,7,17.58,246,2024,5.491,2.1.0,2026-09-30
silaspa01,Paul Silas,1965,1980,15,17.49,247,1976,4.385,2.1.0,2026-09-30
artesro01,Metta World Peace,2000,2013,10,17.27,248,2004,6.077,2.1.0,2026-09-30
maravpe01,Pete Maravich,1971,1977,7,17.26,249,1977,4.71,2.1.0,2026-09-30
rodmade01,Dennis Rodman,1987,1998,10,17.23,250,1996,4.755,2.1.0,2026-09-30
oaklech01,Charles Oakley,1986,2001,14,17.16,251,1994,5.001,2.1.0,2026-09-30
kerseje01,Jerome Kersey,1985,2000,15,17.13,252,1992,4.29,2.1.0,2026-09-30
hudsolo01,Lou Hudson,1967,1979,11,17.09,253,1973,3.366,2.1.0,2026-09-30
starkjo01,John Starks,1991,2002,11,17.04,254,1994,5.017,2.1.0,2026-09-30
ibakase01,Serge Ibaka,2010,2020,11,17.01,255,2014,3.473,2.1.0,2026-09-30
mcdanxa01,Xavier McDaniel,1986,1997,11,16.95,256,1987,4.702,2.1.0,2026-09-30
vanvlfr01,Fred VanVleet,2018,2025,8,16.89,257,2020,4.628,2.1.0,2026-09-30
blackro01,Rolando Blackman,1982,1993,12,16.81,258,1984,3.106,2.1.0,2026-09-30
wallabe01,Ben Wallace,1998,2012,13,16.71,259,2004,5.621,2.1.0,2026-09-30
tomjaru01,Rudy Tomjanovich,1971,1980,9,16.7,260,1977,4.957,2.1.0,2026-09-30
kukocto01,Toni Kukoč,1994,2006,10,16.6,261,1998,4.84,2.1.0,2026-09-30
ellismo01,Monta Ellis,2007,2017,10,16.59,262,2015,3.285,2.1.0,2026-09-30
bibbymi01,Mike Bibby,1999,2011,11,16.55,263,2002,4.029,2.1.0,2026-09-30
simmobe01,Ben Simmons,2018,2021,4,16.55,264,2018,5.321,2.1.0,2026-09-30
presspa01,Paul Pressey,1983,1991,8,16.47,265,1985,4.793,2.1.0,2026-09-30
stackje01,Jerry Stackhouse,1996,2008,10,16.46,266,2001,4.492,2.1.0,2026-09-30
grangda01,Danny Granger,2006,2012,7,16.41,267,2012,4.067,2.1.0,2026-09-30
mingya01,Yao Ming,2003,2009,4,16.39,268,2009,5.151,2.1.0,2026-09-30
jacksst02,Stephen Jackson,2001,2012,10,16.33,269,2010,3.655,2.1.0,2026-09-30
malonje01,Jeff Malone,1984,1994,11,16.3,270,1992,3.964,2.1.0,2026-09-30
brandte01,Terrell Brandon,1992,2001,9,16.27,271,1997,3.876,2.1.0,2026-09-30
scottch01,Charlie Scott,1971,1980,8,16.25,272,1976,4.765,2.1.0,2026-09-30
jeffeal01,Al Jefferson,2005,2017,11,16.16,273,2014,4.175,2.1.0,2026-09-30
wisewi01,Willie Wise,1970,1977,6,15.98,274,1974,4.61,2.1.0,2026-09-30
arenagi01,Gilbert Arenas,2003,2011,5,15.97,275,2006,6.076,2.1.0,2026-09-30
smithph01,Phil Smith,1975,1983,8,15.97,276,1976,6.254,2.1.0,2026-09-30
hawkihe01,Hersey Hawkins,1989,2001,13,15.96,277,1991,3.808,2.1.0,2026-09-30
nattca01,Calvin Natt,1980,1986,7,15.93,278,1985,4.736,2.1.0,2026-09-30
lewisre01,Reggie Lewis,1989,1993,5,15.89,279,1992,4.747,2.1.0,2026-09-30
lavinza01,Zach LaVine,2015,2025,8,15.87,280,2021,4.252,2.1.0,2026-09-30
pollaji01,Jim Pollard,1952,1955,4,15.86,281,1952,5.832,2.1.0,2026-09-30
johnsav01,Avery Johnson,1991,2002,11,15.85,282,1999,4.46,2.1.0,2026-09-30
howarju01,Juwan Howard,1995,2010,14,15.67,283,1996,3.58,2.1.0,2026-09-30
anderni01,Nick Anderson,1990,2000,11,15.5,284,1995,3.518,2.1.0,2026-09-30
mitchmi01,Mike Mitchell,1979,1988,9,15.48,285,1983,3.771,2.1.0,2026-09-30
knighbi01,Billy Knight,1975,1985,10,15.46,286,1976,5.635,2.1.0,2026-09-30
richaja01,Jason Richardson,2002,2012,10,15.42,287,2006,3.254,2.1.0,2026-09-30
drumman01,Andre Drummond,2013,2026,12,15.39,288,2016,3.452,2.1.0,2026-09-30
ellisda01,Dale Ellis,1984,1999,14,15.36,289,1989,4.368,2.1.0,2026-09-30
thomais02,Isaiah Thomas,2012,2017,6,15.27,290,2017,5.786,2.1.0,2026-09-30
harpero01,Ron Harper,1987,2000,11,15.19,291,1989,4.572,2.1.0,2026-09-30
bingda01,Dave Bing,1967,1978,11,15.18,292,1974,3.391,2.1.0,2026-09-30
cunnica01,Cade Cunningham,2022,2026,4,15.17,293,2026,7.728,2.1.0,2026-09-30
perkisa01,Sam Perkins,1985,2001,17,15.13,294,1991,3.471,2.1.0,2026-09-30
brownro01,Roger Brown,1968,1974,7,15.11,295,1970,6.291,2.1.0,2026-09-30
howarjo01,Josh Howard,2004,2008,5,14.97,296,2006,5.017,2.1.0,2026-09-30
jordade01,DeAndre Jordan,2010,2021,12,14.94,297,2015,3.76,2.1.0,2026-09-30
sabonar01,Arvydas Sabonis,1996,2003,7,14.92,298,1998,3.598,2.1.0,2026-09-30
millean02,Andre Miller,2000,2015,16,14.77,299,2009,2.858,2.1.0,2026-09-30
wilkele01,Lenny Wilkens,1961,1975,14,14.74,300,1968,3.207,2.1.0,2026-09-30
thompmy01,Mychal Thompson,1979,1991,12,14.7,301,1982,3.738,2.1.0,2026-09-30
gayru01,Rudy Gay,2007,2021,12,14.64,302,2012,3.671,2.1.0,2026-09-30
roseja01,Jalen Rose,1995,2006,12,14.52,303,2000,5.02,2.1.0,2026-09-30
masonan01,Anthony Mason,1992,2003,11,14.51,304,1996,3.274,2.1.0,2026-09-30
johnsed03,Eddie Johnson,1982,1998,15,14.42,305,1989,3.827,2.1.0,2026-09-30
ilgauzy01,Zydrunas Ilgauskas,1998,2011,11,14.32,306,2007,3.066,2.1.0,2026-09-30
leeda02,David Lee,2006,2017,10,14.31,307,2013,3.432,2.1.0,2026-09-30
wiggian01,Andrew Wiggins,2015,2026,11,14.2,308,2022,4.799,2.1.0,2026-09-30
stoudda01,Damon Stoudamire,1996,2008,12,14.17,309,1999,3.175,2.1.0,2026-09-30
turkohe01,Hedo Türkoğlu,2001,2015,13,14.12,310,2009,4.909,2.1.0,2026-09-30
piercri01,Ricky Pierce,1984,1997,10,14.1,311,1992,3.479,2.1.0,2026-09-30
bledser01,Eric Bledsoe,2011,2021,8,14.0,312,2019,4.056,2.1.0,2026-09-30
theusre01,Reggie Theus,1979,1991,13,13.9,313,1981,3.435,2.1.0,2026-09-30
johnsmi01,Mickey Johnson,1976,1986,11,13.85,314,1977,4.205,2.1.0,2026-09-30
boonero01,Ron Boone,1969,1980,12,13.85,315,1975,3.562,2.1.0,2026-09-30
maxeyty01,Tyrese Maxey,2021,2026,5,13.82,316,2024,5.138,2.1.0,2026-09-30
murphca01,Calvin Murphy,1971,1983,13,13.82,317,1977,3.202,2.1.0,2026-09-30
moblecu01,Cuttino Mobley,1999,2008,10,13.8,318,2001,3.26,2.1.0,2026-09-30
vanexni01,Nick Van Exel,1994,2006,11,13.67,319,1997,2.872,2.1.0,2026-09-30
majerda01,Dan Majerle,1990,2002,11,13.62,320,1993,3.682,2.1.0,2026-09-30
ingrabr01,Brandon Ingram,2017,2026,6,13.61,321,2021,3.611,2.1.0,2026-09-30
valanjo01,Jonas Valančiūnas,2013,2026,13,13.59,322,2018,2.647,2.1.0,2026-09-30
ramsefr01,Frank Ramsey,1955,1964,8,13.57,323,1959,4.43,2.1.0,2026-09-30
tripuke01,Kelly Tripucka,1982,1991,8,13.5,324,1983,3.714,2.1.0,2026-09-30
aingeda01,Danny Ainge,1983,1995,13,13.41,325,1986,3.757,2.1.0,2026-09-30
barrerj01,RJ Barrett,2020,2025,6,13.35,326,2023,3.35,2.1.0,2026-09-30
risenar01,Arnie Risen,1952,1958,6,13.32,327,1952,5.42,2.1.0,2026-09-30
capelca01,Clint Capela,2016,2026,9,13.29,328,2018,4.176,2.1.0,2026-09-30
gordobe01,Ben Gordon,2005,2013,9,13.26,329,2007,5.435,2.1.0,2026-09-30
mannida01,Danny Manning,1990,2001,10,13.25,330,1994,3.631,2.1.0,2026-09-30
mullije01,Jeff Mullins,1967,1975,9,13.25,331,1968,2.603,2.1.0,2026-09-30
roybr01,Brandon Roy,2008,2010,3,13.21,332,2009,5.921,2.1.0,2026-09-30
mcmilji01,Jim McMillian,1971,1978,8,13.19,333,1972,5.662,2.1.0,2026-09-30
willija06,Jalen Williams,2023,2025,3,13.1,334,2025,7.935,2.1.0,2026-09-30
vanhoke01,Keith Van Horn,1998,2005,7,13.06,335,1999,2.938,2.1.0,2026-09-30
sengual01,Alperen Şengün,2022,2026,5,13.04,336,2026,5.261,2.1.0,2026-09-30
butleca01,Caron Butler,2003,2015,11,13.01,337,2008,3.595,2.1.0,2026-09-30
bogdabo02,Bojan Bogdanović,2015,2023,9,12.99,338,2021,3.586,2.1.0,2026-09-30
willilo02,Lou Williams,2007,2021,14,12.92,339,2020,3.436,2.1.0,2026-09-30
mobleev01,Evan Mobley,2022,2026,4,12.9,340,2025,4.349,2.1.0,2026-09-30
jonesbo01,Bobby Jones,1975,1986,12,12.86,341,1977,2.554,2.1.0,2026-09-30
cartwbi01,Bill Cartwright,1980,1993,12,12.82,342,1984,3.774,2.1.0,2026-09-30
anderke01,Kenny Anderson,1992,2003,9,12.75,343,1997,3.602,2.1.0,2026-09-30
johnsgu01,Gus Johnson,1964,1971,6,12.68,344,1971,3.581,2.1.0,2026-09-30
smithjr01,J.R. Smith,2005,2018,11,12.67,345,2013,3.675,2.1.0,2026-09-30
leverfa01,Fat Lever,1983,1994,9,12.54,346,1988,3.568,2.1.0,2026-09-30
collido01,Doug Collins,1975,1978,4,12.44,347,1978,4.398,2.1.0,2026-09-30
bridgbi01,Bill Bridges,1964,1974,11,12.43,348,1967,2.831,2.1.0,2026-09-30
birdsot01,Otis Birdsong,1978,1988,8,12.43,349,1980,3.382,2.1.0,2026-09-30
abdursh01,Shareef Abdur-Rahim,1997,2007,10,12.4,350,2003,2.67,2.1.0,2026-09-30
willira01,Ray Williams,1978,1984,7,12.32,351,1982,2.919,2.1.0,2026-09-30
dawkida01,Darryl Dawkins,1977,1984,7,12.3,352,1980,3.968,2.1.0,2026-09-30
harpede01,Derek Harper,1984,1999,16,12.3,353,1988,3.159,2.1.0,2026-09-30
bridgmi01,Mikal Bridges,2019,2026,8,12.29,354,2026,3.292,2.1.0,2026-09-30
bakervi01,Vin Baker,1994,2001,7,12.24,355,1998,3.822,2.1.0,2026-09-30
paultbi01,Billy Paultz,1971,1985,14,12.22,356,1974,4.633,2.1.0,2026-09-30
jacksma01,Mark Jackson,1988,2003,16,12.15,357,1989,2.611,2.1.0,2026-09-30
colemja01,Jack Coleman,1952,1958,7,12.12,358,1953,3.234,2.1.0,2026-09-30
jacksja02,Jaren Jackson Jr.,2019,2025,6,12.07,359,2025,3.289,2.1.0,2026-09-30
banede01,Desmond Bane,2021,2026,5,12.0,360,2023,4.196,2.1.0,2026-09-30
portemi01,Michael Porter Jr.,2020,2025,5,11.89,361,2023,3.842,2.1.0,2026-09-30
mcdyean01,Antonio McDyess,1996,2011,13,11.89,362,2001,2.774,2.1.0,2026-09-30
brownfr01,Fred Brown,1973,1984,12,11.88,363,1976,3.219,2.1.0,2026-09-30
martike02,Kevin Martin,2006,2014,6,11.86,364,2011,3.389,2.1.0,2026-09-30
riverdo01,Doc Rivers,1984,1996,10,11.8,365,1987,3.382,2.1.0,2026-09-30
crawfja01,Jamal Crawford,2001,2019,18,11.8,366,2014,2.677,2.1.0,2026-09-30
twymaja01,Jack Twyman,1956,1966,11,11.77,367,1960,2.496,2.1.0,2026-09-30
okurme01,Mehmet Okur,2003,2010,8,11.77,368,2007,3.417,2.1.0,2026-09-30
dampilo01,Louie Dampier,1968,1979,12,11.76,369,1975,4.254,2.1.0,2026-09-30
teaguje01,Jeff Teague,2010,2021,11,11.74,370,2015,3.653,2.1.0,2026-09-30
garlada01,Darius Garland,2020,2025,5,11.74,371,2022,4.11,2.1.0,2026-09-30
wedmasc01,Scott Wedman,1975,1986,11,11.72,372,1980,3.342,2.1.0,2026-09-30
braunca01,Carl Braun,1953,1960,8,11.71,373,1953,3.445,2.1.0,2026-09-30
gueriri01,Richie Guerin,1957,1967,11,11.66,374,1959,3.473,2.1.0,2026-09-30
smithra01,Randy Smith,1972,1983,12,11.64,375,1976,3.743,2.1.0,2026-09-30
wembavi01,Victor Wembanyama,2024,2026,2,11.59,376,2026,9.259,2.1.0,2026-09-30
kerrre01,Red Kerr,1955,1966,12,11.56,377,1959,3.139,2.1.0,2026-09-30
nelsoja01,Jameer Nelson,2005,2017,10,11.52,378,2010,3.965,2.1.0,2026-09-30
baileth01,Thurl Bailey,1984,1999,12,11.49,379,1988,4.116,2.1.0,2026-09-30
sloanje01,Jerry Sloan,1966,1975,9,11.46,380,1971,3.609,2.1.0,2026-09-30
wanzebo01,Bobby Wanzer,1952,1956,5,11.41,381,1952,4.066,2.1.0,2026-09-30
lawsoty01,Ty Lawson,2010,2017,8,11.37,382,2013,3.634,2.1.0,2026-09-30
wallage01,Gerald Wallace,2005,2014,9,11.27,383,2010,3.614,2.1.0,2026-09-30
scolalu01,Luis Scola,2008,2016,9,11.26,384,2011,3.114,2.1.0,2026-09-30
gordoaa01,Aaron Gordon,2016,2024,8,11.25,385,2023,3.764,2.1.0,2026-09-30
sampsra01,Ralph Sampson,1984,1989,4,11.22,386,1986,5.912,2.1.0,2026-09-30
moranja01,Ja Morant,2020,2023,3,11.2,387,2023,5.871,2.1.0,2026-09-30
willima01,Mo Williams,2005,2015,10,11.18,388,2009,5.262,2.1.0,2026-09-30
herroty01,Tyler Herro,2020,2025,5,11.18,389,2022,4.14,2.1.0,2026-09-30
noahjo01,Joakim Noah,2008,2015,7,11.18,390,2014,3.092,2.1.0,2026-09-30
wickssi01,Sidney Wicks,1972,1980,9,11.17,391,1975,3.486,2.1.0,2026-09-30
hairsha01,Happy Hairston,1965,1975,10,11.1,392,1972,3.745,2.1.0,2026-09-30
wintebr01,Brian Winters,1975,1982,8,11.07,393,1982,2.454,2.1.0,2026-09-30
carrojo01,Joe Barry Carroll,1981,1990,9,11.01,394,1983,2.396,2.1.0,2026-09-30
oladivi01,Victor Oladipo,2014,2018,5,10.97,395,2018,5.442,2.1.0,2026-09-30
persoch01,Chuck Person,1987,1999,12,10.96,396,1987,3.067,2.1.0,2026-09-30
hinriki01,Kirk Hinrich,2004,2015,11,10.96,397,2007,4.021,2.1.0,2026-09-30
gallida01,Danilo Gallinari,2010,2022,9,10.92,398,2013,3.195,2.1.0,2026-09-30
reddmi01,Michael Redd,2002,2012,7,10.89,399,2006,3.898,2.1.0,2026-09-30
johnsed02,Eddie Johnson,1978,1986,9,10.86,400,1980,3.246,2.1.0,2026-09-30
schrode01,Dennis Schröder,2015,2026,12,10.85,401,2017,3.17,2.1.0,2026-09-30
rulanje01,Jeff Ruland,1982,1984,3,10.81,402,1984,4.725,2.1.0,2026-09-30
mckeyde01,Derrick McKey,1988,2001,9,10.8,403,1995,2.638,2.1.0,2026-09-30
willizi01,Zion Williamson,2021,2026,3,10.76,404,2021,4.394,2.1.0,2026-09-30
redicjj01,JJ Redick,2009,2020,11,10.75,405,2018,3.422,2.1.0,2026-09-30
greenac01,A.C. Green,1986,2001,16,10.73,406,1989,2.165,2.1.0,2026-09-30
barneha02,Harrison Barnes,2013,2026,14,10.73,407,2015,2.562,2.1.0,2026-09-30
searske01,Kenny Sears,1956,1963,6,10.71,408,1959,3.692,2.1.0,2026-09-30
aytonde01,Deandre Ayton,2019,2026,5,10.71,409,2021,4.227,2.1.0,2026-09-30
laettch01,Christian Laettner,1993,2003,9,10.67,410,1997,4.615,2.1.0,2026-09-30
jonesji01,Jimmy Jones,1968,1976,9,10.67,411,1969,3.548,2.1.0,2026-09-30
hillge01,George Hill,2009,2020,10,10.59,412,2013,4.476,2.1.0,2026-09-30
vanlino01,Norm Van Lier,1970,1978,9,10.58,413,1975,3.894,2.1.0,2026-09-30
rideris01,Isaiah Rider,1994,2001,8,10.57,414,1999,3.392,2.1.0,2026-09-30
banchpa01,Paolo Banchero,2023,2026,3,10.52,415,2024,4.518,2.1.0,2026-09-30
simpsra01,Ralph Simpson,1971,1979,9,10.44,416,1975,2.789,2.1.0,2026-09-30
wesleda01,David Wesley,1994,2006,12,10.41,417,2001,3.332,2.1.0,2026-09-30
stokema01,Maurice Stokes,1956,1958,3,10.4,418,1958,5.1,2.1.0,2026-09-30
chandty01,Tyson Chandler,2002,2016,11,10.36,419,2008,2.704,2.1.0,2026-09-30
anunoog01,OG Anunoby,2018,2026,6,10.35,420,2026,5.174,2.1.0,2026-09-30
porzikr01,Kristaps Porziņģis,2016,2023,4,10.34,421,2020,3.762,2.1.0,2026-09-30
barnesc01,Scottie Barnes,2022,2026,5,10.34,422,2026,3.505,2.1.0,2026-09-30
shuege01,Gene Shue,1955,1963,9,10.26,423,1960,2.79,2.1.0,2026-09-30
hutchme01,Mel Hutchins,1952,1957,6,10.25,424,1954,3.754,2.1.0,2026-09-30
campbel01,Elden Campbell,1992,2004,12,10.21,425,1997,2.348,2.1.0,2026-09-30
silasja01,James Silas,1973,1982,8,10.2,426,1976,3.51,2.1.0,2026-09-30
clarkar01,Archie Clark,1967,1976,8,10.15,427,1972,3.31,2.1.0,2026-09-30
batumni01,Nicolas Batum,2009,2026,16,10.15,428,2014,2.502,2.1.0,2026-09-30
grantbr01,Brian Grant,1995,2005,10,10.09,429,1999,3.873,2.1.0,2026-09-30
jacksre01,Reggie Jackson,2013,2024,9,10.05,430,2016,2.785,2.1.0,2026-09-30
paxsoji02,Jim Paxson,1980,1990,9,10.04,431,1983,3.705,2.1.0,2026-09-30
maggeco01,Corey Maggette,2000,2011,10,10.03,432,2005,3.126,2.1.0,2026-09-30
daviebo01,Bob Davies,1952,1955,4,10.03,433,1952,3.921,2.1.0,2026-09-30
golato01,Tom Gola,1956,1966,10,9.96,434,1956,4.785,2.1.0,2026-09-30
wagnefr01,Franz Wagner,2022,2025,4,9.95,435,2025,4.476,2.1.0,2026-09-30
allenlu01,Lucius Allen,1970,1978,9,9.95,436,1974,3.064,2.1.0,2026-09-30
kirilan01,Andrei Kirilenko,2002,2013,10,9.92,437,2004,3.545,2.1.0,2026-09-30
hilarne01,Nenê,2003,2017,9,9.9,438,2009,2.58,2.1.0,2026-09-30
barnedi01,Dick Barnett,1960,1972,12,9.85,439,1970,2.905,2.1.0,2026-09-30
hughela01,Larry Hughes,1999,2008,8,9.85,440,2005,4.075,2.1.0,2026-09-30
allenja01,Jarrett Allen,2018,2025,7,9.82,441,2025,3.334,2.1.0,2026-09-30
robincl01,Cliff Robinson,1980,1988,8,9.79,442,1986,2.533,2.1.0,2026-09-30
russeca02,Campy Russell,1975,1982,7,9.71,443,1978,2.873,2.1.0,2026-09-30
murrade01,Dejounte Murray,2018,2024,6,9.68,444,2022,3.69,2.1.0,2026-09-30
parsoch01,Chandler Parsons,2012,2016,5,9.68,445,2014,3.388,2.1.0,2026-09-30
bridgju01,Junior Bridgeman,1976,1986,10,9.66,446,1984,2.6,2.1.0,2026-09-30
cliftna01,Nat Clifton,1952,1958,7,9.62,447,1953,3.705,2.1.0,2026-09-30
favorde01,Derrick Favors,2011,2021,10,9.6,448,2015,2.812,2.1.0,2026-09-30
halibty01,Tyrese Haliburton,2021,2025,4,9.56,449,2025,4.666,2.1.0,2026-09-30
grabojo01,Joe Graboski,1952,1961,10,9.54,450,1956,3.549,2.1.0,2026-09-30
powelno01,Norman Powell,2017,2026,9,9.52,451,2025,3.603,2.1.0,2026-09-30
williho01,Hot Rod Williams,1987,1998,11,9.49,452,1992,2.684,2.1.0,2026-09-30
seymopa01,Paul Seymour,1952,1958,7,9.48,453,1955,4.141,2.1.0,2026-09-30
johnsvi01,Vinnie Johnson,1981,1992,12,9.42,454,1989,2.958,2.1.0,2026-09-30
richami01,Michael Ray Richardson,1979,1985,6,9.4,455,1985,3.143,2.1.0,2026-09-30
sheltlo01,Lonnie Shelton,1977,1984,7,9.37,456,1979,3.156,2.1.0,2026-09-30
hibbero01,Roy Hibbert,2009,2016,8,9.37,457,2013,3.548,2.1.0,2026-09-30
szczewa02,Wally Szczerbiak,2000,2009,7,9.32,458,2002,3.582,2.1.0,2026-09-30
duckwke01,Kevin Duckworth,1987,1994,8,9.29,459,1991,2.471,2.1.0,2026-09-30
naullwi01,Willie Naulls,1957,1966,10,9.28,460,1959,2.456,2.1.0,2026-09-30
sandeto01,Tom Sanders,1961,1973,11,9.27,461,1965,3.086,2.1.0,2026-09-30
brogdma01,Malcolm Brogdon,2017,2023,5,9.15,462,2019,2.752,2.1.0,2026-09-30
bogutan01,Andrew Bogut,2006,2016,8,9.02,463,2010,3.589,2.1.0,2026-09-30
adamsmi01,Michael Adams,1987,1994,8,9.0,464,1991,2.475,2.1.0,2026-09-30
larusru01,Rudy LaRusso,1960,1969,9,9.0,465,1968,2.703,2.1.0,2026-09-30
lewisfr02,Freddie Lewis,1968,1976,9,8.99,466,1975,2.785,2.1.0,2026-09-30
harrial01,Al Harrington,2001,2012,11,8.99,467,2004,2.706,2.1.0,2026-09-30
russebr01,Bryon Russell,1994,2005,12,8.96,468,1999,2.692,2.1.0,2026-09-30
gortama01,Marcin Gortat,2009,2018,10,8.94,469,2012,2.493,2.1.0,2026-09-30
jennibr01,Brandon Jennings,2010,2017,6,8.9,470,2012,2.428,2.1.0,2026-09-30
shortpu01,Purvis Short,1979,1990,11,8.88,471,1986,2.34,2.1.0,2026-09-30
arizatr01,Trevor Ariza,2005,2020,11,8.85,472,2014,2.638,2.1.0,2026-09-30
griffda01,Darrell Griffith,1981,1991,9,8.79,473,1985,2.685,2.1.0,2026-09-30
seikaro01,Rony Seikaly,1989,1997,8,8.78,474,1993,2.427,2.1.0,2026-09-30
gordoer01,Eric Gordon,2009,2024,9,8.76,475,2018,3.419,2.1.0,2026-09-30
maxweve01,Vernon Maxwell,1989,1999,10,8.69,476,1994,3.579,2.1.0,2026-09-30
davisan01,Antonio Davis,1994,2005,10,8.68,477,2001,3.002,2.1.0,2026-09-30
natersw01,Swen Nater,1974,1984,9,8.64,478,1975,2.45,2.1.0,2026-09-30
martisl01,Slater Martin,1952,1960,9,8.63,479,1953,2.046,2.1.0,2026-09-30
ballagr01,Greg Ballard,1978,1987,10,8.57,480,1982,3.528,2.1.0,2026-09-30
smithke01,Kenny Smith,1988,1996,9,8.53,481,1991,2.923,2.1.0,2026-09-30
monrogr01,Greg Monroe,2011,2017,7,8.5,482,2015,2.312,2.1.0,2026-09-30
feltora01,Raymond Felton,2006,2018,12,8.49,483,2013,2.433,2.1.0,2026-09-30
petrige01,Geoff Petrie,1971,1976,6,8.45,484,1975,2.033,2.1.0,2026-09-30
edwarja01,James Edwards,1978,1992,12,8.45,485,1990,2.896,2.1.0,2026-09-30
horryro01,Robert Horry,1993,2007,14,8.43,486,1994,2.24,2.1.0,2026-09-30
millebr01,Brad Miller,1999,2011,10,8.41,487,2004,2.871,2.1.0,2026-09-30
bradlbi01,Bill Bradley,1969,1977,9,8.36,488,1973,3.053,2.1.0,2026-09-30
diawbo01,Boris Diaw,2004,2017,14,8.34,489,2006,3.135,2.1.0,2026-09-30
russeda01,D'Angelo Russell,2016,2025,7,8.25,490,2019,2.494,2.1.0,2026-09-30
clarkjo01,Jordan Clarkson,2015,2026,10,8.25,491,2021,3.355,2.1.0,2026-09-30
turnemy01,Myles Turner,2016,2026,9,8.24,492,2024,2.354,2.1.0,2026-09-30
holmgch01,Chet Holmgren,2024,2026,2,8.2,493,2026,5.023,2.1.0,2026-09-30
barnema01,Marvin Barnes,1975,1978,3,8.17,494,1975,5.407,2.1.0,2026-09-30
russeca01,Cazzie Russell,1967,1977,8,8.16,495,1974,2.451,2.1.0,2026-09-30
kuzmaky01,Kyle Kuzma,2018,2026,9,8.15,496,2023,2.263,2.1.0,2026-09-30
marinja01,Jack Marin,1967,1976,10,8.15,497,1971,3.023,2.1.0,2026-09-30
gilliar01,Armen Gilliam,1989,1998,10,8.06,498,1996,2.364,2.1.0,2026-09-30
ballla01,LaMelo Ball,2021,2026,3,8.06,499,2026,3.922,2.1.0,2026-09-30
floydsl01,Sleepy Floyd,1983,1992,10,8.05,500,1987,2.319,2.1.0,2026-09-30
reidro01,Robert Reid,1978,1990,12,8.03,501,1981,2.908,2.1.0,2026-09-30
hartjo01,Josh Hart,2018,2026,7,8.0,502,2026,3.797,2.1.0,2026-09-30
armstda01,Darrell Armstrong,1997,2007,10,8.0,503,1999,2.863,2.1.0,2026-09-30
davisda01,Dale Davis,1992,2005,14,7.97,504,1994,2.244,2.1.0,2026-09-30
roziete01,Terry Rozier,2017,2025,9,7.96,505,2018,2.616,2.1.0,2026-09-30
rubiori01,Ricky Rubio,2014,2021,7,7.95,506,2018,2.199,2.1.0,2026-09-30
willijo01,John Williamson,1974,1980,7,7.94,507,1976,2.119,2.1.0,2026-09-30
felixra01,Ray Felix,1954,1962,8,7.94,508,1955,3.349,2.1.0,2026-09-30
choneji01,Jim Chones,1973,1982,10,7.92,509,1976,2.526,2.1.0,2026-09-30
vanardi01,Dick Van Arsdale,1966,1977,12,7.91,510,1971,2.538,2.1.0,2026-09-30
brownpj01,P.J. Brown,1994,2007,14,7.91,511,1999,1.63,2.1.0,2026-09-30
smartma01,Marcus Smart,2015,2026,8,7.82,512,2022,3.655,2.1.0,2026-09-30
kittlke01,Kerry Kittles,1997,2004,7,7.81,513,2002,1.841,2.1.0,2026-09-30
smithch01,Charles Smith,1989,1996,6,7.67,514,1991,2.766,2.1.0,2026-09-30
mccraro01,Rodney McCray,1984,1993,10,7.64,515,1987,2.598,2.1.0,2026-09-30
johnsjo01,John Johnson,1971,1981,11,7.58,516,1979,2.776,2.1.0,2026-09-30
guglito01,Tom Gugliotta,1993,1999,6,7.57,517,1999,2.652,2.1.0,2026-09-30
markkla01,Lauri Markkanen,2018,2023,5,7.55,518,2023,3.746,2.1.0,2026-09-30
alstora01,Rafer Alston,2004,2009,6,7.51,519,2007,2.394,2.1.0,2026-09-30
kanteen01,Enes Freedom,2012,2021,10,7.46,520,2015,1.813,2.1.0,2026-09-30
netolbo01,Bob Netolicky,1968,1975,8,7.45,521,1970,4.278,2.1.0,2026-09-30
harride01,Devin Harris,2005,2019,13,7.43,522,2009,2.659,2.1.0,2026-09-30
whiteha01,Hassan Whiteside,2016,2022,5,7.41,523,2017,3.666,2.1.0,2026-09-30
jacksji01,Jim Jackson,1994,2005,9,7.32,524,2004,2.428,2.1.0,2026-09-30
evansty01,Tyreke Evans,2010,2019,6,7.27,525,2015,2.726,2.1.0,2026-09-30
laceysa01,Sam Lacey,1971,1983,12,7.2,526,1975,1.903,2.1.0,2026-09-30
willihe01,Herb Williams,1982,1994,12,7.2,527,1986,2.799,2.1.0,2026-09-30
goodedr01,Drew Gooden,2003,2012,8,7.17,528,2007,2.464,2.1.0,2026-09-30
hollili01,Lionel Hollins,1976,1985,7,7.16,529,1977,3.814,2.1.0,2026-09-30
cambyma01,Marcus Camby,1997,2012,13,7.1,530,2001,2.081,2.1.0,2026-09-30
gillke01,Kendall Gill,1991,2003,11,7.08,531,1997,2.601,2.1.0,2026-09-30
cebalce01,Cedric Ceballos,1991,2000,6,7.04,532,1996,3.718,2.1.0,2026-09-30
newlimi01,Mike Newlin,1972,1982,10,7.03,533,1980,2.023,2.1.0,2026-09-30
gminsmi01,Mike Gminski,1982,1991,10,7.0,534,1986,1.645,2.1.0,2026-09-30
chrisdo01,Doug Christie,1994,2004,9,6.97,535,2002,2.403,2.1.0,2026-09-30
roberal01,Alvin Robertson,1985,1996,10,6.94,536,1991,1.54,2.1.0,2026-09-30
brookdi01,Dillon Brooks,2018,2025,6,6.87,537,2021,1.714,2.1.0,2026-09-30
bynuman01,Andrew Bynum,2007,2012,3,6.84,538,2012,5.052,2.1.0,2026-09-30
hillty01,Tyrone Hill,1991,2001,8,6.83,539,1997,2.427,2.1.0,2026-09-30
dinwisp01,Spencer Dinwiddie,2017,2025,8,6.8,540,2020,2.993,2.1.0,2026-09-30
poolejo01,Jordan Poole,2020,2025,6,6.77,541,2022,5.249,2.1.0,2026-09-30
bartowi01,Will Barton,2013,2022,8,6.76,542,2018,1.704,2.1.0,2026-09-30
porteke01,Kevin Porter,1973,1981,8,6.75,543,1975,3.362,2.1.0,2026-09-30
foxri01,Rick Fox,1992,2003,11,6.7,544,1998,2.08,2.1.0,2026-09-30
vinceja01,Jay Vincent,1982,1988,6,6.69,545,1985,2.424,2.1.0,2026-09-30
bridgmi02,Miles Bridges,2019,2026,7,6.69,546,2026,2.537,2.1.0,2026-09-30
thompam01,Amen Thompson,2024,2026,3,6.68,547,2026,3.988,2.1.0,2026-09-30
marshdo01,Donyell Marshall,1995,2007,13,6.67,548,2002,2.201,2.1.0,2026-09-30
embrywa01,Wayne Embry,1959,1969,11,6.66,549,1963,2.406,2.1.0,2026-09-30
youngth01,Thaddeus Young,2008,2021,14,6.63,550,2012,1.456,2.1.0,2026-09-30
murphtr01,Troy Murphy,2002,2012,9,6.61,551,2009,2.101,2.1.0,2026-09-30
coopemi01,Michael Cooper,1980,1990,11,6.59,552,1987,2.029,2.1.0,2026-09-30
anderry01,Ryan Anderson,2009,2018,9,6.58,553,2012,2.502,2.1.0,2026-09-30
castlst01,Stephon Castle,2025,2026,2,6.53,554,2026,5.744,2.1.0,2026-09-30
calvima01,Mack Calvin,1970,1978,8,6.48,555,1975,2.446,2.1.0,2026-09-30
matthwe02,Wesley Matthews,2010,2021,12,6.48,556,2015,2.821,2.1.0,2026-09-30
wellsbo01,Bonzi Wells,2000,2008,7,6.44,557,2003,2.804,2.1.0,2026-09-30
greenda01,Dave Greenwood,1980,1991,10,6.43,558,1981,2.614,2.1.0,2026-09-30
dunlemi02,Mike Dunleavy,2003,2015,12,6.42,559,2008,2.078,2.1.0,2026-09-30
harremo01,Montrezl Harrell,2017,2022,6,6.33,560,2020,3.064,2.1.0,2026-09-30
adamsst01,Steven Adams,2014,2025,10,6.32,561,2018,1.821,2.1.0,2026-09-30
williwa02,Walt Williams,1993,2003,9,6.25,562,1995,2.33,2.1.0,2026-09-30
snower01,Eric Snow,1997,2007,10,6.21,563,2003,1.974,2.1.0,2026-09-30
millemi01,Mike Miller,2001,2014,11,6.18,564,2006,1.4,2.1.0,2026-09-30
nelsodo01,Don Nelson,1963,1976,13,6.17,565,1975,2.342,2.1.0,2026-09-30
tisdawa01,Wayman Tisdale,1986,1996,10,6.1,566,1988,1.346,2.1.0,2026-09-30
boozebo01,Bob Boozer,1961,1971,11,6.09,567,1969,1.789,2.1.0,2026-09-30
zubaciv01,Ivica Zubac,2019,2025,7,6.04,568,2025,3.531,2.1.0,2026-09-30
durenja01,Jalen Duren,2023,2026,4,6.04,569,2026,4.403,2.1.0,2026-09-30
jonesla01,Larry Jones,1968,1974,7,6.04,570,1970,4.188,2.1.0,2026-09-30
woolror01,Orlando Woolridge,1982,1994,10,6.02,571,1985,2.607,2.1.0,2026-09-30
morrima03,Marcus Morris,2013,2023,9,5.94,572,2019,1.494,2.1.0,2026-09-30
wilkige01,Gerald Wilkins,1986,1998,11,5.86,573,1988,1.371,2.1.0,2026-09-30
owensbi01,Billy Owens,1992,2000,7,5.86,574,1994,2.021,2.1.0,2026-09-30
avdijde01,Deni Avdija,2021,2026,6,5.8,575,2026,4.577,2.1.0,2026-09-30
mcglojo01,Jon McGlocklin,1966,1975,10,5.75,576,1971,3.602,2.1.0,2026-09-30
snydedi01,Dick Snyder,1968,1978,11,5.74,577,1971,1.52,2.1.0,2026-09-30
armstbj01,B.J. Armstrong,1990,1998,8,5.72,578,1994,2.165,2.1.0,2026-09-30
davisjo01,Johnny Davis,1977,1986,9,5.71,579,1979,1.813,2.1.0,2026-09-30
kamanch01,Chris Kaman,2004,2015,8,5.69,580,2006,1.968,2.1.0,2026-09-30
greveke01,Kevin Grevey,1977,1985,8,5.65,581,1978,2.846,2.1.0,2026-09-30
collijo01,John Collins,2018,2026,6,5.64,582,2021,2.783,2.1.0,2026-09-30
lucasjo01,John Lucas,1977,1989,10,5.61,583,1979,2.279,2.1.0,2026-09-30
rulebo01,Bob Rule,1968,1972,4,5.57,584,1970,2.691,2.1.0,2026-09-30
portibo01,Bobby Portis,2016,2026,9,5.52,585,2022,2.13,2.1.0,2026-09-30
battish01,Shane Battier,2002,2014,13,5.5,586,2007,1.736,2.1.0,2026-09-30
greenda02,Danny Green,2012,2022,11,5.43,587,2013,1.748,2.1.0,2026-09-30
hinsoro01,Roy Hinson,1984,1989,6,5.42,588,1986,2.023,2.1.0,2026-09-30
harprma01,Matt Harpring,1999,2009,8,5.38,589,2003,2.732,2.1.0,2026-09-30
vanarto01,Tom Van Arsdale,1966,1977,12,5.37,590,1971,1.189,2.1.0,2026-09-30
fishede01,Derek Fisher,1997,2014,16,5.37,591,2002,1.744,2.1.0,2026-09-30
owensto01,Tom Owens,1972,1982,10,5.35,592,1979,2.961,2.1.0,2026-09-30
greenja05,Jalen Green,2022,2025,4,5.26,593,2025,3.163,2.1.0,2026-09-30
kellocl01,Clark Kellogg,1983,1985,3,5.21,594,1983,1.835,2.1.0,2026-09-30
moorejo01,Johnny Moore,1981,1985,5,5.17,595,1983,4.034,2.1.0,2026-09-30
millsch01,Chris Mills,1994,2002,7,5.11,596,1997,2.124,2.1.0,2026-09-30
caldwke01,Kentavious Caldwell-Pope,2014,2025,12,5.06,597,2016,1.329,2.1.0,2026-09-30
barrybr01,Brent Barry,1996,2007,12,5.0,598,2002,2.112,2.1.0,2026-09-30
jonesca01,Caldwell Jones,1974,1990,16,5.0,599,1980,1.39,2.1.0,2026-09-30
caldwjo01,Joe Caldwell,1965,1974,10,4.95,600,1970,2.97,2.1.0,2026-09-30
farieke01,Kenneth Faried,2013,2017,5,4.94,601,2013,1.632,2.1.0,2026-09-30
inglejo01,Joe Ingles,2015,2024,8,4.94,602,2018,2.366,2.1.0,2026-09-30
cartefr01,Fred Carter,1970,1977,8,4.93,603,1976,2.444,2.1.0,2026-09-30
dischte01,Terry Dischinger,1963,1973,9,4.9,604,1963,2.284,2.1.0,2026-09-30
rogerro01,Rodney Rogers,1994,2005,12,4.89,605,2000,2.211,2.1.0,2026-09-30
okafoem01,Emeka Okafor,2005,2013,7,4.8,606,2007,1.301,2.1.0,2026-09-30
longgr01,Grant Long,1989,2002,12,4.79,607,1999,1.621,2.1.0,2026-09-30
bantomi01,Mike Bantom,1974,1982,9,4.76,608,1978,1.192,2.1.0,2026-09-30
raycl01,Clifford Ray,1972,1981,10,4.75,609,1975,1.895,2.1.0,2026-09-30
flemive01,Vern Fleming,1985,1996,10,4.74,610,1988,1.544,2.1.0,2026-09-30
stuckro01,Rodney Stuckey,2009,2016,8,4.73,611,2015,1.341,2.1.0,2026-09-30
hasleud01,Udonis Haslem,2004,2015,9,4.71,612,2005,2.696,2.1.0,2026-09-30
nurkiju01,Jusuf Nurkić,2015,2024,5,4.69,613,2019,3.107,2.1.0,2026-09-30
soberri01,Ricky Sobers,1976,1986,10,4.67,614,1978,1.558,2.1.0,2026-09-30
reaveau01,Austin Reaves,2022,2025,4,4.61,615,2025,2.805,2.1.0,2026-09-30
knighbr03,Brandon Knight,2012,2015,4,4.59,616,2015,2.501,2.1.0,2026-09-30
walkne01,Neal Walk,1970,1976,7,4.57,617,1973,2.361,2.1.0,2026-09-30
anderde01,Derek Anderson,1998,2003,6,4.55,618,2001,2.644,2.1.0,2026-09-30
whiteco01,Coby White,2020,2025,6,4.53,619,2025,2.212,2.1.0,2026-09-30
crowdja01,Jae Crowder,2013,2022,10,4.51,620,2016,1.474,2.1.0,2026-09-30
stipast01,Steve Stipanovich,1984,1988,5,4.48,621,1988,1.591,2.1.0,2026-09-30
anderwi01,Willie Anderson,1989,1996,5,4.44,622,1990,2.8,2.1.0,2026-09-30
perrycu01,Curtis Perry,1972,1976,5,4.41,623,1976,2.032,2.1.0,2026-09-30
hieldbu01,Buddy Hield,2017,2025,9,4.4,624,2019,2.054,2.1.0,2026-09-30
richaqu01,Quentin Richardson,2001,2012,9,4.32,625,2005,2.452,2.1.0,2026-09-30
phillan01,Andy Phillip,1952,1958,7,4.3,626,1954,3.003,2.1.0,2026-09-30
freemdo01,Donnie Freeman,1968,1976,9,4.3,627,1971,1.889,2.1.0,2026-09-30
brickfr01,Frank Brickowski,1985,1996,9,4.27,628,1993,1.683,2.1.0,2026-09-30
dukeswa01,Walter Dukes,1956,1963,8,4.27,629,1960,1.432,2.1.0,2026-09-30
longjo01,John Long,1979,1989,11,4.25,630,1982,1.8,2.1.0,2026-09-30
smithjo02,Joe Smith,1996,2010,12,4.24,631,1996,1.094,2.1.0,2026-09-30
carrau01,Austin Carr,1973,1980,7,4.24,632,1973,1.578,2.1.0,2026-09-30
curryed01,Eddy Curry,2002,2008,7,4.23,633,2007,2.358,2.1.0,2026-09-30
fournev01,Evan Fournier,2014,2022,7,4.18,634,2020,1.129,2.1.0,2026-09-30
dampier01,Erick Dampier,1997,2009,11,4.17,635,2004,2.051,2.1.0,2026-09-30
bellra01,Raja Bell,2002,2011,9,4.14,636,2006,1.521,2.1.0,2026-09-30
costela01,Larry Costello,1957,1965,8,4.11,637,1959,1.746,2.1.0,2026-09-30
ohldo01,Don Ohl,1961,1970,10,4.08,638,1965,1.571,2.1.0,2026-09-30
hardati02,Tim Hardaway Jr.,2014,2026,10,4.07,639,2020,1.386,2.1.0,2026-09-30
phillbo01,Bobby Phills,1994,1999,6,4.04,640,1997,1.337,2.1.0,2026-09-30
saricda01,Dario Šarić,2017,2024,5,4.0,641,2018,3.548,2.1.0,2026-09-30
scottra01,Ray Scott,1962,1971,10,3.99,642,1968,1.406,2.1.0,2026-09-30
jonesri01,Rich Jones,1971,1976,6,3.97,643,1975,1.923,2.1.0,2026-09-30
siegfla01,Larry Siegfried,1965,1970,6,3.96,644,1969,1.826,2.1.0,2026-09-30
loughke01,Kevin Loughery,1963,1972,9,3.96,645,1969,2.84,2.1.0,2026-09-30
johnske04,Keldon Johnson,2021,2026,6,3.92,646,2022,1.612,2.1.0,2026-09-30
smithja05,Jabari Smith Jr.,2023,2026,3,3.92,647,2026,2.921,2.1.0,2026-09-30
corbity01,Tyrone Corbin,1987,1999,13,3.85,648,1991,1.909,2.1.0,2026-09-30
robisda01,Dave Robisch,1972,1983,11,3.81,649,1980,1.344,2.1.0,2026-09-30
vandeer01,Ernie Vandeweghe,1952,1953,2,3.78,650,1953,3.368,2.1.0,2026-09-30
lloydle01,Lewis Lloyd,1983,1986,4,3.78,651,1986,2.772,2.1.0,2026-09-30
augusdj01,D.J. Augustin,2009,2021,13,3.78,652,2014,1.265,2.1.0,2026-09-30
afflaar01,Arron Afflalo,2008,2017,10,3.73,653,2014,1.13,2.1.0,2026-09-30
willija02,Jason Williams,1999,2010,11,3.72,654,2006,2.386,2.1.0,2026-09-30
davisri01,Ricky Davis,1999,2008,8,3.71,655,2006,1.943,2.1.0,2026-09-30
barbole01,Leandro Barbosa,2004,2017,10,3.71,656,2007,2.76,2.1.0,2026-09-30
fryech01,Channing Frye,2006,2017,11,3.7,657,2014,1.202,2.1.0,2026-09-30
smithel01,Elmore Smith,1972,1978,7,3.68,658,1976,1.452,2.1.0,2026-09-30
ehlocr01,Craig Ehlo,1988,1997,9,3.68,659,1993,1.277,2.1.0,2026-09-30
jacksbo01,Bobby Jackson,1998,2009,9,3.67,660,2003,3.037,2.1.0,2026-09-30
haskicl01,Clem Haskins,1968,1975,8,3.65,661,1972,1.252,2.1.0,2026-09-30
taylobr01,Brian Taylor,1973,1981,6,3.63,662,1977,2.393,2.1.0,2026-09-30
greenje02,Jeff Green,2008,2024,14,3.62,663,2010,1.046,2.1.0,2026-09-30
millebr02,Brandon Miller,2024,2026,2,3.61,664,2026,4.128,2.1.0,2026-09-30
augmost01,Stacey Augmon,1992,2004,13,3.61,665,1994,2.102,2.1.0,2026-09-30
lopezro01,Robin Lopez,2009,2021,12,3.6,666,2014,1.616,2.1.0,2026-09-30
humphja01,Jay Humphries,1985,1994,10,3.59,667,1991,1.476,2.1.0,2026-09-30
petrodr01,Dražen Petrović,1990,1993,4,3.54,668,1993,3.25,2.1.0,2026-09-30
leverca01,Caris LeVert,2018,2026,6,3.5,669,2022,1.188,2.1.0,2026-09-30
willire01,Reggie Williams,1989,1995,6,3.49,670,1993,1.589,2.1.0,2026-09-30
lenarvo01,Voshon Lenard,1997,2004,6,3.48,671,1997,1.73,2.1.0,2026-09-30
scottde01,Dennis Scott,1991,2000,8,3.46,672,1996,2.53,2.1.0,2026-09-30
chandwi01,Wilson Chandler,2009,2018,7,3.46,673,2017,1.523,2.1.0,2026-09-30
thomptr01,Tristan Thompson,2012,2021,8,3.45,674,2015,1.35,2.1.0,2026-09-30
knuepko01,Kon Knueppel,2026,2026,1,3.43,675,2026,3.43,2.1.0,2026-09-30
morrima02,Markieff Morris,2012,2021,10,3.43,676,2014,1.451,2.1.0,2026-09-30
westde01,Delonte West,2006,2010,5,3.42,677,2009,3.224,2.1.0,2026-09-30
beaslmi01,Michael Beasley,2009,2018,6,3.39,678,2010,1.253,2.1.0,2026-09-30
mayooj01,O.J. Mayo,2009,2015,6,3.38,679,2009,1.248,2.1.0,2026-09-30
mahorri01,Rick Mahorn,1982,1998,13,3.38,680,1982,1.216,2.1.0,2026-09-30
willimi02,Micheal Williams,1991,1994,4,3.34,681,1992,1.757,2.1.0,2026-09-30
willico02,Corliss Williamson,1997,2007,10,3.33,682,1998,1.26,2.1.0,2026-09-30
tarplro01,Roy Tarpley,1987,1988,2,3.31,683,1988,3.658,2.1.0,2026-09-30
douglsh01,Sherman Douglas,1990,2001,9,3.29,684,1991,1.507,2.1.0,2026-09-30
morrich01,Chris Morris,1989,1999,9,3.29,685,1993,1.4,2.1.0,2026-09-30
chalmma01,Mario Chalmers,2009,2018,9,3.27,686,2012,2.638,2.1.0,2026-09-30
reidna01,Naz Reid,2021,2026,6,3.24,687,2025,1.62,2.1.0,2026-09-30
giddejo01,Josh Giddey,2023,2025,3,3.23,688,2023,2.028,2.1.0,2026-09-30
normake01,Ken Norman,1988,1995,8,3.23,689,1991,1.254,2.1.0,2026-09-30
collida01,Darren Collison,2010,2019,9,3.2,690,2018,0.918,2.1.0,2026-09-30
eliema01,Mario Elie,1992,2001,9,3.2,691,1997,1.878,2.1.0,2026-09-30
kojisdo01,Don Kojis,1964,1974,10,3.19,692,1969,2.532,2.1.0,2026-09-30
walkeji01,Jimmy Walker,1968,1976,9,3.17,693,1971,0.769,2.1.0,2026-09-30
carrke01,Kenny Carr,1979,1984,6,3.14,694,1984,1.631,2.1.0,2026-09-30
skilesc01,Scott Skiles,1989,1995,7,3.11,695,1993,2.618,2.1.0,2026-09-30
daniean01,Antonio Daniels,1998,2009,12,3.11,696,2001,1.793,2.1.0,2026-09-30
kingge01,George King,1952,1958,6,3.11,697,1954,1.227,2.1.0,2026-09-30
greenri01,Rickey Green,1978,1991,11,3.1,698,1984,1.276,2.1.0,2026-09-30
fordph01,Phil Ford,1979,1984,6,3.08,699,1980,1.852,2.1.0,2026-09-30
korveky01,Kyle Korver,2004,2020,16,3.03,700,2015,1.961,2.1.0,2026-09-30
georgja01,Jack George,1954,1960,7,3.02,701,1956,3.676,2.1.0,2026-09-30
hunteli01,Lindsey Hunter,1994,2005,9,2.98,702,1997,1.516,2.1.0,2026-09-30
ilyaser01,Ersan İlyasova,2007,2020,11,2.98,703,2012,1.416,2.1.0,2026-09-30
mcguidi01,Dick McGuire,1952,1960,9,2.97,704,1952,1.561,2.1.0,2026-09-30
sextoco01,Collin Sexton,2019,2026,6,2.96,705,2021,0.944,2.1.0,2026-09-30
drewla01,Larry Drew,1981,1990,9,2.96,706,1983,3.356,2.1.0,2026-09-30
jabalwa01,Warren Jabali,1969,1975,5,2.95,707,1969,6.166,2.1.0,2026-09-30
thomaku01,Kurt Thomas,1996,2012,13,2.95,708,2005,1.053,2.1.0,2026-09-30
vassede01,Devin Vassell,2021,2026,5,2.95,709,2026,2.807,2.1.0,2026-09-30
campbto01,Tony Campbell,1986,1995,8,2.94,710,1990,2.493,2.1.0,2026-09-30
greenjo01,Johnny Green,1960,1973,14,2.94,711,1971,0.848,2.1.0,2026-09-30
divindo01,Donte DiVincenzo,2020,2026,6,2.89,712,2024,2.153,2.1.0,2026-09-30
monkma01,Malik Monk,2018,2026,8,2.84,713,2025,1.682,2.1.0,2026-09-30
stephla01,Lance Stephenson,2013,2019,6,2.82,714,2014,3.834,2.1.0,2026-09-30
fordtj01,T.J. Ford,2006,2009,3,2.78,715,2009,1.374,2.1.0,2026-09-30
osterwa01,Wally Osterkorn,1952,1954,2,2.76,716,1954,2.198,2.1.0,2026-09-30
delnevi01,Vinny Del Negro,1989,2001,10,2.75,717,1996,2.123,2.1.0,2026-09-30
mcinnje01,Jeff McInnis,1999,2005,6,2.72,718,2002,1.698,2.1.0,2026-09-30
masonde01,Desmond Mason,2001,2008,8,2.72,719,2005,1.005,2.1.0,2026-09-30
harpedy01,Dylan Harper,2026,2026,1,2.72,720,2026,2.722,2.1.0,2026-09-30
quickim01,Immanuel Quickley,2021,2026,5,2.71,721,2026,2.052,2.1.0,2026-09-30
podzibr01,Brandin Podziemski,2024,2026,3,2.71,722,2026,1.041,2.1.0,2026-09-30
rodgegu01,Guy Rodgers,1960,1970,11,2.69,723,1964,1.264,2.1.0,2026-09-30
simmoli01,Lionel Simmons,1991,1995,5,2.68,724,1991,1.515,2.1.0,2026-09-30
poseyja01,James Posey,2000,2010,10,2.65,725,2004,1.093,2.1.0,2026-09-30
longllu01,Luc Longley,1992,2000,7,2.64,726,1998,2.053,2.1.0,2026-09-30
weathcl01,Clarence Weatherspoon,1993,2003,10,2.64,727,1994,1.255,2.1.0,2026-09-30
warretj01,T.J. Warren,2017,2020,3,2.64,728,2020,2.301,2.1.0,2026-09-30
barroda01,Dana Barros,1990,2001,11,2.62,729,1995,2.69,2.1.0,2026-09-30
caldejo01,José Calderón,2006,2016,10,2.61,730,2008,0.854,2.1.0,2026-09-30
listeal01,Alton Lister,1982,1996,11,2.57,731,1986,1.266,2.1.0,2026-09-30
gibsota01,Taj Gibson,2010,2020,11,2.56,732,2014,2.079,2.1.0,2026-09-30
carrml01,M.L. Carr,1976,1984,7,2.5,733,1979,2.035,2.1.0,2026-09-30
mcdanja02,Jaden McDaniels,2021,2026,6,2.5,734,2025,1.686,2.1.0,2026-09-30
jackslu01,Luke Jackson,1965,1972,6,2.5,735,1967,2.256,2.1.0,2026-09-30
hendeto01,Tom Henderson,1975,1982,8,2.48,736,1978,1.333,2.1.0,2026-09-30
robbire01,Red Robbins,1968,1974,6,2.48,737,1971,1.879,2.1.0,2026-09-30
abdulma01,Walt Hazzard,1965,1972,8,2.47,738,1970,1.066,2.1.0,2026-09-30
meschto01,Tom Meschery,1962,1971,10,2.45,739,1964,1.741,2.1.0,2026-09-30
lafrera01,Raef LaFrentz,2000,2006,6,2.44,740,2001,0.964,2.1.0,2026-09-30
joneskc01,K.C. Jones,1960,1967,8,2.44,741,1965,1.625,2.1.0,2026-09-30
sharech01,Chuck Share,1952,1959,8,2.44,742,1956,2.271,2.1.0,2026-09-30
curryse01,Seth Curry,2017,2025,7,2.4,743,2021,2.004,2.1.0,2026-09-30
curryde01,Dell Curry,1987,2001,13,2.38,744,1994,1.043,2.1.0,2026-09-30
smithbi02,Bingo Smith,1970,1980,11,2.37,745,1976,1.032,2.1.0,2026-09-30
jackja01,Jarrett Jack,2006,2018,10,2.34,746,2013,1.941,2.1.0,2026-09-30
kingal01,Albert King,1982,1988,6,2.33,747,1983,2.496,2.1.0,2026-09-30
grossbo01,Bob Gross,1976,1982,6,2.32,748,1977,3.469,2.1.0,2026-09-30
waitedi01,Dion Waiters,2013,2016,4,2.31,749,2014,0.774,2.1.0,2026-09-30
joneswi02,Wil Jones,1970,1978,9,2.29,750,1975,2.111,2.1.0,2026-09-30
pritcpa01,Payton Pritchard,2021,2026,5,2.28,751,2026,3.374,2.1.0,2026-09-30
rowecu01,Curtis Rowe,1972,1977,6,2.27,752,1973,1.46,2.1.0,2026-09-30
abdulma02,Mahmoud Abdul-Rauf,1991,1997,6,2.25,753,1993,1.913,2.1.0,2026-09-30
kupchmi01,Mitch Kupchak,1977,1985,5,2.23,754,1978,2.682,2.1.0,2026-09-30
hollawi01,Wilbur Holland,1977,1979,3,2.22,755,1977,1.172,2.1.0,2026-09-30
brookaa01,Aaron Brooks,2009,2017,7,2.22,756,2010,1.99,2.1.0,2026-09-30
shaffle01,Lee Shaffer,1962,1963,2,2.2,757,1963,1.568,2.1.0,2026-09-30
bogdabo01,Bogdan Bogdanović,2018,2024,5,2.18,758,2020,1.22,2.1.0,2026-09-30
cleamji01,Jim Cleamons,1973,1980,8,2.17,759,1976,2.59,2.1.0,2026-09-30
knighbr01,Brevin Knight,1998,2009,7,2.17,760,1999,0.998,2.1.0,2026-09-30
robinfl01,Flynn Robinson,1967,1972,6,2.16,761,1970,2.83,2.1.0,2026-09-30
powelci01,Cincy Powell,1968,1975,8,2.16,761,1971,1.025,2.1.0,2026-09-30
riordmi01,Mike Riordan,1970,1976,7,2.16,763,1973,2.207,2.1.0,2026-09-30
thomati01,Tim Thomas,1998,2009,11,2.15,764,2001,1.014,2.1.0,2026-09-30
washipj01,P.J. Washington,2020,2024,5,2.11,765,2021,0.814,2.1.0,2026-09-30
radjadi01,Dino Radja,1994,1995,2,2.1,766,1995,1.459,2.1.0,2026-09-30
boerwto01,Tom Boerwinkle,1969,1977,7,2.1,767,1971,1.484,2.1.0,2026-09-30
covinro01,Robert Covington,2015,2022,7,2.08,768,2018,1.936,2.1.0,2026-09-30
zasloma01,Max Zaslofsky,1952,1955,3,2.08,769,1952,1.64,2.1.0,2026-09-30
huertke01,Kevin Huerter,2019,2026,8,2.04,770,2021,0.839,2.1.0,2026-09-30
smithgr01,Greg Smith,1969,1974,6,2.02,771,1971,2.908,2.1.0,2026-09-30
mckieaa01,Aaron McKie,1996,2005,9,1.99,772,2001,3.092,2.1.0,2026-09-30
bucknqu01,Quinn Buckner,1977,1985,9,1.98,773,1982,1.6,2.1.0,2026-09-30
richapo01,Pooh Richardson,1990,1998,8,1.98,774,1991,1.378,2.1.0,2026-09-30
benjabe01,Benoit Benjamin,1986,1996,11,1.98,775,1991,0.892,2.1.0,2026-09-30
surabo01,Bob Sura,1996,2005,7,1.95,776,2005,1.498,2.1.0,2026-09-30
varejan01,Anderson Varejão,2007,2014,4,1.94,777,2009,1.438,2.1.0,2026-09-30
heardga01,Gar Heard,1971,1981,10,1.93,778,1976,1.689,2.1.0,2026-09-30
aminual01,Al-Farouq Aminu,2011,2019,9,1.92,779,2016,1.365,2.1.0,2026-09-30
johnsst03,Steve Johnson,1982,1989,7,1.92,780,1987,1.952,2.1.0,2026-09-30
grantha01,Harvey Grant,1989,1999,11,1.9,781,1991,1.534,2.1.0,2026-09-30
nealll01,Lloyd Neal,1973,1978,6,1.89,782,1976,1.466,2.1.0,2026-09-30
mercero01,Ron Mercer,1998,2003,5,1.88,783,1999,1.799,2.1.0,2026-09-30
flaggco01,Cooper Flagg,2026,2026,1,1.87,784,2026,1.873,2.1.0,2026-09-30
thomake01,Kenny Thomas,2000,2007,8,1.87,785,2004,1.435,2.1.0,2026-09-30
balllo01,Lonzo Ball,2020,2021,2,1.83,786,2021,1.279,2.1.0,2026-09-30
ellisla01,LaPhonso Ellis,1993,2002,6,1.8,787,1994,2.788,2.1.0,2026-09-30
woodsmi01,Mike Woodson,1981,1990,10,1.78,788,1983,1.762,2.1.0,2026-09-30
bowenbr01,Bruce Bowen,1998,2009,11,1.78,789,2005,0.951,2.1.0,2026-09-30
oubreke01,Kelly Oubre Jr.,2016,2025,9,1.78,790,2020,0.967,2.1.0,2026-09-30
rochare01,Red Rocha,1952,1957,5,1.73,791,1952,3.647,2.1.0,2026-09-30
donalja01,James Donaldson,1981,1992,11,1.7,792,1987,1.082,2.1.0,2026-09-30
cagemi01,Michael Cage,1985,1998,14,1.69,793,1990,0.904,2.1.0,2026-09-30
sullija01,Jared Sullinger,2014,2016,3,1.69,794,2015,1.074,2.1.0,2026-09-30
johnsja05,Jalen Johnson,2023,2026,2,1.69,795,2026,4.566,2.1.0,2026-09-30
salmojo01,John Salmons,2003,2014,11,1.66,796,2011,1.023,2.1.0,2026-09-30
washike01,Kermit Washington,1979,1981,3,1.66,797,1980,1.169,2.1.0,2026-09-30
bassbr01,Brandon Bass,2008,2016,8,1.62,798,2012,2.158,2.1.0,2026-09-30
richajo01,Josh Richardson,2018,2023,6,1.61,799,2019,1.981,2.1.0,2026-09-30
woodch01,Christian Wood,2020,2023,3,1.6,800,2023,0.939,2.1.0,2026-09-30
pekovni01,Nikola Peković,2011,2013,3,1.58,801,2013,2.086,2.1.0,2026-09-30
ellisle01,Leroy Ellis,1963,1975,13,1.56,802,1971,1.408,2.1.0,2026-09-30
chapmre01,Rex Chapman,1989,1999,7,1.52,803,1998,1.36,2.1.0,2026-09-30
johnsar01,Arnie Johnson,1952,1953,2,1.51,804,1952,1.381,2.1.0,2026-09-30
bradlsh01,Shawn Bradley,1995,2005,10,1.51,805,1996,0.825,2.1.0,2026-09-30
grantje01,Jerami Grant,2015,2023,8,1.5,806,2021,1.675,2.1.0,2026-09-30
delebi01,Bison Dele,1994,1999,5,1.49,807,1998,2.243,2.1.0,2026-09-30
schaufr01,Fred Schaus,1952,1954,3,1.49,808,1952,3.123,2.1.0,2026-09-30
willisl01,Sly Williams,1981,1983,3,1.49,809,1982,0.937,2.1.0,2026-09-30
perkike01,Kendrick Perkins,2005,2015,10,1.44,810,2009,1.444,2.1.0,2026-09-30
jeromty01,Ty Jerome,2025,2025,1,1.44,811,2025,1.436,2.1.0,2026-09-30
mixst01,Steve Mix,1974,1983,9,1.43,812,1976,1.282,2.1.0,2026-09-30
chanedo01,Don Chaney,1970,1980,9,1.42,813,1974,0.803,2.1.0,2026-09-30
edgecvj01,VJ Edgecombe,2026,2026,1,1.4,814,2026,1.396,2.1.0,2026-09-30
mooreot01,Otto Moore,1969,1977,8,1.39,815,1976,0.904,2.1.0,2026-09-30
vaughlo01,Loy Vaught,1991,1999,8,1.37,816,1996,1.467,2.1.0,2026-09-30
mathube01,Bennedict Mathurin,2023,2025,3,1.36,817,2025,1.012,2.1.0,2026-09-30
murrala01,Lamond Murray,1995,2005,9,1.35,818,2002,0.98,2.1.0,2026-09-30
burleto01,Tom Burleson,1975,1978,4,1.35,819,1976,1.488,2.1.0,2026-09-30
persowe01,Wesley Person,1995,2004,9,1.33,820,1998,1.155,2.1.0,2026-09-30
polynol01,Olden Polynice,1988,2001,14,1.32,821,1997,0.493,2.1.0,2026-09-30
muresgh01,Gheorghe Mureșan,1995,1997,3,1.3,822,1996,1.908,2.1.0,2026-09-30
olberma01,Mark Olberding,1976,1987,12,1.3,823,1982,1.894,2.1.0,2026-09-30
anderro01,Ron Anderson,1986,1993,8,1.28,824,1989,1.022,2.1.0,2026-09-30
nichoja01,Jack Nichols,1953,1958,6,1.27,825,1953,2.166,2.1.0,2026-09-30
bargnan01,Andrea Bargnani,2007,2011,5,1.26,826,2010,1.202,2.1.0,2026-09-30
corzida01,Dave Corzine,1979,1989,11,1.25,827,1982,0.82,2.1.0,2026-09-30
mirotni01,Nikola Mirotić,2015,2017,3,1.24,828,2016,0.907,2.1.0,2026-09-30
millspa02,Patty Mills,2011,2022,10,1.23,829,2017,1.22,2.1.0,2026-09-30
carrida01,Darel Carrier,1968,1971,4,1.21,830,1968,1.252,2.1.0,2026-09-30
hubbaph01,Phil Hubbard,1980,1988,8,1.17,831,1985,0.835,2.1.0,2026-09-30
villach01,Charlie Villanueva,2006,2016,8,1.15,832,2009,1.502,2.1.0,2026-09-30
banksge01,Gene Banks,1982,1987,6,1.13,833,1983,3.104,2.1.0,2026-09-30
cartemi01,Michael Carter-Williams,2014,2015,2,1.12,834,2015,0.682,2.1.0,2026-09-30
olynyke01,Kelly Olynyk,2014,2024,10,1.11,835,2023,0.75,2.1.0,2026-09-30
magloja01,Jamaal Magloire,2001,2007,6,1.11,836,2004,1.89,2.1.0,2026-09-30
boguemu01,Muggsy Bogues,1988,2000,12,1.09,837,1995,0.974,2.1.0,2026-09-30
threase01,Sedale Threatt,1985,1996,12,1.09,838,1993,1.069,2.1.0,2026-09-30
cheanca01,Calbert Cheaney,1994,2004,10,1.07,839,1996,0.862,2.1.0,2026-09-30
turneev01,Evan Turner,2011,2019,9,1.06,840,2012,1.015,2.1.0,2026-09-30
hendege01,Gerald Henderson,1980,1989,10,1.06,841,1984,1.561,2.1.0,2026-09-30
smithde03,Dennis Smith Jr.,2018,2018,1,1.03,842,2018,1.029,2.1.0,2026-09-30
webbsp01,Spud Webb,1986,1996,10,1.03,843,1995,0.788,2.1.0,2026-09-30
milesda01,Darius Miles,2001,2005,5,1.02,844,2002,0.439,2.1.0,2026-09-30
gamblke01,Kevin Gamble,1990,1997,8,1.01,845,1992,1.371,2.1.0,2026-09-30
robinna01,Nate Robinson,2006,2013,7,1.0,846,2013,1.074,2.1.0,2026-09-30
motiedo01,Donatas Motiejūnas,2014,2015,2,1.0,847,2015,2.005,2.1.0,2026-09-30
joneste01,Terrence Jones,2014,2014,1,0.99,848,2014,0.986,2.1.0,2026-09-30
barnema02,Matt Barnes,2007,2017,10,0.97,849,2013,0.813,2.1.0,2026-09-30
baglema01,Marvin Bagley III,2019,2026,2,0.97,850,2019,1.159,2.1.0,2026-09-30
ridnolu01,Luke Ridnour,2004,2014,11,0.95,851,2012,0.546,2.1.0,2026-09-30
johnsca02,Cameron Johnson,2020,2024,4,0.95,852,2024,0.966,2.1.0,2026-09-30
linje01,Jeremy Lin,2013,2019,5,0.95,853,2013,1.348,2.1.0,2026-09-30
carrode01,DeMarre Carroll,2010,2019,7,0.95,854,2015,2.539,2.1.0,2026-09-30
bradlav01,Avery Bradley,2012,2022,6,0.93,855,2016,1.233,2.1.0,2026-09-30
austiis01,Isaac Austin,1997,2000,4,0.93,856,1998,1.819,2.1.0,2026-09-30
carran01,Antoine Carr,1985,1998,12,0.92,857,1991,1.166,2.1.0,2026-09-30
atkinch01,Chucky Atkins,2000,2007,8,0.92,858,2001,0.548,2.1.0,2026-09-30
suggsja01,Jalen Suggs,2024,2024,1,0.88,859,2024,0.884,2.1.0,2026-09-30
johnsty01,Tyler Johnson,2017,2018,2,0.86,860,2017,1.182,2.1.0,2026-09-30
cartewe01,Wendell Carter Jr.,2021,2026,4,0.85,861,2022,1.112,2.1.0,2026-09-30
sessira01,Ramon Sessions,2009,2016,8,0.85,862,2009,0.815,2.1.0,2026-09-30
brewero02,Ronnie Brewer,2008,2013,6,0.82,863,2010,0.559,2.1.0,2026-09-30
geigema01,Matt Geiger,1994,2000,6,0.81,864,1999,2.576,2.1.0,2026-09-30
bareajo01,J.J. Barea,2009,2018,8,0.8,865,2011,0.974,2.1.0,2026-09-30
blatcan01,Andray Blatche,2008,2014,6,0.79,866,2011,1.181,2.1.0,2026-09-30
porteot01,Otto Porter Jr.,2015,2022,5,0.79,867,2018,1.362,2.1.0,2026-09-30
thornma01,Marcus Thornton,2010,2016,6,0.75,868,2012,1.102,2.1.0,2026-09-30
hachiru01,Rui Hachimura,2021,2026,5,0.75,869,2025,0.408,2.1.0,2026-09-30
edwarbl01,Blue Edwards,1990,1998,9,0.72,870,1993,1.288,2.1.0,2026-09-30
belinma01,Marco Belinelli,2010,2020,11,0.7,871,2014,1.182,2.1.0,2026-09-30
harriga01,Gary Harris,2016,2022,4,0.68,872,2018,2.069,2.1.0,2026-09-30
okongon01,Onyeka Okongwu,2023,2026,3,0.67,873,2026,1.101,2.1.0,2026-09-30
plumlma01,Mason Plumlee,2014,2025,11,0.66,874,2016,0.635,2.1.0,2026-09-30
bowiesa01,Sam Bowie,1985,1995,6,0.65,875,1992,0.542,2.1.0,2026-09-30
jaqueja01,Jaime Jaquez Jr.,2024,2026,3,0.65,876,2026,1.831,2.1.0,2026-09-30
willima02,Marvin Williams,2006,2020,15,0.64,877,2017,0.591,2.1.0,2026-09-30
marcisa01,Šarūnas Marčiulionis,1990,1995,3,0.64,878,1992,1.825,2.1.0,2026-09-30
ellispe01,Pervis Ellison,1991,1996,3,0.63,879,1992,2.017,2.1.0,2026-09-30
larsspe01,Pelle Larsson,2026,2026,1,0.63,880,2026,0.632,2.1.0,2026-09-30
brookmi01,Michael Brooks,1981,1983,3,0.63,881,1981,0.647,2.1.0,2026-09-30
strusma01,Max Strus,2022,2024,3,0.62,882,2024,0.573,2.1.0,2026-09-30
brownde01,Dee Brown,1991,1999,7,0.62,883,1995,0.68,2.1.0,2026-09-30
sheppre01,Reed Sheppard,2026,2026,1,0.59,884,2026,0.591,2.1.0,2026-09-30
willima07,Mark Williams,2026,2026,1,0.57,885,2026,0.575,2.1.0,2026-09-30
washiji01,Jim Washington,1966,1975,10,0.57,886,1969,0.548,2.1.0,2026-09-30
simmoco01,Connie Simmons,1952,1956,4,0.55,887,1953,1.779,2.1.0,2026-09-30
thompla01,LaSalle Thompson,1983,1993,11,0.54,888,1989,0.795,2.1.0,2026-09-30
rosema01,Malik Rose,1999,2007,8,0.53,889,2003,2.151,2.1.0,2026-09-30
countme01,Mel Counts,1966,1975,8,0.51,890,1969,0.66,2.1.0,2026-09-30
fultzma01,Markelle Fultz,2020,2023,2,0.5,891,2023,0.818,2.1.0,2026-09-30
kelleri01,Rich Kelley,1976,1985,10,0.5,892,1979,1.215,2.1.0,2026-09-30
radmavl01,Vladimir Radmanović,2002,2012,9,0.5,893,2004,0.572,2.1.0,2026-09-30
sparrro01,Rory Sparrow,1982,1991,10,0.5,894,1984,0.759,2.1.0,2026-09-30
rolliry01,Ryan Rollins,2026,2026,1,0.49,895,2026,0.49,2.1.0,2026-09-30
dortlu01,Luguentz Dort,2021,2026,5,0.48,896,2025,0.839,2.1.0,2026-09-30
pachuza01,Zaza Pachulia,2004,2019,14,0.48,897,2012,0.684,2.1.0,2026-09-30
parkeja01,Jabari Parker,2016,2019,2,0.48,898,2019,0.256,2.1.0,2026-09-30
willina01,Nate Williams,1972,1979,8,0.46,899,1974,0.525,2.1.0,2026-09-30
clingdo01,Donovan Clingan,2025,2026,2,0.44,900,2026,0.882,2.1.0,2026-09-30
bibbyhe01,Henry Bibby,1974,1981,8,0.41,901,1977,0.937,2.1.0,2026-09-30
shawbr01,Brian Shaw,1989,2003,13,0.4,902,1991,2.444,2.1.0,2026-09-30
hendesc01,Scoot Henderson,2024,2025,2,0.4,903,2025,0.503,2.1.0,2026-09-30
gilleco01,Collin Gillespie,2026,2026,1,0.38,904,2026,0.378,2.1.0,2026-09-30
nembhan01,Andrew Nembhard,2023,2025,3,0.37,905,2025,0.956,2.1.0,2026-09-30
shumajo01,John Shumate,1976,1980,4,0.36,906,1978,1.421,2.1.0,2026-09-30
murrake02,Keegan Murray,2023,2025,3,0.36,907,2024,0.834,2.1.0,2026-09-30
clarkbr01,Brandon Clarke,2020,2025,4,0.36,908,2022,0.642,2.1.0,2026-09-30
trentga02,Gary Trent Jr.,2020,2026,7,0.35,909,2022,1.248,2.1.0,2026-09-30
webstma01,Marvin Webster,1977,1984,7,0.34,910,1978,5.4,2.1.0,2026-09-30
robindu01,Duncan Robinson,2020,2026,6,0.34,911,2020,1.23,2.1.0,2026-09-30
cannola01,Larry Cannon,1971,1971,1,0.32,912,1971,0.315,2.1.0,2026-09-30
newmajo01,Johnny Newman,1987,2001,14,0.28,913,1989,1.129,2.1.0,2026-09-30
mozgoti01,Timofey Mozgov,2014,2016,3,0.27,914,2015,1.87,2.1.0,2026-09-30
patteru01,Ruben Patterson,2000,2007,8,0.24,915,2001,0.471,2.1.0,2026-09-30
harteis01,Isaiah Hartenstein,2022,2024,3,0.23,916,2024,1.463,2.1.0,2026-09-30
dickemi01,Michael Dickerson,1999,2001,3,0.22,917,2000,0.826,2.1.0,2026-09-30
splitti01,Tiago Splitter,2011,2014,4,0.21,918,2013,1.441,2.1.0,2026-09-30
jenkida01,Daniss Jenkins,2026,2026,1,0.21,919,2026,0.207,2.1.0,2026-09-30
tayloma01,Maurice Taylor,1998,2006,8,0.19,920,2001,0.86,2.1.0,2026-09-30
ottendo01,Don Otten,1952,1952,1,0.18,921,1952,0.183,2.1.0,2026-09-30
landrca01,Carl Landry,2009,2015,5,0.16,922,2010,1.444,2.1.0,2026-09-30
jonespo01,Popeye Jones,1994,2002,5,0.16,923,1995,0.775,2.1.0,2026-09-30
thompau01,Ausar Thompson,2024,2026,3,0.15,924,2026,1.297,2.1.0,2026-09-30
tysonja01,Jaylon Tyson,2026,2026,1,0.15,925,2026,0.146,2.1.0,2026-09-30
houbrbo01,Bob Houbregs,1954,1957,3,0.14,926,1956,0.75,2.1.0,2026-09-30
claxtsp01,Speedy Claxton,2002,2006,4,0.14,927,2005,0.574,2.1.0,2026-09-30
udrihbe01,Beno Udrih,2005,2015,9,0.13,928,2008,0.797,2.1.0,2026-09-30
kauffbo01,Bob Kauffman,1969,1975,7,0.13,929,1973,1.373,2.1.0,2026-09-30
dailequ01,Quintin Dailey,1983,1989,5,0.12,930,1984,0.848,2.1.0,2026-09-30
wellsja01,Jaylen Wells,2025,2026,2,0.11,931,2025,0.568,2.1.0,2026-09-30
ratkoge01,George Ratkovicz,1952,1954,3,0.11,932,1953,1.066,2.1.0,2026-09-30
hendeal01,Alan Henderson,1996,2005,7,0.1,933,1998,1.294,2.1.0,2026-09-30
huntede01,De'Andre Hunter,2020,2025,3,0.1,934,2025,1.082,2.1.0,2026-09-30
wallaca01,Cason Wallace,2024,2026,3,0.09,935,2025,0.75,2.1.0,2026-09-30
queende01,Derik Queen,2026,2026,1,0.08,936,2026,0.084,2.1.0,2026-09-30
stephja01,Jack Stephens,1956,1956,1,0.08,937,1956,0.083,2.1.0,2026-09-30
sojoumi01,Mike Sojourner,1975,1976,2,0.07,938,1975,0.507,2.1.0,2026-09-30
walkeda01,Darrell Walker,1984,1992,8,0.05,939,1990,1.146,2.1.0,2026-09-30
pippesc02,Scotty Pippen Jr.,2025,2025,1,0.04,940,2025,0.036,2.1.0,2026-09-30
murphtr02,Trey Murphy III,2022,2026,3,0.02,941,2026,1.997,2.1.0,2026-09-30
robinbi01,Bill Robinzine,1976,1981,6,0.01,942,1979,0.426,2.1.0,2026-09-30
fearsje01,Jeremiah Fears,2026,2026,1,0.0,943,2026,0.003,2.1.0,2026-09-30
dalemsa01,Samuel Dalembert,2004,2014,10,-0.02,944,2008,0.434,2.1.0,2026-09-30
willial02,Alvin Williams,1999,2003,4,-0.04,945,2002,0.757,2.1.0,2026-09-30
bensoke01,Kent Benson,1978,1987,9,-0.04,946,1982,0.63,2.1.0,2026-09-30
robinru01,Rumeal Robinson,1992,1993,2,-0.04,947,1992,0.965,2.1.0,2026-09-30
odengr01,Greg Oden,2009,2009,1,-0.05,948,2009,-0.046,2.1.0,2026-09-30
furlote01,Terry Furlow,1979,1980,2,-0.05,949,1980,0.205,2.1.0,2026-09-30
joneshe01,Herbert Jones,2022,2024,3,-0.06,950,2024,0.431,2.1.0,2026-09-30
kalkbry01,Ryan Kalkbrenner,2026,2026,1,-0.07,951,2026,-0.068,2.1.0,2026-09-30
willibr03,Brandon Williams,2026,2026,1,-0.07,952,2026,-0.069,2.1.0,2026-09-30
maystr01,Travis Mays,1991,1991,1,-0.07,953,1991,-0.074,2.1.0,2026-09-30
joyceke01,Kevin Joyce,1975,1975,1,-0.08,954,1975,-0.08,2.1.0,2026-09-30
millejo02,Jordan Miller,2026,2026,1,-0.09,955,2026,-0.09,2.1.0,2026-09-30
tuckepj01,P.J. Tucker,2013,2023,11,-0.09,956,2014,0.656,2.1.0,2026-09-30
leeco01,Courtney Lee,2009,2018,10,-0.09,957,2015,0.817,2.1.0,2026-09-30
leecl01,Clyde Lee,1967,1976,9,-0.13,958,1968,0.688,2.1.0,2026-09-30
grimequ01,Quentin Grimes,2023,2026,3,-0.14,959,2025,0.448,2.1.0,2026-09-30
cowarce01,Cedric Coward,2026,2026,1,-0.15,960,2026,-0.148,2.1.0,2026-09-30
edeyza01,Zach Edey,2025,2025,1,-0.16,961,2025,-0.16,2.1.0,2026-09-30
moedo01,Doug Moe,1968,1972,5,-0.18,962,1968,3.559,2.1.0,2026-09-30
coopewa01,Wayne Cooper,1979,1991,12,-0.19,963,1985,0.667,2.1.0,2026-09-30
sallejo01,John Salley,1987,1995,8,-0.19,964,1988,0.29,2.1.0,2026-09-30
tylerte01,Terry Tyler,1979,1989,11,-0.23,965,1985,0.107,2.1.0,2026-09-30
petermo01,Morris Peterson,2001,2008,8,-0.23,966,2006,0.498,2.1.0,2026-09-30
morrimo01,Monte Morris,2019,2023,4,-0.24,967,2023,0.501,2.1.0,2026-09-30
ratlith01,Theo Ratliff,1996,2005,7,-0.24,968,1999,1.096,2.1.0,2026-09-30
lavoybo01,Bob Lavoy,1952,1954,3,-0.26,969,1952,0.312,2.1.0,2026-09-30
jamesmi01,Mike James,2003,2009,6,-0.27,970,2006,1.272,2.1.0,2026-09-30
beardbu01,Butch Beard,1970,1978,8,-0.29,971,1975,1.882,2.1.0,2026-09-30
champju02,Julian Champagnie,2024,2026,3,-0.3,972,2026,1.993,2.1.0,2026-09-30
marshna01,Naji Marshall,2023,2026,4,-0.3,973,2025,0.567,2.1.0,2026-09-30
sochaje01,Jeremy Sochan,2024,2024,1,-0.3,974,2024,-0.299,2.1.0,2026-09-30
batesbi01,Billy Ray Bates,1981,1982,2,-0.33,975,1981,0.276,2.1.0,2026-09-30
porteke02,Kevin Porter Jr.,2020,2025,4,-0.34,976,2023,1.403,2.1.0,2026-09-30
mccloge01,George McCloud,1991,2002,9,-0.34,977,1996,1.28,2.1.0,2026-09-30
barneji02,Jim Barnett,1969,1976,8,-0.34,978,1971,0.266,2.1.0,2026-09-30
aldamsa01,Santi Aldama,2023,2025,3,-0.35,979,2025,1.049,2.1.0,2026-09-30
kesslwa01,Walker Kessler,2023,2025,3,-0.36,980,2025,0.099,2.1.0,2026-09-30
nocioan01,Andrés Nocioni,2005,2010,5,-0.36,981,2006,1.48,2.1.0,2026-09-30
finnedo01,Dorian Finney-Smith,2017,2025,8,-0.38,982,2022,1.224,2.1.0,2026-09-30
milleed01,Eddie Miller,1953,1954,2,-0.41,983,1953,-0.175,2.1.0,2026-09-30
hodgecr01,Craig Hodges,1983,1991,9,-0.42,984,1986,0.85,2.1.0,2026-09-30
morriad01,Adam Morrison,2007,2007,1,-0.42,985,2007,-0.421,2.1.0,2026-09-30
joneswa02,Wali Jones,1965,1975,7,-0.42,986,1967,2.232,2.1.0,2026-09-30
foyera01,Randy Foye,2007,2017,9,-0.42,987,2009,0.545,2.1.0,2026-09-30
spencca01,Cam Spencer,2026,2026,1,-0.43,988,2026,-0.426,2.1.0,2026-09-30
murphto01,Tod Murphy,1990,1990,1,-0.43,989,1990,-0.428,2.1.0,2026-09-30
garmadi01,Dick Garmaker,1956,1961,6,-0.43,990,1957,0.804,2.1.0,2026-09-30
johnsra01,Ralph Johnson,1952,1952,1,-0.44,991,1952,-0.436,2.1.0,2026-09-30
briskjo01,John Brisker,1970,1973,3,-0.44,992,1971,1.706,2.1.0,2026-09-30
beysa01,Saddiq Bey,2021,2026,5,-0.46,993,2026,0.958,2.1.0,2026-09-30
azubuke01,Kelenna Azubuike,2008,2009,2,-0.47,994,2009,-0.012,2.1.0,2026-09-30
ruffitr01,Trevor Ruffin,1996,1996,1,-0.47,995,1996,-0.472,2.1.0,2026-09-30
baileac01,Ace Bailey,2026,2026,1,-0.47,996,2026,-0.474,2.1.0,2026-09-30
terreir01,Ira Terrell,1977,1977,1,-0.47,997,1977,-0.475,2.1.0,2026-09-30
murdoer01,Eric Murdock,1993,1998,5,-0.47,998,1994,0.969,2.1.0,2026-09-30
flynnjo01,Jonny Flynn,2010,2010,1,-0.48,999,2010,-0.475,2.1.0,2026-09-30
easonta01,Tari Eason,2023,2026,2,-0.48,1000,2026,0.154,2.1.0,2026-09-30
nestera01,Rasho Nesterović,2000,2009,10,-0.48,1001,2004,1.655,2.1.0,2026-09-30
besttr01,Travis Best,1996,2005,10,-0.48,1002,2001,0.677,2.1.0,2026-09-30
lynchge01,George Lynch,1994,2004,8,-0.49,1003,1999,0.588,2.1.0,2026-09-30
santogu01,Gui Santos,2026,2026,1,-0.49,1004,2026,-0.494,2.1.0,2026-09-30
garbajo01,Jorge Garbajosa,2007,2007,1,-0.49,1005,2007,-0.495,2.1.0,2026-09-30
berrywa01,Walter Berry,1987,1989,3,-0.5,1006,1987,0.583,2.1.0,2026-09-30
harrijo01,Joe Harris,2018,2023,5,-0.51,1007,2021,1.171,2.1.0,2026-09-30
hawesst01,Steve Hawes,1976,1984,7,-0.52,1008,1978,0.477,2.1.0,2026-09-30
lopezra01,Raül López,2004,2004,1,-0.52,1009,2004,-0.522,2.1.0,2026-09-30
herroke01,Keith Herron,1981,1981,1,-0.52,1010,1981,-0.524,2.1.0,2026-09-30
smithis01,Ish Smith,2014,2022,6,-0.53,1011,2018,0.773,2.1.0,2026-09-30
jonestr01,Tre Jones,2022,2026,4,-0.54,1012,2026,0.642,2.1.0,2026-09-30
nailole01,Lee Nailon,2002,2005,2,-0.54,1013,2005,-0.121,2.1.0,2026-09-30
sundedo01,Don Sunderlage,1954,1954,1,-0.56,1014,1954,-0.556,2.1.0,2026-09-30
diabamo01,Moussa Diabaté,2025,2026,2,-0.56,1015,2026,0.676,2.1.0,2026-09-30
willija03,Jay Williams,2003,2003,1,-0.56,1016,2003,-0.562,2.1.0,2026-09-30
erickke01,Keith Erickson,1966,1976,9,-0.56,1017,1974,0.728,2.1.0,2026-09-30
joeis01,Isaiah Joe,2023,2026,4,-0.57,1018,2025,0.434,2.1.0,2026-09-30
simmojo02,Jonathon Simmons,2017,2018,2,-0.57,1019,2018,-0.033,2.1.0,2026-09-30
andersh01,Shandon Anderson,1997,2005,9,-0.58,1020,2000,0.865,2.1.0,2026-09-30
behagro01,Ron Behagen,1974,1978,5,-0.59,1021,1976,1.025,2.1.0,2026-09-30
houseda01,Danuel House Jr.,2020,2020,1,-0.59,1022,2020,-0.586,2.1.0,2026-09-30
allengr01,Grayson Allen,2022,2025,4,-0.59,1023,2024,0.475,2.1.0,2026-09-30
sharpsh01,Shaedon Sharpe,2023,2025,2,-0.59,1024,2025,1.044,2.1.0,2026-09-30
feickja01,Jamie Feick,2000,2000,1,-0.59,1025,2000,-0.591,2.1.0,2026-09-30
mehendi01,Dick Mehen,1952,1952,1,-0.6,1026,1952,-0.597,2.1.0,2026-09-30
williro04,Robert Williams,2021,2026,3,-0.6,1027,2022,1.788,2.1.0,2026-09-30
smithla01,Larry Smith,1981,1993,10,-0.6,1028,1981,0.256,2.1.0,2026-09-30
allento01,Tony Allen,2005,2017,8,-0.6,1029,2013,1.011,2.1.0,2026-09-30
tsakaja01,Jake Tsakalidis,2002,2002,1,-0.62,1030,2002,-0.617,2.1.0,2026-09-30
berryri01,Ricky Berry,1989,1989,1,-0.62,1031,1989,-0.619,2.1.0,2026-09-30
barnhle01,Leo Barnhorst,1952,1954,3,-0.62,1032,1953,1.256,2.1.0,2026-09-30
breweji01,Jim Brewer,1974,1982,9,-0.63,1033,1976,2.482,2.1.0,2026-09-30
macksa01,Sam Mack,1999,1999,1,-0.63,1034,1999,-0.627,2.1.0,2026-09-30
eacklle01,Ledell Eackles,1989,1992,4,-0.63,1035,1990,0.059,2.1.0,2026-09-30
mcmilna01,Nate McMillan,1987,1995,9,-0.65,1036,1990,0.363,2.1.0,2026-09-30
mitchsa01,Sam Mitchell,1990,2002,13,-0.67,1037,1991,0.35,2.1.0,2026-09-30
brownbr01,Bruce Brown,2019,2026,7,-0.69,1038,2023,1.765,2.1.0,2026-09-30
joneswa01,Wah Wah Jones,1952,1952,1,-0.69,1039,1952,-0.694,2.1.0,2026-09-30
colesbi01,Bimbo Coles,1991,2000,8,-0.7,1040,1996,0.846,2.1.0,2026-09-30
kuminjo01,Jonathan Kuminga,2022,2024,3,-0.7,1041,2024,1.877,2.1.0,2026-09-30
maysc01,Scott May,1977,1982,3,-0.71,1042,1977,1.819,2.1.0,2026-09-30
johnsam01,Amir Johnson,2008,2018,11,-0.72,1043,2014,0.4,2.1.0,2026-09-30
braddga01,Gary Bradds,1969,1970,2,-0.72,1044,1969,2.957,2.1.0,2026-09-30
hawessp01,Spencer Hawes,2008,2015,7,-0.72,1045,2014,0.86,2.1.0,2026-09-30
dawkijo01,Johnny Dawkins,1987,1994,6,-0.72,1046,1990,2.116,2.1.0,2026-09-30
gillihe01,Herm Gilliam,1971,1977,7,-0.73,1047,1974,0.555,2.1.0,2026-09-30
micicva01,Vasilije Micić,2024,2024,1,-0.73,1048,2024,-0.73,2.1.0,2026-09-30
claxtni01,Nic Claxton,2023,2026,4,-0.74,1049,2024,0.54,2.1.0,2026-09-30
schayda01,Danny Schayes,1982,1998,11,-0.74,1050,1988,1.55,2.1.0,2026-09-30
ferryda01,Danny Ferry,1991,2003,12,-0.74,1051,1997,0.811,2.1.0,2026-09-30
millste01,Terry Mills,1992,2000,7,-0.75,1052,1994,0.522,2.1.0,2026-09-30
iveyja01,Jaden Ivey,2023,2024,2,-0.75,1053,2023,-0.219,2.1.0,2026-09-30
harribo01,Bob Harris,1952,1954,3,-0.75,1054,1952,0.412,2.1.0,2026-09-30
anderju01,Justin Anderson,2017,2017,1,-0.76,1055,2017,-0.755,2.1.0,2026-09-30
lambje01,Jeremy Lamb,2014,2019,5,-0.76,1056,2019,1.051,2.1.0,2026-09-30
bolbo01,Bol Bol,2023,2023,1,-0.76,1057,2023,-0.759,2.1.0,2026-09-30
buzelma01,Matas Buzelis,2025,2026,2,-0.76,1058,2026,0.448,2.1.0,2026-09-30
lloydea01,Earl Lloyd,1953,1960,8,-0.76,1058,1955,2.381,2.1.0,2026-09-30
paytoel01,Elfrid Payton,2015,2021,5,-0.77,1060,2016,0.436,2.1.0,2026-09-30
simmobo01,Bobby Simmons,2005,2009,4,-0.78,1061,2005,2.026,2.1.0,2026-09-30
breweco01,Corey Brewer,2008,2018,10,-0.78,1062,2014,0.78,2.1.0,2026-09-30
raynama01,Maxime Raynaud,2026,2026,1,-0.78,1063,2026,-0.782,2.1.0,2026-09-30
georgke01,Keyonte George,2024,2025,2,-0.79,1064,2025,-0.07,2.1.0,2026-09-30
dayto01,Todd Day,1993,2000,6,-0.8,1065,1995,0.653,2.1.0,2026-09-30
birchkh01,Khem Birch,2021,2021,1,-0.81,1066,2021,-0.807,2.1.0,2026-09-30
spanaji01,Jim Spanarkel,1981,1982,2,-0.81,1067,1981,-0.237,2.1.0,2026-09-30
miasest01,Stan Miasek,1952,1953,2,-0.82,1068,1952,-0.045,2.1.0,2026-09-30
thomaca02,Cam Thomas,2022,2024,2,-0.82,1069,2024,1.809,2.1.0,2026-09-30
anderjj01,J.J. Anderson,1983,1983,1,-0.84,1070,1983,-0.835,2.1.0,2026-09-30
wattssl01,Slick Watts,1974,1979,6,-0.84,1071,1977,1.111,2.1.0,2026-09-30
parkeso01,Sonny Parker,1977,1982,6,-0.84,1072,1979,2.02,2.1.0,2026-09-30
milescj01,C.J. Miles,2008,2018,10,-0.85,1073,2015,0.671,2.1.0,2026-09-30
johnske07,Keon Johnson,2025,2025,1,-0.85,1074,2025,-0.847,2.1.0,2026-09-30
thomppa01,Paul Thompson,1984,1984,1,-0.85,1075,1984,-0.852,2.1.0,2026-09-30
knighto01,Toby Knight,1978,1980,3,-0.85,1076,1980,1.474,2.1.0,2026-09-30
sobiero01,Ron Sobie,1957,1958,2,-0.86,1077,1958,0.056,2.1.0,2026-09-30
grahade01,Devonte' Graham,2020,2023,4,-0.87,1078,2020,1.091,2.1.0,2026-09-30
nwabada01,David Nwaba,2018,2018,1,-0.88,1079,2018,-0.876,2.1.0,2026-09-30
dienetr01,Travis Diener,2008,2008,1,-0.88,1079,2008,-0.876,2.1.0,2026-09-30
spencpa01,Pat Spencer,2026,2026,1,-0.89,1081,2026,-0.892,2.1.0,2026-09-30
jamessi01,Sion James,2026,2026,1,-0.89,1082,2026,-0.892,2.1.0,2026-09-30
sarral01,Alex Sarr,2025,2025,1,-0.89,1083,2025,-0.893,2.1.0,2026-09-30
kilpase01,Sean Kilpatrick,2017,2017,1,-0.91,1084,2017,-0.909,2.1.0,2026-09-30
kunneke01,Kevin Kunnert,1974,1979,6,-0.92,1085,1976,0.878,2.1.0,2026-09-30
heymaar01,Art Heyman,1964,1969,3,-0.92,1086,1968,1.213,2.1.0,2026-09-30
trieral01,Allonzo Trier,2019,2019,1,-0.92,1087,2019,-0.922,2.1.0,2026-09-30
diallha01,Hamidou Diallo,2021,2022,2,-0.92,1088,2021,-0.012,2.1.0,2026-09-30
borylvi01,Vince Boryla,1953,1954,2,-0.93,1089,1953,1.04,2.1.0,2026-09-30
kudelfr01,Frank Kudelka,1952,1952,1,-0.94,1090,1952,-0.938,2.1.0,2026-09-30
gilesha01,Harry Giles,2019,2019,1,-0.94,1091,2019,-0.941,2.1.0,2026-09-30
childch01,Chris Childs,1996,2002,7,-0.94,1092,1996,1.052,2.1.0,2026-09-30
gatlich01,Chris Gatling,1993,2001,7,-0.95,1093,2000,0.684,2.1.0,2026-09-30
okafoja01,Jahlil Okafor,2019,2019,1,-0.95,1094,2019,-0.947,2.1.0,2026-09-30
tabakza01,Žan Tabak,1996,1996,1,-0.96,1095,1996,-0.955,2.1.0,2026-09-30
hamiljo02,Jordan Hamilton,2014,2014,1,-0.96,1096,2014,-0.955,2.1.0,2026-09-30
navarju01,Juan Carlos Navarro,2008,2008,1,-0.96,1097,2008,-0.958,2.1.0,2026-09-30
postqu01,Quinten Post,2026,2026,1,-0.96,1098,2026,-0.963,2.1.0,2026-09-30
harpemi01,Mike Harper,1982,1982,1,-0.97,1099,1982,-0.965,2.1.0,2026-09-30
sprigla01,Larry Spriggs,1985,1985,1,-0.97,1100,1985,-0.967,2.1.0,2026-09-30
randoan01,Anthony Randolph,2009,2009,1,-0.98,1101,2009,-0.979,2.1.0,2026-09-30
garzalu01,Luka Garza,2026,2026,1,-0.98,1102,2026,-0.981,2.1.0,2026-09-30
finnda01,Danny Finn,1954,1954,1,-0.98,1103,1954,-0.984,2.1.0,2026-09-30
kerrija01,Jack Kerris,1952,1953,2,-0.99,1104,1952,0.74,2.1.0,2026-09-30
nesmiaa01,Aaron Nesmith,2023,2024,2,-0.99,1105,2024,-0.303,2.1.0,2026-09-30
longar01,Art Long,2002,2002,1,-1.0,1106,2002,-1.0,2.1.0,2026-09-30
baglejo01,John Bagley,1983,1992,8,-1.0,1107,1986,0.409,2.1.0,2026-09-30
barketo01,Tom Barker,1977,1977,1,-1.0,1108,1977,-1.005,2.1.0,2026-09-30
beverpa01,Patrick Beverley,2016,2024,7,-1.01,1109,2017,0.617,2.1.0,2026-09-30
wareke01,Kel'el Ware,2025,2026,2,-1.02,1110,2026,0.495,2.1.0,2026-09-30
blockjo01,John Block,1969,1974,6,-1.02,1111,1969,0.325,2.1.0,2026-09-30
diallch01,Cheick Diallo,2019,2019,1,-1.04,1112,2019,-1.038,2.1.0,2026-09-30
ayongu01,Gustavo Ayón,2012,2012,1,-1.04,1113,2012,-1.04,2.1.0,2026-09-30
boykiea01,Earl Boykins,2002,2010,7,-1.05,1114,2005,0.44,2.1.0,2026-09-30
smithdr01,Dru Smith,2026,2026,1,-1.06,1115,2026,-1.06,2.1.0,2026-09-30
milesed01,Eddie Miles,1964,1971,7,-1.06,1116,1967,0.19,2.1.0,2026-09-30
rosendi01,Dick Rosenthal,1955,1955,1,-1.06,1117,1955,-1.064,2.1.0,2026-09-30
leebu01,Butch Lee,1979,1979,1,-1.06,1117,1979,-1.064,2.1.0,2026-09-30
vaughda01,David Vaughn,1975,1975,1,-1.06,1119,1975,-1.064,2.1.0,2026-09-30
wrighlo02,Lorenzen Wright,1997,2007,10,-1.08,1120,2001,0.377,2.1.0,2026-09-30
tinslja01,Jamaal Tinsley,2002,2013,4,-1.08,1121,2007,0.441,2.1.0,2026-09-30
sealyma01,Malik Sealy,1993,2000,6,-1.09,1122,2000,0.319,2.1.0,2026-09-30
brianfr01,Frankie Brian,1952,1955,4,-1.09,1123,1952,2.76,2.1.0,2026-09-30
laskojo01,John Laskowski,1976,1976,1,-1.1,1124,1976,-1.095,2.1.0,2026-09-30
eddledi01,Dike Eddleman,1952,1953,2,-1.1,1125,1952,-0.344,2.1.0,2026-09-30
canaais01,Isaiah Canaan,2016,2016,1,-1.1,1126,2016,-1.102,2.1.0,2026-09-30
paytome01,Mel Payton,1953,1953,1,-1.1,1127,1953,-1.103,2.1.0,2026-09-30
poeltja01,Jakob Poeltl,2018,2023,6,-1.1,1128,2022,1.317,2.1.0,2026-09-30
clownno01,Noah Clowney,2026,2026,1,-1.11,1129,2026,-1.107,2.1.0,2026-09-30
baechji01,Jim Baechtold,1953,1956,4,-1.11,1130,1955,2.353,2.1.0,2026-09-30
anthoco01,Cole Anthony,2022,2025,4,-1.11,1131,2023,0.462,2.1.0,2026-09-30
elyme01,Melvin Ely,2005,2005,1,-1.12,1132,2005,-1.122,2.1.0,2026-09-30
reedwi02,Willie Reed,2017,2017,1,-1.13,1133,2017,-1.125,2.1.0,2026-09-30
mackol01,Ollie Mack,1981,1981,1,-1.13,1134,1981,-1.127,2.1.0,2026-09-30
reevebr01,Bryant Reeves,1996,2001,5,-1.13,1135,1998,0.719,2.1.0,2026-09-30
nunnke01,Kendrick Nunn,2020,2023,3,-1.13,1136,2020,0.64,2.1.0,2026-09-30
hoodro01,Rodney Hood,2016,2021,5,-1.13,1137,2016,2.264,2.1.0,2026-09-30
griffaj01,AJ Griffin,2023,2023,1,-1.15,1138,2023,-1.147,2.1.0,2026-09-30
hillmda01,Darnell Hillman,1972,1979,8,-1.15,1139,1975,0.746,2.1.0,2026-09-30
meyerda01,Dave Meyers,1976,1980,3,-1.16,1140,1978,0.461,2.1.0,2026-09-30
quetane01,Neemias Queta,2025,2026,2,-1.16,1141,2026,1.293,2.1.0,2026-09-30
holmeri01,Richaun Holmes,2019,2021,2,-1.16,1142,2021,0.375,2.1.0,2026-09-30
coxjo01,Johnny Cox,1963,1963,1,-1.17,1143,1963,-1.165,2.1.0,2026-09-30
maconma01,Mark Macon,1992,1992,1,-1.17,1144,1992,-1.166,2.1.0,2026-09-30
benbole01,Leon Benbow,1976,1976,1,-1.17,1145,1976,-1.169,2.1.0,2026-09-30
lestero01,Ronnie Lester,1982,1983,2,-1.17,1146,1982,0.082,2.1.0,2026-09-30
johnstr03,Tre Johnson,2026,2026,1,-1.17,1147,2026,-1.174,2.1.0,2026-09-30
okekech01,Chuma Okeke,2022,2022,1,-1.18,1148,2022,-1.181,2.1.0,2026-09-30
nembhry01,Ryan Nembhard,2026,2026,1,-1.18,1149,2026,-1.183,2.1.0,2026-09-30
willire02,Reggie Williams,2011,2011,1,-1.19,1150,2011,-1.187,2.1.0,2026-09-30
sandeko01,Kobe Sanders,2026,2026,1,-1.19,1151,2026,-1.189,2.1.0,2026-09-30
reathdu01,Duop Reath,2024,2024,1,-1.19,1152,2024,-1.189,2.1.0,2026-09-30
winslju01,Justise Winslow,2016,2019,3,-1.19,1153,2019,1.336,2.1.0,2026-09-30
henrido01,Don Henriksen,1953,1953,1,-1.2,1154,1953,-1.199,2.1.0,2026-09-30
davisbr01,Brad Davis,1982,1991,10,-1.2,1155,1983,0.509,2.1.0,2026-09-30
camarto01,Toumani Camara,2024,2026,3,-1.2,1156,2025,0.184,2.1.0,2026-09-30
evansje01,Jeremy Evans,2014,2014,1,-1.21,1157,2014,-1.207,2.1.0,2026-09-30
washiwi01,Wilson Washington,1979,1979,1,-1.22,1158,1979,-1.215,2.1.0,2026-09-30
dudleja01,Jared Dudley,2008,2019,11,-1.22,1159,2012,0.945,2.1.0,2026-09-30
sloando01,Donald Sloan,2016,2016,1,-1.23,1160,2016,-1.231,2.1.0,2026-09-30
batismi01,Mike Batiste,2003,2003,1,-1.24,1161,2003,-1.24,2.1.0,2026-09-30
kingre01,Reggie King,1980,1985,6,-1.25,1162,1981,3.279,2.1.0,2026-09-30
lantzst01,Stu Lantz,1969,1975,5,-1.25,1163,1971,1.899,2.1.0,2026-09-30
cleavma01,Mateen Cleaves,2001,2001,1,-1.25,1164,2001,-1.255,2.1.0,2026-09-30
mellini01,Nicolò Melli,2020,2020,1,-1.26,1165,2020,-1.256,2.1.0,2026-09-30
dierkco01,Connie Dierking,1959,1970,9,-1.27,1166,1969,0.84,2.1.0,2026-09-30
juzanjo01,Johnny Juzang,2025,2025,1,-1.27,1167,2025,-1.268,2.1.0,2026-09-30
mccalra01,Ray McCallum,2015,2015,1,-1.28,1168,2015,-1.28,2.1.0,2026-09-30
wroteto01,Tony Wroten,2014,2014,1,-1.28,1169,2014,-1.281,2.1.0,2026-09-30
martity01,Tyrese Martin,2025,2025,1,-1.28,1170,2025,-1.282,2.1.0,2026-09-30
labissk01,Skal Labissière,2018,2018,1,-1.3,1171,2018,-1.296,2.1.0,2026-09-30
walkeho01,Horace Walker,1962,1962,1,-1.3,1172,1962,-1.302,2.1.0,2026-09-30
smithot01,Otis Smith,1988,1991,4,-1.31,1173,1991,0.475,2.1.0,2026-09-30
yarbrvi01,Vincent Yarbrough,2003,2003,1,-1.31,1174,2003,-1.315,2.1.0,2026-09-30
sauldwo01,Woody Sauldsberry,1958,1963,6,-1.32,1175,1959,0.67,2.1.0,2026-09-30
maledth01,Théo Maledon,2021,2021,1,-1.33,1176,2021,-1.332,2.1.0,2026-09-30
masinal01,Al Masino,1953,1953,1,-1.34,1177,1953,-1.338,2.1.0,2026-09-30
murratr01,Tracy Murray,1994,2000,6,-1.34,1178,1998,1.259,2.1.0,2026-09-30
bullore01,Reggie Bullock,2018,2023,5,-1.34,1179,2021,0.438,2.1.0,2026-09-30
robinwa01,Wayne Robinson,1981,1981,1,-1.35,1180,1981,-1.346,2.1.0,2026-09-30
cartege01,George Carter,1970,1975,6,-1.35,1181,1971,0.353,2.1.0,2026-09-30
levincl01,Cliff Levingston,1983,1992,10,-1.35,1182,1985,0.383,2.1.0,2026-09-30
davisem01,Emanual Davis,2001,2001,1,-1.36,1183,2001,-1.358,2.1.0,2026-09-30
stithbr01,Bryant Stith,1994,2001,5,-1.36,1184,1994,0.959,2.1.0,2026-09-30
halimsh01,Shaler Halimon,1971,1971,1,-1.37,1185,1971,-1.366,2.1.0,2026-09-30
macledo01,Don MacLean,1993,1994,2,-1.37,1186,1994,0.688,2.1.0,2026-09-30
hoffmpa01,Paul Hoffman,1953,1954,2,-1.37,1187,1954,-0.464,2.1.0,2026-09-30
pokusal01,Aleksej Pokusevski,2022,2022,1,-1.38,1188,2022,-1.379,2.1.0,2026-09-30
osheake01,Kevin O'Shea,1952,1952,1,-1.38,1189,1952,-1.379,2.1.0,2026-09-30
skinnal01,Al Skinner,1976,1978,3,-1.38,1190,1977,0.074,2.1.0,2026-09-30
valende01,Denzel Valentine,2018,2021,2,-1.38,1191,2018,-0.442,2.1.0,2026-09-30
wileymi01,Michael Wiley,1982,1982,1,-1.39,1192,1982,-1.394,2.1.0,2026-09-30
miltosh01,Shake Milton,2021,2023,2,-1.39,1193,2021,0.054,2.1.0,2026-09-30
zizican01,Ante Žižić,2019,2019,1,-1.4,1194,2019,-1.399,2.1.0,2026-09-30
payakjo01,Johnny Payak,1953,1953,1,-1.4,1195,1953,-1.401,2.1.0,2026-09-30
anderda03,David Andersen,2010,2010,1,-1.41,1196,2010,-1.406,2.1.0,2026-09-30
carribo01,Bob Carrington,1978,1978,1,-1.41,1197,1978,-1.41,2.1.0,2026-09-30
dilliro01,Rob Dillingham,2026,2026,1,-1.41,1198,2026,-1.411,2.1.0,2026-09-30
nealga01,Gary Neal,2011,2013,3,-1.41,1199,2012,-0.213,2.1.0,2026-09-30
harriju01,Junior Harrington,2003,2003,1,-1.42,1200,2003,-1.418,2.1.0,2026-09-30
mcneila01,Larry McNeill,1975,1976,2,-1.42,1201,1976,-0.503,2.1.0,2026-09-30
burtowi01,Willie Burton,1991,1992,2,-1.42,1202,1991,-0.498,2.1.0,2026-09-30
conlied01,Ed Conlin,1956,1962,7,-1.42,1203,1957,0.68,2.1.0,2026-09-30
parkean01,Anthony Parker,2007,2012,6,-1.42,1204,2007,0.626,2.1.0,2026-09-30
sumneed01,Edmond Sumner,2021,2021,1,-1.42,1205,2021,-1.421,2.1.0,2026-09-30
napiesh01,Shabazz Napier,2018,2020,2,-1.42,1206,2020,-0.166,2.1.0,2026-09-30
mcleoke01,Keith McLeod,2006,2006,1,-1.42,1207,2006,-1.424,2.1.0,2026-09-30
clarkke01,Keon Clark,2000,2003,4,-1.43,1208,2002,0.86,2.1.0,2026-09-30
brezepr01,Primož Brezec,2005,2007,3,-1.43,1209,2005,0.198,2.1.0,2026-09-30
spencel01,Elmore Spencer,1994,1994,1,-1.44,1210,1994,-1.436,2.1.0,2026-09-30
thompbr01,Brooks Thompson,1997,1997,1,-1.44,1211,1997,-1.436,2.1.0,2026-09-30
kingge02,Gerard King,2000,2000,1,-1.45,1212,2000,-1.445,2.1.0,2026-09-30
wardch01,Charlie Ward,1996,2004,9,-1.45,1213,1999,0.211,2.1.0,2026-09-30
spellom01,Omari Spellman,2020,2020,1,-1.45,1214,2020,-1.454,2.1.0,2026-09-30
johnsja01,James Johnson,2010,2022,7,-1.45,1215,2017,1.662,2.1.0,2026-09-30
seldewa01,Wayne Selden,2019,2019,1,-1.46,1216,2019,-1.456,2.1.0,2026-09-30
simshe01,Henry Sims,2015,2015,1,-1.46,1217,2015,-1.459,2.1.0,2026-09-30
ranseke01,Kelvin Ransey,1981,1986,6,-1.46,1218,1982,1.537,2.1.0,2026-09-30
kuzmimi01,Mindaugas Kuzminskas,2017,2017,1,-1.46,1219,2017,-1.462,2.1.0,2026-09-30
douglch01,Chris Douglas-Roberts,2010,2010,1,-1.46,1220,2010,-1.464,2.1.0,2026-09-30
richawi02,Will Richard,2026,2026,1,-1.47,1221,2026,-1.468,2.1.0,2026-09-30
valenda01,Darnell Valentine,1982,1991,8,-1.47,1222,1985,0.74,2.1.0,2026-09-30
veselja01,Jan Veselý,2012,2012,1,-1.47,1223,2012,-1.474,2.1.0,2026-09-30
jonesdw01,Dwight Jones,1974,1983,10,-1.47,1224,1975,0.297,2.1.0,2026-09-30
sharpda01,Day'Ron Sharpe,2024,2026,2,-1.48,1225,2026,-0.612,2.1.0,2026-09-30
rogesal01,Al Roges,1954,1954,1,-1.48,1226,1954,-1.481,2.1.0,2026-09-30
mogbojo01,Jonathan Mogbo,2025,2025,1,-1.48,1226,2025,-1.481,2.1.0,2026-09-30
sweetmi01,Mike Sweetney,2005,2006,2,-1.48,1228,2005,-0.444,2.1.0,2026-09-30
hernawi01,Willy Hernangómez,2017,2019,2,-1.48,1229,2017,-0.467,2.1.0,2026-09-30
culveja01,Jarrett Culver,2020,2020,1,-1.49,1230,2020,-1.486,2.1.0,2026-09-30
nelsolo01,Louie Nelson,1975,1976,2,-1.49,1230,1976,0.038,2.1.0,2026-09-30
willite01,Terrence Williams,2010,2010,1,-1.49,1232,2010,-1.487,2.1.0,2026-09-30
claytwa01,Walter Clayton,2026,2026,1,-1.49,1233,2026,-1.487,2.1.0,2026-09-30
kellyry01,Ryan Kelly,2014,2014,1,-1.49,1234,2014,-1.489,2.1.0,2026-09-30
lewiski01,Kira Lewis Jr.,2021,2021,1,-1.5,1235,2021,-1.497,2.1.0,2026-09-30
wagnemo01,Moritz Wagner,2022,2024,2,-1.5,1236,2024,-0.46,2.1.0,2026-09-30
hamilju01,Justin Hamilton,2017,2017,1,-1.51,1237,2017,-1.506,2.1.0,2026-09-30
mcdankj01,K.J. McDaniels,2015,2015,1,-1.51,1238,2015,-1.508,2.1.0,2026-09-30
butleja02,Jared Butler,2025,2025,1,-1.51,1239,2025,-1.51,2.1.0,2026-09-30
pattepa01,Patrick Patterson,2012,2020,9,-1.51,1240,2013,0.644,2.1.0,2026-09-30
hansegl01,Glenn Hansen,1976,1976,1,-1.51,1241,1976,-1.514,2.1.0,2026-09-30
martija01,Jarell Martin,2018,2018,1,-1.51,1242,2018,-1.514,2.1.0,2026-09-30
paulkch01,Charlie Paulk,1971,1971,1,-1.52,1243,1971,-1.517,2.1.0,2026-09-30
burrobo01,Bob Burrow,1957,1957,1,-1.52,1244,1957,-1.518,2.1.0,2026-09-30
abdulza01,Zaid Abdul-Aziz,1970,1975,5,-1.52,1245,1972,1.275,2.1.0,2026-09-30
wilsobo03,Bobby Wilson,1976,1976,1,-1.52,1246,1976,-1.522,2.1.0,2026-09-30
hansro01,Rollen Hans,1954,1954,1,-1.52,1247,1954,-1.524,2.1.0,2026-09-30
beaubro01,Rodrigue Beaubois,2012,2012,1,-1.53,1248,2012,-1.532,2.1.0,2026-09-30
williea01,Earl Williams,1975,1975,1,-1.54,1249,1975,-1.536,2.1.0,2026-09-30
bradlmi01,Michael Bradley,2003,2003,1,-1.54,1250,2003,-1.538,2.1.0,2026-09-30
smithja04,Jalen Smith,2023,2025,3,-1.54,1251,2025,-0.234,2.1.0,2026-09-30
thomajo02,John Thomas,1999,1999,1,-1.54,1252,1999,-1.541,2.1.0,2026-09-30
legleti01,Tim Legler,1994,1996,2,-1.54,1253,1996,0.066,2.1.0,2026-09-30
robinbe01,Bernard Robinson,2006,2006,1,-1.54,1254,2006,-1.542,2.1.0,2026-09-30
muhamsh01,Shabazz Muhammad,2016,2017,2,-1.54,1255,2016,-0.755,2.1.0,2026-09-30
kimblbo01,Bo Kimble,1991,1991,1,-1.54,1256,1991,-1.545,2.1.0,2026-09-30
willish01,Shammond Williams,2001,2003,2,-1.56,1257,2003,-0.436,2.1.0,2026-09-30
humphkr01,Kris Humphries,2005,2015,10,-1.56,1258,2012,1.003,2.1.0,2026-09-30
crawfch01,Chris Crawford,1999,1999,1,-1.56,1259,1999,-1.559,2.1.0,2026-09-30
eatonma01,Mark Eaton,1983,1993,11,-1.56,1260,1989,0.129,2.1.0,2026-09-30
mcnamma01,Mark McNamara,1984,1984,1,-1.56,1261,1984,-1.561,2.1.0,2026-09-30
wittmra01,Randy Wittman,1984,1990,6,-1.57,1262,1987,1.666,2.1.0,2026-09-30
smithwi02,Willie Smith,1980,1980,1,-1.57,1263,1980,-1.566,2.1.0,2026-09-30
washibo01,Bobby Washington,1972,1972,1,-1.57,1264,1972,-1.566,2.1.0,2026-09-30
bacondw01,Dwayne Bacon,2021,2021,1,-1.57,1265,2021,-1.569,2.1.0,2026-09-30
rosste01,Terrence Ross,2013,2023,9,-1.57,1266,2019,0.391,2.1.0,2026-09-30
robyis01,Isaiah Roby,2021,2021,1,-1.57,1267,2021,-1.57,2.1.0,2026-09-30
lacoufr01,Fred LaCour,1962,1962,1,-1.57,1268,1962,-1.571,2.1.0,2026-09-30
hendrta01,Taylor Hendricks,2026,2026,1,-1.58,1269,2026,-1.575,2.1.0,2026-09-30
farmeto01,Tony Farmer,2000,2000,1,-1.58,1270,2000,-1.577,2.1.0,2026-09-30
taylois01,Isaiah Taylor,2018,2018,1,-1.58,1271,2018,-1.58,2.1.0,2026-09-30
willifr01,Freeman Williams,1979,1982,4,-1.59,1272,1981,1.115,2.1.0,2026-09-30
fryerbe01,Bernie Fryer,1974,1974,1,-1.6,1273,1974,-1.595,2.1.0,2026-09-30
greenst01,Steve Green,1977,1977,1,-1.6,1274,1977,-1.595,2.1.0,2026-09-30
flynnma01,Malachi Flynn,2024,2024,1,-1.6,1275,2024,-1.596,2.1.0,2026-09-30
greenmi01,Mike Green,1974,1979,5,-1.6,1276,1975,2.216,2.1.0,2026-09-30
hardire01,Reggie Harding,1965,1967,2,-1.6,1277,1965,0.202,2.1.0,2026-09-30
doumbse01,Sekou Doumbouya,2021,2021,1,-1.6,1278,2021,-1.604,2.1.0,2026-09-30
mccaija01,Jared McCain,2026,2026,1,-1.61,1279,2026,-1.608,2.1.0,2026-09-30
glovedi01,Dion Glover,2003,2004,2,-1.61,1280,2003,-0.761,2.1.0,2026-09-30
buckncl01,Cleveland Buckner,1962,1962,1,-1.62,1281,1962,-1.617,2.1.0,2026-09-30
elliobo01,Bob Elliott,1981,1981,1,-1.62,1282,1981,-1.623,2.1.0,2026-09-30
peterbo01,Bob Peterson,1956,1956,1,-1.62,1283,1956,-1.624,2.1.0,2026-09-30
moorelo01,Lowes Moore,1981,1981,1,-1.63,1284,1981,-1.628,2.1.0,2026-09-30
lamarbo01,Bo Lamar,1974,1977,3,-1.63,1285,1975,0.492,2.1.0,2026-09-30
kingch01,Chris King,1996,1996,1,-1.63,1286,1996,-1.633,2.1.0,2026-09-30
mckenke01,Kevin McKenna,1984,1984,1,-1.63,1287,1984,-1.634,2.1.0,2026-09-30
daniedy01,Dyson Daniels,2023,2026,4,-1.64,1288,2025,1.128,2.1.0,2026-09-30
reddica01,Cam Reddish,2020,2020,1,-1.64,1289,2020,-1.641,2.1.0,2026-09-30
edneyty01,Tyus Edney,1996,1997,2,-1.65,1290,1996,-0.653,2.1.0,2026-09-30
khryavi01,Viktor Khryapa,2006,2006,1,-1.65,1291,2006,-1.654,2.1.0,2026-09-30
paddige01,Gerald Paddio,1991,1991,1,-1.66,1292,1991,-1.657,2.1.0,2026-09-30
kaminfr01,Frank Kaminsky,2016,2018,3,-1.67,1293,2017,0.159,2.1.0,2026-09-30
kurucro01,Rodions Kurucs,2019,2019,1,-1.67,1294,2019,-1.668,2.1.0,2026-09-30
collido02,Don Collins,1981,1984,4,-1.67,1295,1983,0.85,2.1.0,2026-09-30
bazemke01,Kent Bazemore,2013,2021,9,-1.68,1296,2016,0.817,2.1.0,2026-09-30
colliis01,Isaiah Collier,2025,2026,2,-1.69,1297,2026,-0.344,2.1.0,2026-09-30
langdtr01,Trajan Langdon,2001,2001,1,-1.69,1298,2001,-1.693,2.1.0,2026-09-30
bynumwi01,Will Bynum,2010,2013,3,-1.69,1299,2010,-0.322,2.1.0,2026-09-30
davisde01,Deyonta Davis,2018,2018,1,-1.69,1300,2018,-1.695,2.1.0,2026-09-30
hoppeda01,Dave Hoppen,1989,1989,1,-1.69,1300,1989,-1.695,2.1.0,2026-09-30
sassema01,Marcus Sasser,2024,2024,1,-1.7,1302,2024,-1.699,2.1.0,2026-09-30
boothca01,Calvin Booth,2004,2004,1,-1.7,1303,2004,-1.702,2.1.0,2026-09-30
scheiba01,Baylor Scheierman,2026,2026,1,-1.71,1304,2026,-1.706,2.1.0,2026-09-30
moneyer01,Eric Money,1975,1980,6,-1.71,1305,1978,1.671,2.1.0,2026-09-30
foxji01,Jim Fox,1969,1977,9,-1.71,1306,1974,0.046,2.1.0,2026-09-30
simsbo01,Bob Sims,1962,1962,1,-1.72,1307,1962,-1.716,2.1.0,2026-09-30
georgky01,Kyshawn George,2025,2025,1,-1.72,1308,2025,-1.722,2.1.0,2026-09-30
strawju01,Julian Strawther,2025,2025,1,-1.73,1309,2025,-1.725,2.1.0,2026-09-30
cervial01,Al Cervi,1952,1952,1,-1.73,1310,1952,-1.734,2.1.0,2026-09-30
yelvech01,Charlie Yelverton,1972,1972,1,-1.74,1311,1972,-1.738,2.1.0,2026-09-30
matkoka01,Karlo Matković,2026,2026,1,-1.74,1311,2026,-1.738,2.1.0,2026-09-30
wileymo01,Morlon Wiley,1993,1993,1,-1.74,1313,1993,-1.738,2.1.0,2026-09-30
clarkea01,Earl Clark,2013,2013,1,-1.74,1314,2013,-1.742,2.1.0,2026-09-30
tolsode01,Dean Tolson,1977,1977,1,-1.74,1315,1977,-1.743,2.1.0,2026-09-30
palmeji01,Jim Palmer,1959,1960,2,-1.74,1316,1959,-0.848,2.1.0,2026-09-30
rileywi01,Will Riley,2026,2026,1,-1.74,1317,2026,-1.743,2.1.0,2026-09-30
westma01,Mark West,1985,1999,13,-1.75,1318,1990,1.708,2.1.0,2026-09-30
alexajo01,Joe Alexander,2009,2009,1,-1.75,1319,2009,-1.749,2.1.0,2026-09-30
thompge01,George Thompson,1971,1975,5,-1.75,1320,1974,0.247,2.1.0,2026-09-30
risacza01,Zaccharie Risacher,2025,2026,2,-1.75,1321,2025,-0.09,2.1.0,2026-09-30
taylojo01,Johnny Taylor,1999,1999,1,-1.76,1322,1999,-1.762,2.1.0,2026-09-30
fredean01,Anthony Frederick,1992,1992,1,-1.76,1323,1992,-1.764,2.1.0,2026-09-30
willier01,Eric Williams,1996,2004,8,-1.77,1324,2004,0.369,2.1.0,2026-09-30
wilsoja03,Jalen Wilson,2025,2025,1,-1.77,1325,2025,-1.768,2.1.0,2026-09-30
willise01,Sean Williams,2008,2008,1,-1.77,1326,2008,-1.771,2.1.0,2026-09-30
willico04,Cody Williams,2026,2026,1,-1.77,1327,2026,-1.775,2.1.0,2026-09-30
beaslma01,Malik Beasley,2018,2025,7,-1.78,1328,2025,0.306,2.1.0,2026-09-30
gondrgr01,Grant Gondrezick,1987,1987,1,-1.78,1329,1987,-1.78,2.1.0,2026-09-30
loganhe01,Henry Logan,1969,1969,1,-1.78,1330,1969,-1.782,2.1.0,2026-09-30
forretr01,Trent Forrest,2022,2022,1,-1.78,1331,2022,-1.784,2.1.0,2026-09-30
davidko01,Kornél Dávid,1999,1999,1,-1.78,1332,1999,-1.785,2.1.0,2026-09-30
cliffni01,Nique Clifford,2026,2026,1,-1.79,1333,2026,-1.786,2.1.0,2026-09-30
singlch01,Chris Singleton,2012,2012,1,-1.79,1334,2012,-1.787,2.1.0,2026-09-30
davismi01,Mike Davis,1971,1972,2,-1.79,1335,1971,-0.669,2.1.0,2026-09-30
jackstr01,Tracy Jackson,1983,1983,1,-1.79,1336,1983,-1.79,2.1.0,2026-09-30
jeelaab01,Abdul Jeelani,1980,1981,2,-1.79,1337,1980,-0.454,2.1.0,2026-09-30
rogerro02,Roy Rogers,1997,1997,1,-1.8,1338,1997,-1.799,2.1.0,2026-09-30
imhofda01,Darrall Imhoff,1961,1970,9,-1.8,1339,1970,0.877,2.1.0,2026-09-30
simsje01,Jericho Sims,2026,2026,1,-1.8,1340,2026,-1.802,2.1.0,2026-09-30
earlac01,Acie Earl,1994,1994,1,-1.81,1341,1994,-1.805,2.1.0,2026-09-30
watsoea01,Earl Watson,2002,2012,11,-1.81,1342,2006,0.202,2.1.0,2026-09-30
woltena01,Nate Wolters,2014,2014,1,-1.81,1343,2014,-1.812,2.1.0,2026-09-30
crittja01,Javaris Crittenton,2009,2009,1,-1.82,1344,2009,-1.815,2.1.0,2026-09-30
mccontj01,T.J. McConnell,2016,2025,9,-1.82,1345,2024,0.058,2.1.0,2026-09-30
eisleho01,Howard Eisley,1996,2005,9,-1.82,1346,2003,-0.186,2.1.0,2026-09-30
amaecjo01,John Amaechi,2000,2001,2,-1.82,1347,2000,0.163,2.1.0,2026-09-30
whiteis01,Isaiah Whitehead,2017,2017,1,-1.82,1348,2017,-1.821,2.1.0,2026-09-30
sparrgu01,Guy Sparrow,1958,1959,2,-1.83,1349,1958,0.095,2.1.0,2026-09-30
jonesst01,Steve Jones,1968,1976,9,-1.84,1350,1971,0.663,2.1.0,2026-09-30
robinmi01,Mitchell Robinson,2019,2026,5,-1.84,1351,2022,0.088,2.1.0,2026-09-30
fieldke01,Kenny Fields,1986,1986,1,-1.85,1352,1986,-1.85,2.1.0,2026-09-30
englisc01,Scott English,1975,1975,1,-1.85,1353,1975,-1.852,2.1.0,2026-09-30
hicksjj01,J.J. Hickson,2009,2015,7,-1.86,1354,2013,0.258,2.1.0,2026-09-30
powele01,Leon Powe,2007,2009,2,-1.86,1355,2009,-0.403,2.1.0,2026-09-30
wisemja01,James Wiseman,2024,2024,1,-1.86,1356,2024,-1.857,2.1.0,2026-09-30
chrisbo01,Bob Christian,1974,1974,1,-1.86,1357,1974,-1.858,2.1.0,2026-09-30
catlete01,Terry Catledge,1986,1992,6,-1.86,1358,1987,-0.015,2.1.0,2026-09-30
morroan01,Anthony Morrow,2009,2016,7,-1.86,1359,2015,0.508,2.1.0,2026-09-30
salauti01,Tidjane Salaün,2025,2025,1,-1.86,1360,2025,-1.859,2.1.0,2026-09-30
thornbo01,Bob Thornton,1986,1986,1,-1.86,1361,1986,-1.864,2.1.0,2026-09-30
muldemy01,Mychal Mulder,2021,2021,1,-1.86,1362,2021,-1.864,2.1.0,2026-09-30
krstine01,Nenad Krstić,2005,2011,4,-1.87,1363,2006,1.882,2.1.0,2026-09-30
crosspe01,Pete Cross,1971,1972,2,-1.87,1364,1971,-0.461,2.1.0,2026-09-30
smithni01,Nick Smith Jr.,2025,2025,1,-1.87,1365,2025,-1.872,2.1.0,2026-09-30
barksdo01,Don Barksdale,1952,1955,4,-1.88,1366,1953,0.358,2.1.0,2026-09-30
meyerlo01,Loren Meyer,1996,1996,1,-1.88,1367,1996,-1.884,2.1.0,2026-09-30
crockdi01,Dillard Crocker,1953,1953,1,-1.89,1368,1953,-1.887,2.1.0,2026-09-30
outlabo01,Bo Outlaw,1995,2004,9,-1.89,1369,1998,1.2,2.1.0,2026-09-30
dougljo01,John Douglas,1982,1982,1,-1.89,1370,1982,-1.892,2.1.0,2026-09-30
hendege02,Gerald Henderson,2011,2017,7,-1.89,1371,2014,0.326,2.1.0,2026-09-30
marshto01,Tom Marshall,1955,1955,1,-1.89,1372,1955,-1.893,2.1.0,2026-09-30
minorda01,Dave Minor,1952,1953,2,-1.89,1373,1953,-0.802,2.1.0,2026-09-30
gainesu01,Sundiata Gaines,2012,2012,1,-1.89,1374,2012,-1.894,2.1.0,2026-09-30
torreos01,Óscar Torres,2002,2002,1,-1.89,1375,2002,-1.895,2.1.0,2026-09-30
eschmev01,Evan Eschmeyer,2001,2001,1,-1.9,1376,2001,-1.902,2.1.0,2026-09-30
brownko01,Kobe Brown,2026,2026,1,-1.9,1377,2026,-1.904,2.1.0,2026-09-30
walteja01,Ja'Kobe Walter,2026,2026,1,-1.91,1378,2026,-1.906,2.1.0,2026-09-30
davisro01,Ron Davis,1981,1981,1,-1.91,1379,1981,-1.909,2.1.0,2026-09-30
robinje02,Jeremiah Robinson-Earl,2025,2025,1,-1.91,1380,2025,-1.91,2.1.0,2026-09-30
minerha01,Harold Miner,1993,1994,2,-1.91,1381,1993,-0.471,2.1.0,2026-09-30
malonma01,Matt Maloney,1997,1998,2,-1.91,1382,1997,0.13,2.1.0,2026-09-30
reedju01,Justin Reed,2006,2006,1,-1.91,1383,2006,-1.911,2.1.0,2026-09-30
shaskjo01,John Shasky,1989,1989,1,-1.91,1384,1989,-1.913,2.1.0,2026-09-30
collija02,Jason Collier,2005,2005,1,-1.92,1385,2005,-1.922,2.1.0,2026-09-30
chievde01,Derrick Chievous,1989,1989,1,-1.92,1386,1989,-1.922,2.1.0,2026-09-30
mcdanji01,Jim McDaniels,1973,1973,1,-1.93,1387,1973,-1.927,2.1.0,2026-09-30
hugheed01,Eddie Hughes,1990,1990,1,-1.93,1388,1990,-1.928,2.1.0,2026-09-30
robinje01,Jerome Robinson,2020,2020,1,-1.93,1389,2020,-1.929,2.1.0,2026-09-30
johnsan02,Anthony Johnson,1998,2009,9,-1.93,1390,2006,0.907,2.1.0,2026-09-30
marjabo01,Boban Marjanović,2019,2019,1,-1.93,1391,2019,-1.935,2.1.0,2026-09-30
toshebi01,Bill Tosheff,1952,1954,3,-1.94,1392,1953,0.08,2.1.0,2026-09-30
ratlimi01,Mike Ratliff,1973,1973,1,-1.94,1393,1973,-1.941,2.1.0,2026-09-30
fordch01,Chris Ford,1973,1982,10,-1.94,1394,1981,0.048,2.1.0,2026-09-30
mcneibo01,Bob McNeill,1961,1961,1,-1.94,1395,1961,-1.944,2.1.0,2026-09-30
gelabmi01,Mickaël Gelabale,2007,2007,1,-1.95,1396,2007,-1.946,2.1.0,2026-09-30
moreler01,Eric Moreland,2018,2018,1,-1.95,1397,2018,-1.949,2.1.0,2026-09-30
woodal01,Al Wood,1983,1986,4,-1.95,1398,1986,-0.154,2.1.0,2026-09-30
araujra01,Rafael Araújo,2005,2005,1,-1.95,1399,2005,-1.95,2.1.0,2026-09-30
brownde04,Derrick Brown,2012,2012,1,-1.96,1400,2012,-1.963,2.1.0,2026-09-30
hummejo01,John Hummer,1971,1973,2,-1.96,1401,1971,-0.551,2.1.0,2026-09-30
somerwi01,Willie Somerset,1968,1969,2,-1.97,1402,1968,-0.384,2.1.0,2026-09-30
jetereu01,Eugene Jeter,2011,2011,1,-1.97,1403,2011,-1.969,2.1.0,2026-09-30
wiggiaa01,Aaron Wiggins,2023,2026,4,-1.98,1404,2025,1.002,2.1.0,2026-09-30
borchcu01,Curtis Borchardt,2005,2005,1,-1.98,1405,2005,-1.98,2.1.0,2026-09-30
wrighsh01,Sharone Wright,1995,1997,2,-1.99,1406,1995,-0.382,2.1.0,2026-09-30
gomesry01,Ryan Gomes,2006,2011,6,-1.99,1407,2009,0.069,2.1.0,2026-09-30
hillcl01,Cleo Hill,1962,1962,1,-1.99,1407,1962,-1.989,2.1.0,2026-09-30
smithch04,Charles Smith,2002,2002,1,-1.99,1409,2002,-1.993,2.1.0,2026-09-30
filipky01,Kyle Filipowski,2025,2026,2,-1.99,1410,2026,-0.812,2.1.0,2026-09-30
aleksch01,Chuck Aleksinas,1985,1985,1,-1.99,1411,1985,-1.994,2.1.0,2026-09-30
walshjo01,Jordan Walsh,2026,2026,1,-2.0,1412,2026,-1.998,2.1.0,2026-09-30
winchke01,Kennard Winchester,1991,1991,1,-2.0,1413,1991,-2.002,2.1.0,2026-09-30
tatumea01,Earl Tatum,1977,1979,3,-2.0,1414,1978,0.184,2.1.0,2026-09-30
biedran01,Andris Biedriņš,2006,2012,6,-2.0,1415,2008,0.699,2.1.0,2026-09-30
wheatde01,DeJuan Wheat,1999,1999,1,-2.01,1416,1999,-2.006,2.1.0,2026-09-30
slatere01,Reggie Slater,1998,1998,1,-2.01,1417,1998,-2.008,2.1.0,2026-09-30
johnsri01,Rich Johnson,1970,1970,1,-2.02,1418,1970,-2.016,2.1.0,2026-09-30
cabarza01,Žarko Čabarkapa,2006,2006,1,-2.02,1418,2006,-2.016,2.1.0,2026-09-30
rudezda01,Damjan Rudež,2015,2015,1,-2.02,1420,2015,-2.019,2.1.0,2026-09-30
engliaj01,A.J. English,1991,1992,2,-2.03,1421,1992,-0.861,2.1.0,2026-09-30
laymaja01,Jake Layman,2019,2019,1,-2.03,1422,2019,-2.026,2.1.0,2026-09-30
mccaran01,Andre McCarter,1977,1977,1,-2.03,1423,1977,-2.027,2.1.0,2026-09-30
jonesch02,Charles Jones,1985,1985,1,-2.03,1424,1985,-2.032,2.1.0,2026-09-30
phillju01,Julian Phillips,2025,2025,1,-2.04,1425,2025,-2.037,2.1.0,2026-09-30
bremejr01,J.R. Bremer,2003,2003,1,-2.04,1425,2003,-2.037,2.1.0,2026-09-30
durhapa01,Pat Durham,1995,1995,1,-2.04,1427,1995,-2.039,2.1.0,2026-09-30
jacksme01,Merv Jackson,1969,1971,2,-2.04,1428,1971,0.948,2.1.0,2026-09-30
smithgr02,Greg Smith,2013,2013,1,-2.05,1429,2013,-2.045,2.1.0,2026-09-30
garlawi01,Winston Garland,1988,1995,7,-2.05,1430,1989,0.845,2.1.0,2026-09-30
tskitni01,Nikoloz Tskitishvili,2003,2003,1,-2.05,1431,2003,-2.046,2.1.0,2026-09-30
duartch01,Chris Duarte,2024,2024,1,-2.05,1432,2024,-2.048,2.1.0,2026-09-30
simonan01,Anfernee Simons,2020,2025,4,-2.05,1433,2023,1.45,2.1.0,2026-09-30
jackstr02,Trayce Jackson-Davis,2024,2025,2,-2.05,1434,2024,-0.424,2.1.0,2026-09-30
kaftage01,George Kaftan,1952,1952,1,-2.05,1435,1952,-2.054,2.1.0,2026-09-30
woodsqy01,Qyntel Woods,2004,2004,1,-2.06,1436,2004,-2.06,2.1.0,2026-09-30
brownma02,Markel Brown,2016,2016,1,-2.06,1437,2016,-2.061,2.1.0,2026-09-30
clossbi01,Bill Closs,1952,1952,1,-2.06,1438,1952,-2.062,2.1.0,2026-09-30
fieldla01,Landry Fields,2011,2012,2,-2.06,1439,2012,-0.725,2.1.0,2026-09-30
bransbr01,Brad Branson,1983,1983,1,-2.07,1440,1983,-2.074,2.1.0,2026-09-30
zawolze01,Zeke Zawoluk,1954,1955,2,-2.08,1441,1954,-0.635,2.1.0,2026-09-30
hollajo01,Joe Holland,1952,1952,1,-2.08,1442,1952,-2.077,2.1.0,2026-09-30
harrish01,Shaquille Harrison,2019,2019,1,-2.08,1443,2019,-2.08,2.1.0,2026-09-30
dickada01,Dan Dickau,2005,2008,2,-2.08,1444,2005,-0.129,2.1.0,2026-09-30
smithad01,Adrian Smith,1962,1970,9,-2.08,1445,1966,0.402,2.1.0,2026-09-30
martibi01,Bill Martin,1986,1986,1,-2.08,1446,1986,-2.081,2.1.0,2026-09-30
hydergr01,Greg Hyder,1971,1971,1,-2.08,1446,1971,-2.081,2.1.0,2026-09-30
fosteje01,Jeff Foster,2001,2009,9,-2.08,1448,2004,-0.045,2.1.0,2026-09-30
rhodege01,Gene Rhodes,1953,1953,1,-2.08,1449,1953,-2.084,2.1.0,2026-09-30
hancoda01,Darrin Hancock,1996,1996,1,-2.08,1450,1996,-2.085,2.1.0,2026-09-30
harribi01,Billy Harris,1975,1975,1,-2.09,1451,1975,-2.086,2.1.0,2026-09-30
jonesda03,Damian Jones,2020,2020,1,-2.09,1452,2020,-2.088,2.1.0,2026-09-30
wilsoot01,Othell Wilson,1985,1985,1,-2.09,1453,1985,-2.089,2.1.0,2026-09-30
onealro01,Royce O'Neale,2018,2026,9,-2.09,1454,2021,0.888,2.1.0,2026-09-30
kolokch01,Christian Koloko,2023,2023,1,-2.09,1455,2023,-2.092,2.1.0,2026-09-30
alexavi01,Victor Alexander,1992,1994,3,-2.09,1456,1993,0.187,2.1.0,2026-09-30
langan02,Antonio Lang,1997,1997,1,-2.09,1457,1997,-2.094,2.1.0,2026-09-30
mcmahja01,Jack McMahon,1953,1959,7,-2.1,1458,1954,0.906,2.1.0,2026-09-30
toneyse01,Sedric Toney,1990,1990,1,-2.1,1459,1990,-2.098,2.1.0,2026-09-30
mcgeeja01,JaVale McGee,2009,2022,10,-2.1,1460,2019,0.677,2.1.0,2026-09-30
ukicro01,Roko Ukić,2009,2009,1,-2.1,1461,2009,-2.101,2.1.0,2026-09-30
solomwi01,Will Solomon,2002,2002,1,-2.1,1461,2002,-2.101,2.1.0,2026-09-30
bongais01,Isaac Bonga,2020,2020,1,-2.1,1463,2020,-2.101,2.1.0,2026-09-30
neumapa01,Paul Neumann,1962,1967,6,-2.1,1464,1965,0.296,2.1.0,2026-09-30
bransje01,Jesse Branson,1968,1968,1,-2.11,1465,1968,-2.108,2.1.0,2026-09-30
fernabr01,Bruno Fernando,2020,2020,1,-2.11,1466,2020,-2.11,2.1.0,2026-09-30
headlu01,Luther Head,2006,2008,3,-2.11,1467,2007,0.006,2.1.0,2026-09-30
harrian01,Andrew Harrison,2017,2017,1,-2.11,1468,2017,-2.112,2.1.0,2026-09-30
warribr01,Bryan Warrick,1985,1985,1,-2.11,1469,1985,-2.113,2.1.0,2026-09-30
martiwh01,Whitey Martin,1962,1962,1,-2.11,1470,1962,-2.114,2.1.0,2026-09-30
ferreyo01,Yogi Ferrell,2018,2019,2,-2.12,1471,2018,-0.606,2.1.0,2026-09-30
pritcke01,Kevin Pritchard,1991,1991,1,-2.13,1472,1991,-2.127,2.1.0,2026-09-30
willidu01,Duck Williams,1980,1980,1,-2.13,1473,1980,-2.133,2.1.0,2026-09-30
gambeda01,Dave Gambee,1960,1970,10,-2.13,1474,1962,0.663,2.1.0,2026-09-30
fontesi01,Simone Fontecchio,2024,2026,3,-2.14,1475,2024,-0.047,2.1.0,2026-09-30
duerote01,Terry Duerod,1980,1980,1,-2.14,1476,1980,-2.137,2.1.0,2026-09-30
polsora01,Ralph Polson,1953,1953,1,-2.14,1477,1953,-2.14,2.1.0,2026-09-30
thompja02,Jason Thompson,2009,2015,7,-2.14,1478,2010,0.461,2.1.0,2026-09-30
witheje01,Jeff Withey,2014,2014,1,-2.14,1479,2014,-2.143,2.1.0,2026-09-30
mortojo01,John Morton,1991,1991,1,-2.14,1480,1991,-2.143,2.1.0,2026-09-30
blackto01,Tom Black,1971,1971,1,-2.15,1481,1971,-2.145,2.1.0,2026-09-30
brownti01,Tierre Brown,2005,2005,1,-2.15,1482,2005,-2.147,2.1.0,2026-09-30
huntech01,Chris Hunter,2010,2010,1,-2.15,1483,2010,-2.153,2.1.0,2026-09-30
morrite01,Terence Morris,2002,2002,1,-2.15,1484,2002,-2.153,2.1.0,2026-09-30
wilcoch01,Chris Wilcox,2004,2013,6,-2.15,1485,2007,0.816,2.1.0,2026-09-30
mulleby01,Byron Mullens,2012,2012,1,-2.16,1486,2012,-2.158,2.1.0,2026-09-30
landajo01,Jock Landale,2023,2026,2,-2.16,1487,2026,-0.132,2.1.0,2026-09-30
durrade01,Devin Durrant,1985,1985,1,-2.16,1488,1985,-2.159,2.1.0,2026-09-30
copelho01,Hollis Copeland,1980,1980,1,-2.16,1489,1980,-2.159,2.1.0,2026-09-30
manntr01,Tre Mann,2022,2023,2,-2.17,1490,2023,-1.056,2.1.0,2026-09-30
knechda01,Dalton Knecht,2025,2025,1,-2.17,1491,2025,-2.168,2.1.0,2026-09-30
alcorga01,Gary Alcorn,1960,1960,1,-2.17,1492,1960,-2.171,2.1.0,2026-09-30
maccuto01,Todd MacCulloch,2001,2002,2,-2.17,1493,2002,0.35,2.1.0,2026-09-30
mcneach01,Chris McNealy,1987,1987,1,-2.17,1494,1987,-2.175,2.1.0,2026-09-30
butleal01,Al Butler,1962,1964,3,-2.18,1495,1962,0.022,2.1.0,2026-09-30
hardyja02,Jaden Hardy,2024,2024,1,-2.18,1496,2024,-2.183,2.1.0,2026-09-30
greenor01,Orien Greene,2006,2006,1,-2.19,1497,2006,-2.189,2.1.0,2026-09-30
mcdanja01,Jalen McDaniels,2023,2023,1,-2.19,1498,2023,-2.195,2.1.0,2026-09-30
elstoda01,Darrell Elston,1975,1975,1,-2.2,1499,1975,-2.199,2.1.0,2026-09-30
baxtelo01,Lonny Baxter,2004,2004,1,-2.2,1500,2004,-2.2,2.1.0,2026-09-30
pressph01,Phil Pressey,2014,2014,1,-2.2,1501,2014,-2.201,2.1.0,2026-09-30
averibi01,Bird Averitt,1974,1977,4,-2.2,1502,1976,1.812,2.1.0,2026-09-30
greensi01,Si Green,1960,1965,6,-2.21,1503,1963,0.15,2.1.0,2026-09-30
tayloje03,Jeff Taylor,2013,2013,1,-2.21,1504,2013,-2.213,2.1.0,2026-09-30
laytomo01,Mo Layton,1972,1973,2,-2.21,1505,1972,-0.601,2.1.0,2026-09-30
higgiro01,Rod Higgins,1983,1993,9,-2.22,1506,1989,-0.034,2.1.0,2026-09-30
weemsso01,Sonny Weems,2010,2011,2,-2.22,1507,2010,-1.076,2.1.0,2026-09-30
dareyi01,Yinka Dare,1996,1996,1,-2.22,1508,1996,-2.225,2.1.0,2026-09-30
kuestjo01,John Kuester,1978,1978,1,-2.23,1509,1978,-2.226,2.1.0,2026-09-30
samuesa01,Samardo Samuels,2012,2012,1,-2.23,1510,2012,-2.228,2.1.0,2026-09-30
closske01,Keith Closs,1998,1998,1,-2.23,1511,1998,-2.228,2.1.0,2026-09-30
anderky01,Kyle Anderson,2016,2025,9,-2.24,1512,2021,0.322,2.1.0,2026-09-30
motenla01,Lawrence Moten,1997,1997,1,-2.24,1513,1997,-2.241,2.1.0,2026-09-30
woodslo01,Loren Woods,2002,2002,1,-2.24,1514,2002,-2.244,2.1.0,2026-09-30
zelleco01,Cody Zeller,2014,2020,5,-2.25,1515,2017,0.702,2.1.0,2026-09-30
hawkiju01,Juaquin Hawkins,2003,2003,1,-2.25,1516,2003,-2.248,2.1.0,2026-09-30
ellisbo01,Boo Ellis,1959,1959,1,-2.25,1517,1959,-2.253,2.1.0,2026-09-30
coffeam01,Amir Coffey,2022,2025,3,-2.26,1518,2025,0.244,2.1.0,2026-09-30
carrco01,Cory Carr,1999,1999,1,-2.26,1519,1999,-2.264,2.1.0,2026-09-30
jordoph01,Phil Jordon,1958,1963,6,-2.26,1520,1959,1.363,2.1.0,2026-09-30
rickedi01,Dick Ricketts,1956,1958,3,-2.27,1521,1956,-0.188,2.1.0,2026-09-30
parrja01,Jack Parr,1959,1959,1,-2.27,1522,1959,-2.269,2.1.0,2026-09-30
johnsal01,Alexander Johnson,2007,2007,1,-2.27,1523,2007,-2.27,2.1.0,2026-09-30
willide02,Derrick Williams,2012,2016,5,-2.27,1524,2013,0.43,2.1.0,2026-09-30
alvarjo01,Jose Alvarado,2023,2026,2,-2.28,1525,2023,-0.39,2.1.0,2026-09-30
vrankst01,Stojko Vranković,1998,1998,1,-2.28,1526,1998,-2.284,2.1.0,2026-09-30
bondwa01,Walter Bond,1993,1993,1,-2.29,1527,1993,-2.285,2.1.0,2026-09-30
tuckean01,Anthony Tucker,1995,1995,1,-2.29,1528,1995,-2.287,2.1.0,2026-09-30
outlatr01,Travis Outlaw,2005,2014,7,-2.29,1529,2008,0.891,2.1.0,2026-09-30
wrighjo01,Joby Wright,1973,1973,1,-2.29,1530,1973,-2.292,2.1.0,2026-09-30
peavymi01,Micah Peavy,2026,2026,1,-2.29,1531,2026,-2.293,2.1.0,2026-09-30
willizi02,Ziaire Williams,2022,2025,2,-2.29,1532,2025,-0.772,2.1.0,2026-09-30
rudomjo01,John Rudometkin,1963,1963,1,-2.29,1533,1963,-2.295,2.1.0,2026-09-30
doubyqu01,Quincy Douby,2008,2008,1,-2.3,1534,2008,-2.296,2.1.0,2026-09-30
williel01,Elliot Williams,2014,2014,1,-2.3,1535,2014,-2.296,2.1.0,2026-09-30
bendedr01,Dragan Bender,2018,2018,1,-2.3,1536,2018,-2.299,2.1.0,2026-09-30
wilsobo01,Bob Wilson,1952,1952,1,-2.3,1537,1952,-2.3,2.1.0,2026-09-30
braunch01,Christian Braun,2023,2025,3,-2.3,1538,2025,1.564,2.1.0,2026-09-30
teaglte01,Terry Teagle,1983,1992,8,-2.3,1539,1989,0.704,2.1.0,2026-09-30
zidekge01,George Zídek,1996,1996,1,-2.3,1540,1996,-2.305,2.1.0,2026-09-30
rileyer01,Eric Riley,1999,1999,1,-2.31,1541,1999,-2.305,2.1.0,2026-09-30
ellebcj01,CJ Elleby,2022,2022,1,-2.31,1542,2022,-2.309,2.1.0,2026-09-30
callori01,Rick Calloway,1991,1991,1,-2.31,1543,1991,-2.31,2.1.0,2026-09-30
mcgowbr01,Bryce McGowens,2024,2024,1,-2.31,1544,2024,-2.312,2.1.0,2026-09-30
cookqu01,Quinn Cook,2019,2019,1,-2.31,1545,2019,-2.313,2.1.0,2026-09-30
kingji02,Jimmy King,1996,1996,1,-2.32,1546,1996,-2.318,2.1.0,2026-09-30
curlebi01,Bill Curley,1999,1999,1,-2.32,1547,1999,-2.322,2.1.0,2026-09-30
johnsch04,Chris Johnson,2016,2016,1,-2.32,1548,2016,-2.323,2.1.0,2026-09-30
howarbr01,Brian Howard,1993,1993,1,-2.32,1549,1993,-2.325,2.1.0,2026-09-30
poweldr01,Drake Powell,2026,2026,1,-2.33,1550,2026,-2.325,2.1.0,2026-09-30
fortsda01,Danny Fortson,1998,2005,4,-2.33,1551,1999,0.072,2.1.0,2026-09-30
mamuksa01,Sandro Mamukelashvili,2025,2026,2,-2.33,1552,2026,-0.762,2.1.0,2026-09-30
brockjo01,Jon Brockman,2011,2011,1,-2.33,1553,2011,-2.329,2.1.0,2026-09-30
laravja01,Jake LaRavia,2025,2026,2,-2.33,1554,2025,-0.584,2.1.0,2026-09-30
hendece02,Cedric Henderson,1998,2000,3,-2.33,1555,1999,-0.368,2.1.0,2026-09-30
allenra01,Randy Allen,1990,1990,1,-2.33,1556,1990,-2.333,2.1.0,2026-09-30
wanambr01,Brad Wanamaker,2020,2021,2,-2.33,1557,2020,-1.072,2.1.0,2026-09-30
ruperra01,Rayan Rupert,2026,2026,1,-2.33,1558,2026,-2.335,2.1.0,2026-09-30
jacksda01,Darnell Jackson,2011,2011,1,-2.34,1559,2011,-2.336,2.1.0,2026-09-30
shvedal01,Alexey Shved,2013,2014,2,-2.34,1560,2013,-0.404,2.1.0,2026-09-30
kiddwa01,Warren Kidd,1994,1994,1,-2.34,1561,1994,-2.336,2.1.0,2026-09-30
boothke01,Keith Booth,1999,1999,1,-2.34,1562,1999,-2.343,2.1.0,2026-09-30
councri01,Ricky Council IV,2025,2025,1,-2.35,1563,2025,-2.348,2.1.0,2026-09-30
fritsji01,Jim Fritsche,1954,1954,1,-2.35,1564,1954,-2.349,2.1.0,2026-09-30
iuzzomi01,Mike Iuzzolino,1993,1993,1,-2.35,1565,1993,-2.35,2.1.0,2026-09-30
attleal01,Al Attles,1961,1968,8,-2.35,1565,1964,0.952,2.1.0,2026-09-30
caulewi01,Willie Cauley-Stein,2016,2021,6,-2.35,1567,2019,0.591,2.1.0,2026-09-30
tillida01,Darren Tillis,1984,1984,1,-2.35,1568,1984,-2.352,2.1.0,2026-09-30
blackta01,Tarik Black,2015,2017,2,-2.35,1569,2015,-1.175,2.1.0,2026-09-30
respesh01,Shawn Respert,1996,1996,1,-2.35,1570,1996,-2.354,2.1.0,2026-09-30
jacksmi02,Michael Jackson,1988,1988,1,-2.36,1571,1988,-2.356,2.1.0,2026-09-30
marshri01,Ricky Marsh,1978,1978,1,-2.36,1572,1978,-2.359,2.1.0,2026-09-30
willijo02,John Williams,1987,1993,4,-2.36,1573,1989,1.058,2.1.0,2026-09-30
fizerma01,Marcus Fizer,2001,2002,2,-2.36,1574,2002,-1.125,2.1.0,2026-09-30
harrida01,David Harrison,2006,2006,1,-2.37,1575,2006,-2.365,2.1.0,2026-09-30
noelda01,David Noel,2007,2007,1,-2.37,1576,2007,-2.366,2.1.0,2026-09-30
orrlo01,Louis Orr,1981,1987,7,-2.37,1577,1982,0.228,2.1.0,2026-09-30
mccanra01,Rashad McCants,2006,2009,3,-2.37,1578,2008,-0.052,2.1.0,2026-09-30
swiftst01,Stromile Swift,2001,2006,6,-2.37,1579,2002,-0.157,2.1.0,2026-09-30
barlodo01,Dominick Barlow,2026,2026,1,-2.37,1580,2026,-2.374,2.1.0,2026-09-30
larueru01,Rusty LaRue,1999,1999,1,-2.38,1581,1999,-2.378,2.1.0,2026-09-30
allenje01,Jerome Allen,1997,1997,1,-2.39,1582,1997,-2.387,2.1.0,2026-09-30
sensabr01,Brice Sensabaugh,2025,2026,2,-2.39,1583,2026,-0.923,2.1.0,2026-09-30
hawkijo01,Jordan Hawkins,2024,2024,1,-2.39,1584,2024,-2.389,2.1.0,2026-09-30
cookan01,Anthony Cook,1991,1991,1,-2.39,1585,1991,-2.392,2.1.0,2026-09-30
macyky01,Kyle Macy,1981,1987,7,-2.39,1586,1982,1.695,2.1.0,2026-09-30
garubus01,Usman Garuba,2023,2023,1,-2.4,1587,2023,-2.396,2.1.0,2026-09-30
busedo01,Don Buse,1973,1985,12,-2.4,1588,1976,0.297,2.1.0,2026-09-30
garredi02,Diante Garrett,2014,2014,1,-2.4,1589,2014,-2.398,2.1.0,2026-09-30
bambamo01,Mo Bamba,2020,2022,2,-2.41,1590,2022,-0.667,2.1.0,2026-09-30
langhda01,Dan Langhi,2003,2003,1,-2.41,1591,2003,-2.409,2.1.0,2026-09-30
vasqugr01,Greivis Vásquez,2011,2015,5,-2.41,1592,2013,1.743,2.1.0,2026-09-30
griffed01,Eddie Griffin,2002,2006,4,-2.41,1593,2003,0.273,2.1.0,2026-09-30
obryajo01,Johnny O'Bryant,2016,2016,1,-2.41,1594,2016,-2.412,2.1.0,2026-09-30
whitedj01,D.J. White,2012,2012,1,-2.41,1595,2012,-2.415,2.1.0,2026-09-30
jonesde01,DeQuan Jones,2013,2013,1,-2.42,1596,2013,-2.416,2.1.0,2026-09-30
washipe01,Pearl Washington,1987,1988,2,-2.42,1597,1988,-1.195,2.1.0,2026-09-30
cookejo01,Joe Cooke,1971,1971,1,-2.42,1598,1971,-2.42,2.1.0,2026-09-30
willija07,Jaylin Williams,2024,2026,2,-2.42,1599,2026,-0.133,2.1.0,2026-09-30
mckinbo01,Bones McKinney,1952,1952,1,-2.43,1600,1952,-2.428,2.1.0,2026-09-30
wrighju01,Julian Wright,2010,2010,1,-2.43,1601,2010,-2.432,2.1.0,2026-09-30
greento01,Tommie Green,1979,1979,1,-2.43,1602,1979,-2.434,2.1.0,2026-09-30
averywi01,William Avery,2000,2000,1,-2.44,1603,2000,-2.438,2.1.0,2026-09-30
hillga01,Gary Hill,1964,1964,1,-2.44,1604,1964,-2.439,2.1.0,2026-09-30
burksal01,Alec Burks,2012,2024,8,-2.44,1605,2022,0.554,2.1.0,2026-09-30
johnsge03,George Johnson,1979,1984,5,-2.44,1606,1980,0.155,2.1.0,2026-09-30
burroju01,Junior Burrough,1996,1996,1,-2.44,1607,1996,-2.444,2.1.0,2026-09-30
johnsch01,Charles Johnson,1973,1979,7,-2.45,1608,1975,1.569,2.1.0,2026-09-30
gaffoda01,Daniel Gafford,2021,2024,4,-2.45,1609,2024,0.05,2.1.0,2026-09-30
sheroed01,Ed Sherod,1983,1983,1,-2.45,1610,1983,-2.447,2.1.0,2026-09-30
mccasam01,Amal McCaskill,2004,2004,1,-2.45,1611,2004,-2.449,2.1.0,2026-09-30
workmma01,Mark Workman,1953,1953,1,-2.45,1612,1953,-2.451,2.1.0,2026-09-30
brownbo02,Bobby Brown,2009,2009,1,-2.45,1613,2009,-2.452,2.1.0,2026-09-30
volkoal01,Alexander Volkov,1990,1992,2,-2.45,1614,1992,-0.513,2.1.0,2026-09-30
reevekh01,Khalid Reeves,1995,1998,3,-2.45,1615,1995,-0.516,2.1.0,2026-09-30
grahagr01,Greg Graham,1994,1994,1,-2.45,1616,1994,-2.453,2.1.0,2026-09-30
melchga01,Gary Melchionni,1974,1975,2,-2.46,1617,1975,-0.828,2.1.0,2026-09-30
blakest01,Steve Blake,2004,2016,10,-2.46,1618,2009,0.691,2.1.0,2026-09-30
benjaco01,Corey Benjamin,2001,2001,1,-2.46,1619,2001,-2.46,2.1.0,2026-09-30
meelycl01,Cliff Meely,1972,1974,3,-2.46,1620,1974,-0.515,2.1.0,2026-09-30
grandro01,Ron Grandison,1989,1989,1,-2.46,1621,1989,-2.462,2.1.0,2026-09-30
willilo01,Lorenzo Williams,1995,1996,2,-2.46,1622,1995,-0.939,2.1.0,2026-09-30
walkelo01,Lonnie Walker IV,2020,2024,4,-2.47,1623,2022,0.041,2.1.0,2026-09-30
anslemi01,Michael Ansley,1990,1991,2,-2.47,1624,1990,-0.93,2.1.0,2026-09-30
jonessp01,Spencer Jones,2026,2026,1,-2.47,1625,2026,-2.472,2.1.0,2026-09-30
meltode01,De'Anthony Melton,2020,2023,4,-2.48,1626,2023,0.151,2.1.0,2026-09-30
goodwjo01,Jordan Goodwin,2023,2026,2,-2.5,1627,2023,-1.114,2.1.0,2026-09-30
buckhjo01,Joe Buckhalter,1962,1962,1,-2.5,1628,1962,-2.497,2.1.0,2026-09-30
ruddjo01,John Rudd,1979,1979,1,-2.5,1629,1979,-2.498,2.1.0,2026-09-30
burketr01,Trey Burke,2014,2021,5,-2.5,1630,2015,1.326,2.1.0,2026-09-30
wheelcl01,Clinton Wheeler,1988,1988,1,-2.51,1631,1988,-2.507,2.1.0,2026-09-30
jonesro01,Robin Jones,1977,1977,1,-2.51,1632,1977,-2.51,2.1.0,2026-09-30
anticpe01,Pero Antić,2015,2015,1,-2.51,1633,2015,-2.511,2.1.0,2026-09-30
rasmubl01,Blair Rasmussen,1987,1992,6,-2.51,1634,1988,0.284,2.1.0,2026-09-30
alexaco02,Courtney Alexander,2001,2003,2,-2.52,1635,2001,-0.545,2.1.0,2026-09-30
fernaru01,Rudy Fernández,2009,2011,3,-2.53,1636,2009,0.381,2.1.0,2026-09-30
robinro01,Ronnie Robinson,1974,1974,1,-2.53,1637,1974,-2.534,2.1.0,2026-09-30
anthogr01,Greg Anthony,1992,2002,11,-2.53,1638,1996,0.029,2.1.0,2026-09-30
lamban01,Anthony Lamb,2023,2023,1,-2.54,1639,2023,-2.537,2.1.0,2026-09-30
hadnoji01,Jim Hadnot,1968,1968,1,-2.54,1640,1968,-2.543,2.1.0,2026-09-30
thomaji01,Jim Thomas,1984,1985,2,-2.54,1641,1985,-0.785,2.1.0,2026-09-30
beshode01,Del Beshore,1980,1980,1,-2.55,1642,1980,-2.55,2.1.0,2026-09-30
russewa01,Walker Russell,1983,1983,1,-2.55,1643,1983,-2.553,2.1.0,2026-09-30
paxsojo01,John Paxson,1985,1993,9,-2.56,1644,1987,-0.02,2.1.0,2026-09-30
hardnch01,Charlie Hardnett,1963,1964,2,-2.56,1645,1963,-0.55,2.1.0,2026-09-30
okoboel01,Elie Okobo,2020,2020,1,-2.56,1646,2020,-2.561,2.1.0,2026-09-30
yabusgu01,Guerschon Yabusele,2025,2026,2,-2.57,1647,2025,-1.064,2.1.0,2026-09-30
slaugjo01,Jose Slaughter,1983,1983,1,-2.57,1648,1983,-2.57,2.1.0,2026-09-30
hamilro01,Roy Hamilton,1980,1980,1,-2.57,1649,1980,-2.575,2.1.0,2026-09-30
smithji01,Jim Smith,1982,1982,1,-2.59,1650,1982,-2.588,2.1.0,2026-09-30
gillan01,Anthony Gill,2023,2023,1,-2.59,1651,2023,-2.59,2.1.0,2026-09-30
sheppst01,Steve Sheppard,1978,1978,1,-2.59,1652,1978,-2.591,2.1.0,2026-09-30
maydo01,Don May,1971,1973,3,-2.6,1653,1971,1.446,2.1.0,2026-09-30
ellisha01,Harold Ellis,1995,1995,1,-2.6,1654,1995,-2.603,2.1.0,2026-09-30
stoudsa01,Salim Stoudamire,2006,2007,2,-2.61,1655,2006,-0.936,2.1.0,2026-09-30
davisch01,Charlie Davis,1972,1973,2,-2.61,1656,1972,-1.234,2.1.0,2026-09-30
mccawpa01,Patrick McCaw,2017,2017,1,-2.61,1656,2017,-2.614,2.1.0,2026-09-30
garlaga01,Gary Garland,1980,1980,1,-2.62,1658,1980,-2.616,2.1.0,2026-09-30
jolifho01,Howie Jolliff,1962,1962,1,-2.62,1659,1962,-2.622,2.1.0,2026-09-30
edwarke01,Kevin Edwards,1989,1994,5,-2.63,1660,1994,0.776,2.1.0,2026-09-30
douglto01,Toney Douglas,2011,2016,3,-2.64,1661,2013,-0.432,2.1.0,2026-09-30
hodgedo01,Donald Hodge,1993,1993,1,-2.64,1662,1993,-2.642,2.1.0,2026-09-30
mcnamjo01,Joe McNamee,1952,1952,1,-2.64,1663,1952,-2.643,2.1.0,2026-09-30
kiddgmi01,Michael Kidd-Gilchrist,2013,2019,5,-2.64,1664,2017,0.32,2.1.0,2026-09-30
boynewi01,Winford Boynes,1979,1980,2,-2.65,1665,1980,-1.32,2.1.0,2026-09-30
krejcvi01,Vít Krejčí,2026,2026,1,-2.66,1666,2026,-2.659,2.1.0,2026-09-30
blackco01,Cory Blackwell,1985,1985,1,-2.66,1667,1985,-2.663,2.1.0,2026-09-30
blankla01,Lance Blanks,1993,1993,1,-2.67,1668,1993,-2.666,2.1.0,2026-09-30
holliro01,Rondae Hollis-Jefferson,2017,2020,4,-2.67,1669,2018,0.725,2.1.0,2026-09-30
giricgo01,Gordan Giriček,2003,2007,4,-2.67,1670,2004,-0.253,2.1.0,2026-09-30
burdeti01,Ticky Burden,1976,1977,2,-2.67,1671,1976,-0.587,2.1.0,2026-09-30
brewero01,Ron Brewer,1979,1983,5,-2.67,1672,1980,0.525,2.1.0,2026-09-30
grayle01,Leonard Gray,1975,1977,3,-2.68,1673,1976,0.594,2.1.0,2026-09-30
roberst01,Stanley Roberts,1993,1998,2,-2.68,1674,1993,-0.179,2.1.0,2026-09-30
hayeski01,Killian Hayes,2022,2023,2,-2.7,1675,2023,-0.946,2.1.0,2026-09-30
dumasto01,Tony Dumas,1995,1996,2,-2.7,1676,1996,-0.623,2.1.0,2026-09-30
potapvi01,Vitaly Potapenko,1997,2004,7,-2.7,1677,1999,0.684,2.1.0,2026-09-30
sheadja01,Jamal Shead,2025,2026,2,-2.7,1678,2025,-1.05,2.1.0,2026-09-30
abdulta01,Tariq Abdul-Wahad,1998,2000,3,-2.71,1679,2000,0.032,2.1.0,2026-09-30
leeke01,Keith Lee,1986,1987,2,-2.71,1680,1986,-1.086,2.1.0,2026-09-30
johnsbu01,Buck Johnson,1987,1993,7,-2.71,1681,1990,1.074,2.1.0,2026-09-30
richtjo01,John Richter,1960,1960,1,-2.71,1682,1960,-2.71,2.1.0,2026-09-30
hetzefr01,Fred Hetzel,1966,1971,6,-2.71,1683,1968,1.528,2.1.0,2026-09-30
wilkebo01,Bob Wilkerson,1977,1983,7,-2.71,1684,1978,-0.102,2.1.0,2026-09-30
crawfjo02,Jordan Crawford,2012,2014,3,-2.72,1685,2012,-0.043,2.1.0,2026-09-30
dosunay01,Ayo Dosunmu,2022,2026,4,-2.72,1686,2026,0.194,2.1.0,2026-09-30
adamsdo01,Don Adams,1971,1977,5,-2.72,1687,1974,0.196,2.1.0,2026-09-30
portecr01,Craig Porter Jr.,2026,2026,1,-2.72,1688,2026,-2.721,2.1.0,2026-09-30
lucasjo02,John Lucas III,2012,2013,2,-2.72,1689,2012,-1.101,2.1.0,2026-09-30
szabobr01,Brett Szabo,1997,1997,1,-2.72,1690,1997,-2.725,2.1.0,2026-09-30
butlera01,Rasual Butler,2003,2015,7,-2.73,1691,2007,-0.138,2.1.0,2026-09-30
bovendo01,Don Boven,1952,1953,2,-2.74,1692,1952,-0.616,2.1.0,2026-09-30
kolekty01,Tyler Kolek,2026,2026,1,-2.74,1693,2026,-2.741,2.1.0,2026-09-30
armstta01,Tate Armstrong,1978,1978,1,-2.74,1694,1978,-2.744,2.1.0,2026-09-30
delanma01,Malcolm Delaney,2017,2017,1,-2.75,1695,2017,-2.748,2.1.0,2026-09-30
ladnewe01,Wendell Ladner,1971,1974,3,-2.75,1696,1971,-0.597,2.1.0,2026-09-30
childjo01,Josh Childress,2005,2008,3,-2.75,1697,2006,-0.556,2.1.0,2026-09-30
schulho01,Howie Schultz,1952,1952,1,-2.75,1698,1952,-2.749,2.1.0,2026-09-30
bannike01,Ken Bannister,1985,1986,2,-2.75,1699,1986,-1.021,2.1.0,2026-09-30
vincesa01,Sam Vincent,1988,1990,3,-2.75,1700,1990,-0.562,2.1.0,2026-09-30
grahapa01,Paul Graham,1992,1993,2,-2.75,1701,1992,-0.185,2.1.0,2026-09-30
greenge01,Gerald Green,2007,2019,6,-2.76,1702,2014,1.947,2.1.0,2026-09-30
frankwi01,Bill Franklin,1973,1973,1,-2.76,1703,1973,-2.757,2.1.0,2026-09-30
mykhasv01,Svi Mykhailiuk,2020,2021,2,-2.76,1704,2021,-1.252,2.1.0,2026-09-30
jonesed01,Edgar Jones,1981,1984,3,-2.77,1705,1984,-0.366,2.1.0,2026-09-30
lofgrdo01,Don Lofgran,1952,1953,2,-2.77,1706,1952,-1.073,2.1.0,2026-09-30
thornal01,Al Thornton,2008,2011,4,-2.77,1707,2009,0.07,2.1.0,2026-09-30
hilljo01,Jordan Hill,2011,2016,4,-2.78,1708,2015,-0.03,2.1.0,2026-09-30
crabbal01,Allen Crabbe,2016,2018,3,-2.79,1709,2018,-0.287,2.1.0,2026-09-30
watfotr01,Trendon Watford,2023,2024,2,-2.79,1710,2024,-1.287,2.1.0,2026-09-30
bryanca01,Carter Bryant,2026,2026,1,-2.8,1711,2026,-2.796,2.1.0,2026-09-30
glassge01,Gerald Glass,1992,1993,2,-2.8,1712,1992,-0.976,2.1.0,2026-09-30
alforst01,Steve Alford,1989,1989,1,-2.8,1713,1989,-2.797,2.1.0,2026-09-30
youngni01,Nick Young,2008,2018,9,-2.8,1714,2014,0.268,2.1.0,2026-09-30
dienggo01,Gorgui Dieng,2014,2020,7,-2.8,1715,2017,0.042,2.1.0,2026-09-30
harrilu01,Lucious Harris,1994,2005,10,-2.81,1716,2003,0.869,2.1.0,2026-09-30
jamesje01,Jerome James,2004,2005,2,-2.81,1717,2004,-1.348,2.1.0,2026-09-30
watsobo01,Bobby Watson,1955,1955,1,-2.82,1718,1955,-2.818,2.1.0,2026-09-30
jacksjo02,Josh Jackson,2018,2021,3,-2.82,1719,2021,-0.164,2.1.0,2026-09-30
vaughra01,Rashad Vaughn,2016,2016,1,-2.82,1720,2016,-2.822,2.1.0,2026-09-30
combsgl01,Glen Combs,1969,1974,5,-2.82,1721,1971,1.425,2.1.0,2026-09-30
washiri01,Richard Washington,1977,1981,4,-2.82,1722,1977,1.039,2.1.0,2026-09-30
nealji01,Jim Neal,1954,1954,1,-2.83,1723,1954,-2.83,2.1.0,2026-09-30
champju01,Justin Champagnie,2025,2026,2,-2.83,1724,2025,-1.414,2.1.0,2026-09-30
brissos01,Oshae Brissett,2022,2023,2,-2.83,1725,2022,-1.152,2.1.0,2026-09-30
dioguik01,Ike Diogu,2006,2007,2,-2.83,1726,2006,-1.252,2.1.0,2026-09-30
davisbr02,Brian Davis,1994,1994,1,-2.84,1727,1994,-2.841,2.1.0,2026-09-30
hightwa01,Wayne Hightower,1963,1971,7,-2.84,1728,1964,1.055,2.1.0,2026-09-30
gabriwe01,Wenyen Gabriel,2023,2023,1,-2.85,1729,2023,-2.848,2.1.0,2026-09-30
jamesaa01,Aaron James,1975,1979,4,-2.85,1730,1978,0.278,2.1.0,2026-09-30
burresc01,Scott Burrell,1995,2000,3,-2.86,1731,1995,0.957,2.1.0,2026-09-30
haywobr01,Brendan Haywood,2002,2013,11,-2.86,1732,2008,-0.123,2.1.0,2026-09-30
eakinji01,Jim Eakins,1969,1977,9,-2.87,1733,1973,-0.08,2.1.0,2026-09-30
youngsa01,Sam Young,2010,2011,2,-2.88,1734,2010,-0.99,2.1.0,2026-09-30
kennalu01,Luke Kennard,2018,2026,7,-2.88,1735,2022,0.84,2.1.0,2026-09-30
knighne01,Negele Knight,1991,1994,2,-2.89,1736,1994,-0.404,2.1.0,2026-09-30
reedro01,Ron Reed,1966,1967,2,-2.89,1737,1967,-1.144,2.1.0,2026-09-30
smithde02,Derek Smith,1984,1990,4,-2.89,1738,1985,1.979,2.1.0,2026-09-30
jacksfr01,Frank Jackson,2019,2020,2,-2.89,1739,2019,-1.275,2.1.0,2026-09-30
roberan01,Anthony Roberts,1978,1979,2,-2.89,1740,1978,-0.827,2.1.0,2026-09-30
wakefan01,Andre Wakefield,1979,1979,1,-2.9,1741,1979,-2.895,2.1.0,2026-09-30
tschojo01,John Tschogl,1974,1974,1,-2.9,1742,1974,-2.903,2.1.0,2026-09-30
dayeau01,Austin Daye,2010,2011,2,-2.91,1743,2011,-1.008,2.1.0,2026-09-30
ulisty01,Tyler Ulis,2017,2018,2,-2.92,1744,2017,-1.193,2.1.0,2026-09-30
exumda01,Dante Exum,2015,2017,2,-2.92,1745,2015,-1.151,2.1.0,2026-09-30
spearod01,Odie Spears,1952,1956,5,-2.92,1746,1953,0.292,2.1.0,2026-09-30
jaricma01,Marko Jarić,2003,2008,5,-2.93,1747,2004,-0.209,2.1.0,2026-09-30
reidbi01,Billy Reid,1981,1981,1,-2.93,1748,1981,-2.932,2.1.0,2026-09-30
greenaj01,A.J. Green,2025,2026,2,-2.93,1749,2026,-0.995,2.1.0,2026-09-30
mbahalu01,Luc Mbah a Moute,2009,2018,9,-2.94,1750,2009,-0.1,2.1.0,2026-09-30
hylanbo01,Bones Hyland,2022,2026,2,-2.94,1751,2022,-1.051,2.1.0,2026-09-30
richani01,Nick Richards,2023,2024,2,-2.94,1752,2023,-1.201,2.1.0,2026-09-30
inniger01,Ervin Inniger,1968,1968,1,-2.94,1753,1968,-2.941,2.1.0,2026-09-30
garredi01,Dick Garrett,1970,1973,4,-2.94,1754,1970,-0.242,2.1.0,2026-09-30
caffeja01,Jason Caffey,1997,2001,5,-2.94,1755,1999,-0.228,2.1.0,2026-09-30
alexani01,Nickeil Alexander-Walker,2022,2026,5,-2.94,1756,2026,1.941,2.1.0,2026-09-30
pendeje02,Jeff Ayres,2014,2014,1,-2.95,1757,2014,-2.946,2.1.0,2026-09-30
thompjo01,John Thompson,1965,1965,1,-2.95,1758,1965,-2.947,2.1.0,2026-09-30
mcintke01,Kenny McIntosh,1973,1974,2,-2.96,1759,1974,-1.271,2.1.0,2026-09-30
stepavl01,Vladimir Stepania,2002,2003,2,-2.96,1760,2003,-1.165,2.1.0,2026-09-30
mckinal01,Alfonzo McKinnie,2019,2019,1,-2.97,1761,2019,-2.97,2.1.0,2026-09-30
tomlina01,Nae'Qwan Tomlin,2026,2026,1,-2.98,1762,2026,-2.979,2.1.0,2026-09-30
brancad01,Adrian Branch,1989,1989,1,-2.99,1763,1989,-2.986,2.1.0,2026-09-30
battljo01,John Battle,1986,1992,7,-2.99,1764,1991,0.058,2.1.0,2026-09-30
merrisa01,Sam Merrill,2024,2025,2,-2.99,1765,2025,-1.1,2.1.0,2026-09-30
decolna01,Nando De Colo,2013,2013,1,-3.0,1766,2013,-2.998,2.1.0,2026-09-30
keysra01,Randolph Keys,1990,1996,2,-3.0,1767,1990,-0.798,2.1.0,2026-09-30
olowomi01,Michael Olowokandi,1999,2005,5,-3.01,1768,2002,1.024,2.1.0,2026-09-30
tsiorlo01,Lou Tsioropoulos,1957,1958,2,-3.01,1769,1958,-1.063,2.1.0,2026-09-30
davisme01,Mel Davis,1975,1975,1,-3.01,1770,1975,-3.008,2.1.0,2026-09-30
ighodos01,Oso Ighodaro,2025,2026,2,-3.02,1771,2026,-1.377,2.1.0,2026-09-30
nachbbo01,Boštjan Nachbar,2005,2008,3,-3.03,1772,2008,-0.798,2.1.0,2026-09-30
swageke01,Keith Swagerty,1969,1969,1,-3.03,1773,1969,-3.034,2.1.0,2026-09-30
bembrde01,DeAndre' Bembry,2019,2021,2,-3.04,1774,2019,-1.306,2.1.0,2026-09-30
looneke01,Kevon Looney,2018,2025,7,-3.05,1775,2022,0.304,2.1.0,2026-09-30
westdo01,Doug West,1991,1997,7,-3.05,1776,1993,0.45,2.1.0,2026-09-30
hairspj02,P.J. Hairston,2016,2016,1,-3.05,1777,2016,-3.053,2.1.0,2026-09-30
milleda01,Darius Miller,2018,2019,2,-3.05,1778,2019,-1.01,2.1.0,2026-09-30
cissosi01,Sidy Cissoko,2026,2026,1,-3.07,1779,2026,-3.069,2.1.0,2026-09-30
georgta01,Tate George,1992,1992,1,-3.07,1780,1992,-3.073,2.1.0,2026-09-30
coulibi01,Bilal Coulibaly,2024,2025,2,-3.08,1781,2025,-1.247,2.1.0,2026-09-30
smithmi01,Michael Smith,1990,1990,1,-3.08,1782,1990,-3.08,2.1.0,2026-09-30
rebraze01,Željko Rebrača,2002,2005,2,-3.1,1783,2005,-1.154,2.1.0,2026-09-30
casspom01,Omri Casspi,2010,2016,6,-3.1,1784,2016,-0.044,2.1.0,2026-09-30
jenkijo01,John Jenkins,2013,2013,1,-3.1,1785,2013,-3.1,2.1.0,2026-09-30
woodsra01,Randy Woods,1995,1995,1,-3.11,1786,1995,-3.107,2.1.0,2026-09-30
tillmxa01,Xavier Tillman Sr.,2021,2023,2,-3.11,1787,2023,-0.994,2.1.0,2026-09-30
willifl01,Fly Williams,1975,1975,1,-3.11,1788,1975,-3.113,2.1.0,2026-09-30
calabge01,Gerry Calabrese,1952,1952,1,-3.12,1789,1952,-3.12,2.1.0,2026-09-30
bedfowi01,William Bedford,1991,1991,1,-3.12,1790,1991,-3.122,2.1.0,2026-09-30
bouchch01,Chris Boucher,2020,2023,4,-3.12,1791,2021,0.52,2.1.0,2026-09-30
stricma01,Mark Strickland,2000,2000,1,-3.13,1792,2000,-3.13,2.1.0,2026-09-30
cancavl01,Vlatko Čančar,2023,2023,1,-3.13,1793,2023,-3.13,2.1.0,2026-09-30
johnsfr01,Frank Johnson,1982,1994,7,-3.13,1794,1983,1.612,2.1.0,2026-09-30
delfica01,Carlos Delfino,2006,2013,6,-3.14,1795,2010,0.294,2.1.0,2026-09-30
hamptrj01,R.J. Hampton,2021,2022,2,-3.14,1796,2021,-1.459,2.1.0,2026-09-30
warlibo01,Bob Warlick,1968,1969,2,-3.14,1797,1968,-1.357,2.1.0,2026-09-30
obriera01,Ralph O'Brien,1952,1953,2,-3.14,1798,1952,-0.952,2.1.0,2026-09-30
turneja01,Jack Turner,1955,1955,1,-3.15,1799,1955,-3.148,2.1.0,2026-09-30
harvedo01,Donnell Harvey,2003,2004,2,-3.15,1800,2003,-0.897,2.1.0,2026-09-30
rollitr01,Tree Rollins,1978,1992,12,-3.15,1801,1980,0.409,2.1.0,2026-09-30
balkmre01,Renaldo Balkman,2007,2008,2,-3.16,1802,2007,-1.148,2.1.0,2026-09-30
laresyo01,York Larese,1962,1962,1,-3.16,1803,1962,-3.16,2.1.0,2026-09-30
carusal01,Alex Caruso,2020,2024,4,-3.16,1804,2024,0.428,2.1.0,2026-09-30
harriot01,Othella Harrington,1998,2006,8,-3.17,1805,2000,0.157,2.1.0,2026-09-30
watanyu01,Yuta Watanabe,2023,2023,1,-3.17,1806,2023,-3.166,2.1.0,2026-09-30
garreca01,Calvin Garrett,1981,1981,1,-3.17,1807,1981,-3.167,2.1.0,2026-09-30
leaveal01,Allen Leavell,1980,1988,7,-3.17,1808,1984,-0.042,2.1.0,2026-09-30
stanste01,Terence Stansbury,1985,1986,2,-3.17,1809,1986,-1.42,2.1.0,2026-09-30
delkto01,Tony Delk,1997,2003,6,-3.18,1810,2003,0.084,2.1.0,2026-09-30
lichtto01,Todd Lichti,1990,1992,2,-3.18,1811,1992,-1.59,2.1.0,2026-09-30
lylestr01,Trey Lyles,2016,2025,9,-3.19,1812,2018,0.16,2.1.0,2026-09-30
duhonch01,Chris Duhon,2005,2012,7,-3.19,1813,2009,0.399,2.1.0,2026-09-30
piatker01,Eric Piatkowski,1995,2005,10,-3.2,1814,2002,-0.255,2.1.0,2026-09-30
fredeji01,Jimmer Fredette,2012,2013,2,-3.21,1815,2013,-1.53,2.1.0,2026-09-30
mudiaem01,Emmanuel Mudiay,2016,2020,4,-3.21,1816,2016,0.266,2.1.0,2026-09-30
belljo01,Jordan Bell,2019,2019,1,-3.22,1817,2019,-3.216,2.1.0,2026-09-30
derliro01,Rod Derline,1975,1975,1,-3.22,1818,1975,-3.218,2.1.0,2026-09-30
battlke01,Kenny Battle,1990,1990,1,-3.22,1819,1990,-3.221,2.1.0,2026-09-30
wiggimi01,Mitchell Wiggins,1984,1990,4,-3.23,1820,1990,0.42,2.1.0,2026-09-30
snydeki01,Kirk Snyder,2005,2006,2,-3.23,1821,2006,-1.107,2.1.0,2026-09-30
gilled01,Eddie Gill,2005,2005,1,-3.24,1822,2005,-3.236,2.1.0,2026-09-30
gueyemo02,Mouhamed Gueye,2026,2026,1,-3.24,1823,2026,-3.242,2.1.0,2026-09-30
jameshe01,Henry James,1992,1992,1,-3.25,1824,1992,-3.247,2.1.0,2026-09-30
gonzahu01,Hugo González,2026,2026,1,-3.25,1825,2026,-3.249,2.1.0,2026-09-30
deesar01,Archie Dees,1959,1960,2,-3.26,1826,1960,-1.594,2.1.0,2026-09-30
budkowa01,Walt Budko,1952,1952,1,-3.26,1827,1952,-3.263,2.1.0,2026-09-30
nnajize01,Zeke Nnaji,2024,2024,1,-3.27,1828,2024,-3.266,2.1.0,2026-09-30
bayleje01,Jerryd Bayless,2010,2015,5,-3.27,1829,2013,-0.065,2.1.0,2026-09-30
weissbo01,Bob Weiss,1968,1977,10,-3.27,1830,1972,0.363,2.1.0,2026-09-30
blackan01,Anthony Black,2024,2026,3,-3.27,1831,2026,0.476,2.1.0,2026-09-30
kronto01,Tommy Kron,1968,1969,2,-3.27,1832,1968,-1.135,2.1.0,2026-09-30
meeksjo01,Jodie Meeks,2010,2018,7,-3.27,1833,2015,0.42,2.1.0,2026-09-30
brownsh01,Shannon Brown,2010,2013,4,-3.27,1834,2012,0.143,2.1.0,2026-09-30
nichoan01,Andrew Nicholson,2013,2014,2,-3.27,1835,2013,-1.48,2.1.0,2026-09-30
bradlto01,Tony Bradley,2020,2020,1,-3.29,1836,2020,-3.288,2.1.0,2026-09-30
waltere01,Rex Walters,1995,1997,2,-3.29,1837,1997,-1.426,2.1.0,2026-09-30
hawthna01,Nate Hawthorne,1976,1976,1,-3.29,1838,1976,-3.292,2.1.0,2026-09-30
hordgce01,Cedrick Hordges,1981,1982,2,-3.3,1839,1981,-0.85,2.1.0,2026-09-30
goldwan01,Anthony Goldwire,1997,1998,2,-3.3,1840,1997,-1.498,2.1.0,2026-09-30
cardibr01,Brian Cardinal,2004,2009,3,-3.3,1841,2004,0.227,2.1.0,2026-09-30
vacenst01,Steve Vacendak,1969,1969,1,-3.3,1842,1969,-3.299,2.1.0,2026-09-30
wainris01,Ish Wainright,2023,2023,1,-3.31,1843,2023,-3.307,2.1.0,2026-09-30
speigma01,Marreese Speights,2009,2017,9,-3.33,1844,2013,-0.307,2.1.0,2026-09-30
quinnbr01,Brian Quinnett,1991,1991,1,-3.33,1845,1991,-3.331,2.1.0,2026-09-30
missiyv01,Yves Missi,2025,2026,2,-3.33,1846,2026,-1.644,2.1.0,2026-09-30
davisma02,Mark Davis,1997,1998,2,-3.34,1847,1997,-1.136,2.1.0,2026-09-30
ajincal01,Alexis Ajinça,2015,2016,2,-3.34,1848,2016,-1.336,2.1.0,2026-09-30
bateske01,Keita Bates-Diop,2022,2023,2,-3.34,1849,2022,-1.466,2.1.0,2026-09-30
tolbeto01,Tom Tolbert,1990,1993,3,-3.35,1850,1993,-0.208,2.1.0,2026-09-30
willipa01,Patrick Williams,2021,2026,4,-3.35,1851,2023,-0.069,2.1.0,2026-09-30
popema01,Mark Pope,2001,2001,1,-3.35,1852,2001,-3.354,2.1.0,2026-09-30
booketr01,Trevor Booker,2011,2018,7,-3.36,1853,2015,-0.085,2.1.0,2026-09-30
jonesoz01,Ozell Jones,1985,1985,1,-3.36,1854,1985,-3.361,2.1.0,2026-09-30
edwarju01,Justin Edwards,2026,2026,1,-3.36,1855,2026,-3.362,2.1.0,2026-09-30
carrica01,Bub Carrington,2025,2026,2,-3.36,1856,2025,-1.678,2.1.0,2026-09-30
pincked01,Ed Pinckney,1986,1996,10,-3.37,1857,1987,-0.094,2.1.0,2026-09-30
halbrsw01,Swede Halbrook,1961,1962,2,-3.37,1858,1962,-1.218,2.1.0,2026-09-30
roberri01,Rick Roberson,1970,1976,6,-3.38,1859,1973,0.807,2.1.0,2026-09-30
jonesda01,Damon Jones,2001,2008,7,-3.39,1860,2005,2.986,2.1.0,2026-09-30
mayescl01,Clyde Mayes,1976,1976,1,-3.39,1861,1976,-3.393,2.1.0,2026-09-30
smithla02,LaBradford Smith,1993,1994,2,-3.4,1862,1993,-1.398,2.1.0,2026-09-30
kupeccj01,C.J. Kupec,1977,1977,1,-3.4,1863,1977,-3.396,2.1.0,2026-09-30
haleyja01,Jack Haley,1990,1991,2,-3.4,1864,1990,-1.684,2.1.0,2026-09-30
walkefo01,Foots Walker,1975,1983,7,-3.4,1865,1980,0.469,2.1.0,2026-09-30
watsoja01,Jamie Watson,1995,1995,1,-3.41,1866,1995,-3.406,2.1.0,2026-09-30
burkepa01,Pat Burke,2003,2003,1,-3.41,1867,2003,-3.408,2.1.0,2026-09-30
livinsh01,Shaun Livingston,2006,2019,10,-3.42,1868,2015,0.069,2.1.0,2026-09-30
bjeline01,Nemanja Bjelica,2016,2022,6,-3.43,1869,2020,0.192,2.1.0,2026-09-30
vincega01,Gabe Vincent,2022,2025,3,-3.43,1870,2023,-0.277,2.1.0,2026-09-30
swainbe01,Bennie Swain,1959,1959,1,-3.44,1871,1959,-3.435,2.1.0,2026-09-30
mustaje01,Jerrod Mustaf,1991,1991,1,-3.44,1872,1991,-3.438,2.1.0,2026-09-30
bosweto01,Tom Boswell,1977,1980,4,-3.44,1873,1979,0.858,2.1.0,2026-09-30
steppbr01,Brook Steppe,1983,1984,2,-3.45,1874,1984,-1.342,2.1.0,2026-09-30
parkesm01,Smush Parker,2003,2007,3,-3.45,1875,2006,0.466,2.1.0,2026-09-30
martico01,Cody Martin,2020,2022,3,-3.45,1876,2022,-0.311,2.1.0,2026-09-30
normaco01,Connie Norman,1976,1976,1,-3.45,1877,1976,-3.453,2.1.0,2026-09-30
jacksis01,Isaiah Jackson,2023,2024,2,-3.48,1878,2023,-1.209,2.1.0,2026-09-30
clarkja02,Jaylen Clark,2026,2026,1,-3.49,1879,2026,-3.49,2.1.0,2026-09-30
walkebi01,Henry Walker,2011,2011,1,-3.49,1880,2011,-3.491,2.1.0,2026-09-30
harrist01,Steve Harris,1987,1988,2,-3.5,1881,1988,-1.16,2.1.0,2026-09-30
tresvjo01,John Tresvant,1966,1972,7,-3.5,1882,1969,0.345,2.1.0,2026-09-30
dorsejo01,Joey Dorsey,2015,2015,1,-3.51,1883,2015,-3.51,2.1.0,2026-09-30
dickede01,Derrek Dickey,1974,1976,3,-3.52,1884,1975,-0.161,2.1.0,2026-09-30
hamilst01,Steve Hamilton,1959,1959,1,-3.52,1885,1959,-3.518,2.1.0,2026-09-30
trentga01,Gary Trent,1996,2004,6,-3.52,1886,1999,1.916,2.1.0,2026-09-30
martije01,Jeff Martin,1990,1991,2,-3.52,1887,1991,-1.736,2.1.0,2026-09-30
mccarjo01,Johnny McCarthy,1957,1961,3,-3.53,1888,1961,-0.995,2.1.0,2026-09-30
laneje01,Jerome Lane,1990,1991,2,-3.53,1889,1991,-1.018,2.1.0,2026-09-30
ratleed01,Ed Ratleff,1974,1978,4,-3.53,1890,1975,0.248,2.1.0,2026-09-30
beasljo01,John Beasley,1968,1973,6,-3.53,1891,1968,1.136,2.1.0,2026-09-30
roberto01,Tony Robertson,1978,1978,1,-3.53,1892,1978,-3.534,2.1.0,2026-09-30
lewisqu01,Quincy Lewis,2000,2000,1,-3.55,1893,2000,-3.545,2.1.0,2026-09-30
mcmilsh01,Shellie McMillon,1960,1962,3,-3.55,1894,1962,-0.755,2.1.0,2026-09-30
kopicjo01,Joe Kopicki,1984,1984,1,-3.55,1895,1984,-3.552,2.1.0,2026-09-30
strawjo01,Joe Strawder,1966,1968,3,-3.55,1896,1967,-0.369,2.1.0,2026-09-30
jorgeno01,Noble Jorgensen,1952,1953,2,-3.55,1897,1952,-0.908,2.1.0,2026-09-30
ellisbo02,Bo Ellis,1978,1978,1,-3.56,1898,1978,-3.555,2.1.0,2026-09-30
howarje01,Jett Howard,2025,2025,1,-3.56,1899,2025,-3.557,2.1.0,2026-09-30
rhodero01,Rodrick Rhodes,1998,1998,1,-3.56,1899,1998,-3.557,2.1.0,2026-09-30
jonespe01,Perry Jones,2014,2014,1,-3.56,1901,2014,-3.559,2.1.0,2026-09-30
hensost01,Steve Henson,1991,1991,1,-3.56,1902,1991,-3.562,2.1.0,2026-09-30
lauvejo01,Joffrey Lauvergne,2016,2017,2,-3.56,1903,2016,-0.742,2.1.0,2026-09-30
marksse01,Sean Marks,2009,2009,1,-3.57,1904,2009,-3.566,2.1.0,2026-09-30
turnean01,Andre Turner,1991,1992,2,-3.57,1905,1991,-1.745,2.1.0,2026-09-30
ruffnpa01,Paul Ruffner,1972,1972,1,-3.57,1906,1972,-3.569,2.1.0,2026-09-30
komivho01,Howard Komives,1965,1973,9,-3.57,1907,1969,-0.445,2.1.0,2026-09-30
niemari01,Rich Niemann,1970,1970,1,-3.57,1908,1970,-3.571,2.1.0,2026-09-30
calhobi01,Bill Calhoun,1952,1955,4,-3.58,1909,1953,0.458,2.1.0,2026-09-30
hausesa01,Sam Hauser,2023,2026,4,-3.59,1910,2024,-0.138,2.1.0,2026-09-30
kinglo01,Loyd King,1972,1972,1,-3.59,1911,1972,-3.586,2.1.0,2026-09-30
welpch01,Chris Welp,1989,1989,1,-3.6,1912,1989,-3.595,2.1.0,2026-09-30
mohamna01,Nazr Mohammed,2001,2014,11,-3.6,1913,2005,-0.018,2.1.0,2026-09-30
riverau01,Austin Rivers,2013,2022,9,-3.6,1914,2018,0.72,2.1.0,2026-09-30
rhineke01,Kendall Rhine,1969,1969,1,-3.6,1915,1969,-3.6,2.1.0,2026-09-30
dotsoda01,Damyean Dotson,2019,2020,2,-3.6,1916,2019,-1.538,2.1.0,2026-09-30
johnsge02,George Johnson,1974,1985,10,-3.6,1917,1980,0.004,2.1.0,2026-09-30
leaftj01,T.J. Leaf,2019,2019,1,-3.6,1918,2019,-3.602,2.1.0,2026-09-30
mccarwi01,Willie McCarter,1971,1971,1,-3.6,1919,1971,-3.603,2.1.0,2026-09-30
roberbr01,Brian Roberts,2013,2015,3,-3.6,1920,2014,-0.839,2.1.0,2026-09-30
grunfer01,Ernie Grunfeld,1978,1986,9,-3.61,1921,1979,-0.072,2.1.0,2026-09-30
carlodo01,Don Carlos,1969,1969,1,-3.61,1922,1969,-3.609,2.1.0,2026-09-30
josepco01,Cory Joseph,2014,2023,10,-3.61,1923,2016,-0.243,2.1.0,2026-09-30
fulksjo01,Joe Fulks,1952,1954,3,-3.61,1924,1952,0.057,2.1.0,2026-09-30
willija01,Jayson Williams,1994,1998,4,-3.61,1925,1998,1.441,2.1.0,2026-09-30
beckco01,Corey Beck,1998,1998,1,-3.62,1926,1998,-3.619,2.1.0,2026-09-30
benneme01,Mel Bennett,1976,1977,2,-3.62,1927,1976,-1.582,2.1.0,2026-09-30
luety01,Tyronn Lue,2002,2005,4,-3.62,1928,2002,-0.566,2.1.0,2026-09-30
mannte01,Terance Mann,2021,2026,6,-3.63,1929,2022,0.418,2.1.0,2026-09-30
donhabo01,Bob Donham,1952,1954,3,-3.63,1930,1952,0.415,2.1.0,2026-09-30
stevela01,Lamar Stevens,2022,2023,2,-3.63,1931,2022,-1.14,2.1.0,2026-09-30
poweldw01,Dwight Powell,2016,2026,9,-3.63,1932,2019,0.345,2.1.0,2026-09-30
ostergr01,Greg Ostertag,1997,2006,9,-3.64,1933,2004,0.268,2.1.0,2026-09-30
jonesty01,Tyus Jones,2017,2026,10,-3.64,1934,2022,-0.055,2.1.0,2026-09-30
nworajo01,Jordan Nwora,2022,2023,2,-3.66,1935,2023,-1.208,2.1.0,2026-09-30
ezelife01,Festus Ezeli,2013,2013,1,-3.66,1936,2013,-3.656,2.1.0,2026-09-30
pendano01,Noah Penda,2026,2026,1,-3.66,1937,2026,-3.656,2.1.0,2026-09-30
pietrmi01,Mickaël Piétrus,2005,2010,4,-3.66,1938,2005,-0.554,2.1.0,2026-09-30
moodymo01,Moses Moody,2023,2026,4,-3.66,1939,2026,0.415,2.1.0,2026-09-30
weathni01,Nick Weatherspoon,1974,1979,5,-3.66,1940,1977,0.094,2.1.0,2026-09-30
mejrisa01,Salah Mejri,2017,2018,2,-3.66,1941,2018,-1.716,2.1.0,2026-09-30
chrisma01,Marquese Chriss,2017,2020,3,-3.66,1942,2020,-0.82,2.1.0,2026-09-30
johnske01,Ken Johnson,1986,1986,1,-3.66,1943,1986,-3.662,2.1.0,2026-09-30
pattean01,Andrae Patterson,1999,1999,1,-3.66,1944,1999,-3.663,2.1.0,2026-09-30
selvyfr01,Frank Selvy,1959,1964,6,-3.66,1945,1962,0.798,2.1.0,2026-09-30
thiebbi01,Bill Thieben,1957,1957,1,-3.66,1946,1957,-3.663,2.1.0,2026-09-30
comegda01,Dallas Comegys,1988,1989,2,-3.67,1947,1988,-1.825,2.1.0,2026-09-30
lowesi01,Sidney Lowe,1984,1990,2,-3.67,1948,1990,-1.835,2.1.0,2026-09-30
wardhe01,Henry Ward,1976,1976,1,-3.67,1949,1976,-3.674,2.1.0,2026-09-30
onimi01,Miye Oni,2021,2021,1,-3.67,1950,2021,-3.675,2.1.0,2026-09-30
jordach01,Charles Jordan,1976,1976,1,-3.69,1951,1976,-3.686,2.1.0,2026-09-30
loderke01,Kevin Loder,1982,1983,2,-3.69,1952,1982,-1.694,2.1.0,2026-09-30
davisch02,Charles Davis,1983,1985,2,-3.69,1953,1983,-1.159,2.1.0,2026-09-30
rambiku01,Kurt Rambis,1982,1993,10,-3.69,1954,1989,-0.441,2.1.0,2026-09-30
mottoha01,Hanno Möttölä,2001,2002,2,-3.7,1955,2002,-1.794,2.1.0,2026-09-30
davisdw01,Dwight Davis,1973,1976,4,-3.71,1956,1974,0.015,2.1.0,2026-09-30
robingl02,Glenn Robinson III,2017,2020,2,-3.71,1957,2020,-1.02,2.1.0,2026-09-30
arnetja01,Jay Arnette,1965,1965,1,-3.71,1958,1965,-3.709,2.1.0,2026-09-30
tuckeji01,Jim Tucker,1956,1956,1,-3.71,1959,1956,-3.71,2.1.0,2026-09-30
jacksan01,Andre Jackson Jr.,2025,2025,1,-3.71,1960,2025,-3.71,2.1.0,2026-09-30
grayaa01,Aaron Gray,2008,2012,2,-3.71,1961,2012,-1.547,2.1.0,2026-09-30
davisra01,Ralph Davis,1961,1962,2,-3.72,1962,1962,-1.491,2.1.0,2026-09-30
peelean01,Anthony Peeler,1993,2004,9,-3.72,1963,1997,-0.211,2.1.0,2026-09-30
antetth01,Thanasis Antetokounmpo,2021,2021,1,-3.73,1964,2021,-3.73,2.1.0,2026-09-30
carliri01,Rick Carlisle,1986,1986,1,-3.73,1965,1986,-3.732,2.1.0,2026-09-30
willije01,Jerome Williams,1998,2005,8,-3.73,1966,2003,-0.297,2.1.0,2026-09-30
woodle01,Leon Wood,1986,1987,2,-3.75,1967,1987,-1.152,2.1.0,2026-09-30
martica01,Cartier Martin,2014,2014,1,-3.75,1968,2014,-3.754,2.1.0,2026-09-30
hollaro01,Ron Holland,2025,2026,2,-3.76,1969,2026,-1.495,2.1.0,2026-09-30
paxsoji01,Jim Paxson,1957,1958,2,-3.76,1970,1958,-0.946,2.1.0,2026-09-30
smithch02,Charles Smith,1990,1990,1,-3.76,1971,1990,-3.76,2.1.0,2026-09-30
diawamo01,Mohamed Diawara,2026,2026,1,-3.76,1972,2026,-3.76,2.1.0,2026-09-30
cartebu01,Butch Carter,1982,1985,4,-3.77,1973,1984,-0.02,2.1.0,2026-09-30
davisgl01,Glen Davis,2008,2015,6,-3.77,1974,2011,0.186,2.1.0,2026-09-30
evansbr01,Brian Evans,1998,1998,1,-3.78,1975,1998,-3.775,2.1.0,2026-09-30
beckby01,Byron Beck,1968,1976,9,-3.78,1976,1970,0.032,2.1.0,2026-09-30
roziecl01,Clifford Rozier,1995,1996,2,-3.78,1977,1995,-1.594,2.1.0,2026-09-30
tyrach01,Charlie Tyra,1958,1962,5,-3.78,1978,1960,-0.25,2.1.0,2026-09-30
lumppra01,Ray Lumpp,1952,1953,2,-3.78,1979,1953,-1.167,2.1.0,2026-09-30
huttojo01,Joe Hutton,1952,1952,1,-3.78,1980,1952,-3.783,2.1.0,2026-09-30
roberan03,Andre Roberson,2015,2017,3,-3.78,1981,2017,-1.136,2.1.0,2026-09-30
longwi01,Willie Long,1972,1974,2,-3.79,1982,1974,-0.695,2.1.0,2026-09-30
klebima01,Maxi Kleber,2018,2022,4,-3.79,1983,2020,-0.419,2.1.0,2026-09-30
nordmbe01,Bevo Nordmann,1962,1962,1,-3.79,1984,1962,-3.794,2.1.0,2026-09-30
satorto01,Tomáš Satoranský,2018,2021,4,-3.8,1985,2020,-0.259,2.1.0,2026-09-30
sandela01,Larry Sanders,2011,2013,3,-3.8,1986,2013,-0.149,2.1.0,2026-09-30
skoogwh01,Whitey Skoog,1953,1956,4,-3.8,1987,1954,0.153,2.1.0,2026-09-30
branhma01,Malaki Branham,2023,2024,2,-3.81,1988,2024,-1.579,2.1.0,2026-09-30
dasiltr01,Tristan Da Silva,2025,2026,2,-3.81,1989,2026,-1.48,2.1.0,2026-09-30
sasseje01,Jeryl Sasser,2003,2003,1,-3.81,1990,2003,-3.811,2.1.0,2026-09-30
buforro01,Rodney Buford,2002,2005,2,-3.81,1991,2002,-0.952,2.1.0,2026-09-30
herrmwa01,Walter Herrmann,2009,2009,1,-3.82,1992,2009,-3.822,2.1.0,2026-09-30
baileja01,James Bailey,1980,1988,7,-3.83,1993,1981,0.967,2.1.0,2026-09-30
spragbr01,Bruce Spraggins,1968,1968,1,-3.83,1994,1968,-3.832,2.1.0,2026-09-30
hartja01,Jason Hart,2005,2006,2,-3.83,1995,2005,-0.31,2.1.0,2026-09-30
obanned01,Ed O'Bannon,1996,1997,2,-3.84,1996,1996,-1.503,2.1.0,2026-09-30
chrisse01,Semaj Christon,2017,2017,1,-3.84,1997,2017,-3.842,2.1.0,2026-09-30
bracest01,Steve Bracey,1973,1974,2,-3.84,1998,1974,-1.295,2.1.0,2026-09-30
meriwjo01,Joe Meriweather,1976,1985,8,-3.84,1999,1976,-0.339,2.1.0,2026-09-30
wiesebo01,Bob Wiesenhahn,1962,1962,1,-3.84,2000,1962,-3.844,2.1.0,2026-09-30
digreer01,Ernie DiGregorio,1974,1977,3,-3.85,2001,1974,0.125,2.1.0,2026-09-30
ferrybo01,Bob Ferry,1960,1968,8,-3.85,2002,1962,0.548,2.1.0,2026-09-30
williro02,Rob Williams,1983,1984,2,-3.86,2003,1984,-1.596,2.1.0,2026-09-30
grahatr01,Treveon Graham,2018,2020,2,-3.86,2004,2018,-1.79,2.1.0,2026-09-30
palmeer01,Errol Palmer,1968,1968,1,-3.86,2005,1968,-3.864,2.1.0,2026-09-30
stewami01,Michael Stewart,1998,1999,2,-3.86,2006,1998,-1.388,2.1.0,2026-09-30
pascher01,Eric Paschall,2020,2022,2,-3.87,2007,2020,-0.722,2.1.0,2026-09-30
leuerjo01,Jon Leuer,2015,2017,3,-3.87,2008,2017,0.067,2.1.0,2026-09-30
hugheri01,Alfredrick Hughes,1986,1986,1,-3.87,2009,1986,-3.871,2.1.0,2026-09-30
wrighde01,Delon Wright,2018,2022,5,-3.87,2010,2019,0.267,2.1.0,2026-09-30
leiboba01,Barry Leibowitz,1968,1968,1,-3.87,2011,1968,-3.872,2.1.0,2026-09-30
mooreet01,E'Twaun Moore,2013,2020,6,-3.88,2012,2018,-0.19,2.1.0,2026-09-30
johnsiv01,Ivan Johnson,2012,2013,2,-3.88,2013,2012,-1.848,2.1.0,2026-09-30
willich01,Charlie Williams,1968,1972,4,-3.88,2014,1968,1.451,2.1.0,2026-09-30
danietr01,Troy Daniels,2017,2018,2,-3.88,2015,2018,-1.6,2.1.0,2026-09-30
luckete01,Ted Luckenbill,1962,1962,1,-3.88,2016,1962,-3.884,2.1.0,2026-09-30
mcgeemi01,Mike McGee,1984,1989,5,-3.88,2017,1985,-0.138,2.1.0,2026-09-30
mccanbo01,Bob McCann,1993,1996,2,-3.89,2018,1993,-1.816,2.1.0,2026-09-30
loscuji01,Jim Loscutoff,1956,1963,6,-3.89,2019,1957,2.572,2.1.0,2026-09-30
campafa01,Facundo Campazzo,2021,2022,2,-3.89,2020,2021,-1.13,2.1.0,2026-09-30
hawkito01,Tom Hawkins,1960,1969,10,-3.9,2021,1968,-0.021,2.1.0,2026-09-30
stonege01,George Stone,1969,1971,3,-3.9,2022,1970,0.31,2.1.0,2026-09-30
gearyre01,Reggie Geary,1998,1998,1,-3.9,2023,1998,-3.902,2.1.0,2026-09-30
dekkesa01,Sam Dekker,2017,2018,2,-3.9,2024,2017,-1.863,2.1.0,2026-09-30
huffja01,Jay Huff,2025,2026,2,-3.9,2025,2026,-1.287,2.1.0,2026-09-30
mcderdo01,Doug McDermott,2016,2024,8,-3.91,2026,2021,0.753,2.1.0,2026-09-30
fendlja01,Jake Fendley,1952,1952,1,-3.91,2027,1952,-3.91,2.1.0,2026-09-30
hiltofr01,Fred Hilton,1972,1973,2,-3.92,2028,1972,-1.666,2.1.0,2026-09-30
schaebi01,Billy Schaeffer,1974,1974,1,-3.92,2029,1974,-3.922,2.1.0,2026-09-30
suttogr01,Greg Sutton,1992,1992,1,-3.92,2030,1992,-3.924,2.1.0,2026-09-30
mengejo01,John Mengelt,1972,1979,8,-3.93,2031,1973,-0.514,2.1.0,2026-09-30
selvale01,Les Selvage,1968,1968,1,-3.93,2032,1968,-3.927,2.1.0,2026-09-30
battito01,Tony Battie,1998,2009,10,-3.93,2033,2006,-0.163,2.1.0,2026-09-30
highsha01,Haywood Highsmith,2024,2025,2,-3.94,2034,2025,-1.965,2.1.0,2026-09-30
murrakr01,Kris Murray,2024,2025,2,-3.94,2035,2024,-1.914,2.1.0,2026-09-30
rothsc01,Scott Roth,1989,1990,2,-3.94,2036,1990,-1.508,2.1.0,2026-09-30
newbiiv01,Ivano Newbill,1997,1997,1,-3.95,2037,1997,-3.946,2.1.0,2026-09-30
bazleda01,Darius Bazley,2020,2022,3,-3.95,2038,2021,-0.483,2.1.0,2026-09-30
sefolth01,Thabo Sefolosha,2007,2017,9,-3.95,2039,2013,0.054,2.1.0,2026-09-30
olivebr01,Brian Oliver,1991,1991,1,-3.95,2040,1991,-3.954,2.1.0,2026-09-30
packro01,Robert Pack,1992,2001,4,-3.96,2041,1993,0.399,2.1.0,2026-09-30
alstode01,Derrick Alston,1995,1996,2,-3.97,2042,1995,-1.972,2.1.0,2026-09-30
dantomi01,Mike D'Antoni,1975,1975,1,-3.97,2043,1975,-3.971,2.1.0,2026-09-30
worthsa01,Sam Worthen,1981,1981,1,-3.97,2044,1981,-3.973,2.1.0,2026-09-30
nowelja01,Jaylen Nowell,2022,2023,2,-3.97,2045,2023,-1.979,2.1.0,2026-09-30
sampsja02,JaKarr Sampson,2015,2016,2,-3.98,2046,2016,-1.902,2.1.0,2026-09-30
rileyro01,Ron Riley,1973,1976,3,-3.98,2047,1973,-0.693,2.1.0,2026-09-30
harriar01,Art Harris,1969,1970,2,-3.98,2048,1969,-1.098,2.1.0,2026-09-30
verhope01,Pete Verhoeven,1982,1986,2,-3.98,2049,1982,-1.599,2.1.0,2026-09-30
adamsha01,Hassan Adams,2007,2007,1,-3.99,2050,2007,-3.991,2.1.0,2026-09-30
weslebl01,Blake Wesley,2024,2025,2,-4.0,2051,2024,-1.8,2.1.0,2026-09-30
hassejo01,Joe Hassett,1980,1982,2,-4.01,2052,1980,-1.964,2.1.0,2026-09-30
lochmbo01,Bob Lochmueller,1953,1953,1,-4.02,2053,1953,-4.022,2.1.0,2026-09-30
kellebi01,Bill Keller,1970,1976,7,-4.02,2054,1973,-0.075,2.1.0,2026-09-30
zelleda01,Dave Zeller,1962,1962,1,-4.03,2055,1962,-4.026,2.1.0,2026-09-30
mccorti01,Tim McCormick,1985,1989,5,-4.03,2056,1988,0.071,2.1.0,2026-09-30
vergabo01,Bob Verga,1969,1972,4,-4.04,2057,1970,1.441,2.1.0,2026-09-30
brookma01,MarShon Brooks,2012,2013,2,-4.04,2058,2012,-0.623,2.1.0,2026-09-30
blabuw01,Uwe Blab,1988,1988,1,-4.04,2059,1988,-4.044,2.1.0,2026-09-30
elliske01,Keon Ellis,2025,2026,2,-4.05,2060,2025,-0.837,2.1.0,2026-09-30
cummipa01,Pat Cummings,1980,1988,7,-4.05,2061,1983,0.806,2.1.0,2026-09-30
nancela02,Larry Nance Jr.,2016,2024,7,-4.05,2062,2020,-0.255,2.1.0,2026-09-30
lenal01,Alex Len,2015,2021,7,-4.05,2063,2019,-0.381,2.1.0,2026-09-30
walkeja02,Jarace Walker,2025,2026,2,-4.06,2064,2026,-1.08,2.1.0,2026-09-30
connele01,Lester Conner,1983,1992,7,-4.07,2065,1989,-0.088,2.1.0,2026-09-30
newblir01,Ira Newble,2003,2005,3,-4.07,2066,2003,-0.838,2.1.0,2026-09-30
clarkca01,Carlos Clark,1985,1985,1,-4.07,2067,1985,-4.073,2.1.0,2026-09-30
dentora01,Randy Denton,1972,1976,5,-4.07,2068,1973,-0.376,2.1.0,2026-09-30
nicksca01,Carl Nicks,1981,1982,2,-4.08,2069,1982,-1.911,2.1.0,2026-09-30
arcidry01,Ryan Arcidiacono,2019,2020,2,-4.08,2070,2020,-2.032,2.1.0,2026-09-30
gaborbi01,Bill Gabor,1952,1954,3,-4.08,2071,1954,-0.528,2.1.0,2026-09-30
budinch01,Chase Budinger,2010,2016,5,-4.08,2072,2012,0.395,2.1.0,2026-09-30
stewala01,Larry Stewart,1992,1997,3,-4.08,2073,1992,-0.564,2.1.0,2026-09-30
pressha01,Harold Pressley,1987,1990,4,-4.09,2074,1989,-0.138,2.1.0,2026-09-30
payneca01,Cameron Payne,2021,2025,4,-4.09,2075,2021,0.417,2.1.0,2026-09-30
mikaned01,Ed Mikan,1952,1953,2,-4.09,2076,1952,-1.701,2.1.0,2026-09-30
chrisjo01,Josh Christopher,2022,2023,2,-4.1,2077,2022,-1.802,2.1.0,2026-09-30
toscaju01,Juan Toscano-Anderson,2021,2022,2,-4.1,2078,2021,-0.93,2.1.0,2026-09-30
anstech01,Chris Anstey,1999,2000,2,-4.11,2079,2000,-1.739,2.1.0,2026-09-30
larkish01,Shane Larkin,2015,2016,2,-4.13,2080,2016,-1.609,2.1.0,2026-09-30
terryda01,Dalen Terry,2024,2025,2,-4.13,2081,2025,-2.013,2.1.0,2026-09-30
gibsoda01,Daniel Gibson,2007,2011,4,-4.13,2082,2008,-0.177,2.1.0,2026-09-30
dunnry01,Ryan Dunn,2025,2026,2,-4.15,2083,2025,-1.48,2.1.0,2026-09-30
oquinky01,Kyle O'Quinn,2014,2018,4,-4.15,2084,2018,-0.37,2.1.0,2026-09-30
hayesch01,Chuck Hayes,2007,2014,8,-4.16,2085,2011,0.967,2.1.0,2026-09-30
mcelrji01,Jim McElroy,1977,1980,4,-4.16,2086,1979,0.255,2.1.0,2026-09-30
garrero01,Rowland Garrett,1975,1977,2,-4.17,2087,1975,-1.839,2.1.0,2026-09-30
mueller01,Erwin Mueller,1967,1970,4,-4.17,2088,1970,-0.533,2.1.0,2026-09-30
conloma01,Marty Conlon,1995,1997,3,-4.17,2089,1995,-0.636,2.1.0,2026-09-30
hudsotr01,Troy Hudson,2000,2005,5,-4.17,2090,2003,1.787,2.1.0,2026-09-30
plummga01,Gary Plummer,1985,1993,2,-4.17,2091,1993,-1.75,2.1.0,2026-09-30
watsope01,Peyton Watson,2024,2025,2,-4.18,2092,2025,-1.814,2.1.0,2026-09-30
tateja01,Jae'Sean Tate,2021,2024,3,-4.19,2093,2022,-1.242,2.1.0,2026-09-30
robinsa01,Sam Robinson,1971,1971,1,-4.19,2094,1971,-4.188,2.1.0,2026-09-30
huestjo01,Josh Huestis,2018,2018,1,-4.21,2095,2018,-4.207,2.1.0,2026-09-30
brownjo01,John Brown,1974,1979,6,-4.21,2096,1975,0.382,2.1.0,2026-09-30
ligongo01,Goose Ligon,1968,1972,5,-4.22,2097,1970,0.581,2.1.0,2026-09-30
sacrero01,Robert Sacre,2014,2015,2,-4.22,2098,2014,-1.984,2.1.0,2026-09-30
paytoga02,Gary Payton II,2022,2026,3,-4.23,2099,2026,-0.901,2.1.0,2026-09-30
greyde01,Dennis Grey,1969,1969,1,-4.23,2100,1969,-4.233,2.1.0,2026-09-30
blounma01,Mark Blount,2001,2008,7,-4.24,2101,2006,-0.043,2.1.0,2026-09-30
stewais01,Isaiah Stewart,2021,2026,4,-4.24,2102,2021,-0.503,2.1.0,2026-09-30
wallaty01,Tyrone Wallace,2019,2019,1,-4.24,2103,2019,-4.239,2.1.0,2026-09-30
sheppbe01,Ben Sheppard,2025,2026,2,-4.24,2104,2026,-1.647,2.1.0,2026-09-30
towemo01,Monte Towe,1976,1976,1,-4.24,2105,1976,-4.24,2.1.0,2026-09-30
mcgruro01,Rodney McGruder,2017,2020,3,-4.25,2106,2019,-0.364,2.1.0,2026-09-30
coopedu01,Duane Cooper,1993,1993,1,-4.26,2107,1993,-4.259,2.1.0,2026-09-30
trappjo01,John Trapp,1970,1972,3,-4.26,2108,1971,0.139,2.1.0,2026-09-30
croshau01,Austin Croshere,2000,2007,6,-4.27,2109,2000,0.915,2.1.0,2026-09-30
cookda01,Darwin Cook,1981,1989,8,-4.27,2110,1983,0.96,2.1.0,2026-09-30
jennike01,Keith Jennings,1994,1995,2,-4.27,2111,1995,-1.34,2.1.0,2026-09-30
martike04,KJ Martin,2022,2024,3,-4.28,2112,2023,-0.384,2.1.0,2026-09-30
brownkw01,Kwame Brown,2003,2011,5,-4.29,2113,2004,-0.164,2.1.0,2026-09-30
swansno01,Norm Swanson,1954,1954,1,-4.29,2114,1954,-4.292,2.1.0,2026-09-30
gregoga01,Gary Gregor,1969,1972,3,-4.29,2115,1972,-0.778,2.1.0,2026-09-30
eavesje01,Jerry Eaves,1983,1984,2,-4.29,2116,1983,-0.936,2.1.0,2026-09-30
webstma02,Martell Webster,2006,2014,7,-4.3,2117,2013,0.141,2.1.0,2026-09-30
thornro01,Rod Thorn,1964,1971,6,-4.3,2118,1964,0.357,2.1.0,2026-09-30
davishu01,Hubert Davis,1995,2001,6,-4.3,2119,1998,-0.505,2.1.0,2026-09-30
brogaji01,Jim Brogan,1982,1983,2,-4.3,2120,1982,-1.827,2.1.0,2026-09-30
raylji01,Jimmy Rayl,1968,1968,1,-4.3,2121,1968,-4.302,2.1.0,2026-09-30
mihmch01,Chris Mihm,2001,2006,5,-4.3,2122,2006,0.537,2.1.0,2026-09-30
jacksph01,Phil Jackson,1968,1979,10,-4.31,2123,1974,-0.285,2.1.0,2026-09-30
rosenle01,Lennie Rosenbluth,1958,1958,1,-4.32,2124,1958,-4.32,2.1.0,2026-09-30
barremi01,Mike Barrett,1970,1971,2,-4.33,2125,1971,-1.659,2.1.0,2026-09-30
schafbo01,Bob Schafer,1956,1956,1,-4.33,2126,1956,-4.328,2.1.0,2026-09-30
rolliph01,Phil Rollins,1960,1961,2,-4.33,2127,1960,-2.069,2.1.0,2026-09-30
wrighdo01,Dorell Wright,2007,2014,6,-4.35,2128,2011,1.036,2.1.0,2026-09-30
krystla01,Larry Krystkowiak,1987,1993,4,-4.35,2129,1989,0.551,2.1.0,2026-09-30
abdelal01,Alaa Abdelnaby,1992,1993,2,-4.35,2130,1993,-1.77,2.1.0,2026-09-30
simmogr01,Grant Simmons,1968,1968,1,-4.35,2131,1968,-4.351,2.1.0,2026-09-30
watsocj01,C.J. Watson,2009,2017,7,-4.35,2132,2012,0.111,2.1.0,2026-09-30
calatni01,Nick Calathes,2014,2015,2,-4.36,2133,2014,-1.505,2.1.0,2026-09-30
paulbr01,Brandon Paul,2018,2018,1,-4.36,2134,2018,-4.364,2.1.0,2026-09-30
forbega01,Gary Forbes,2011,2012,2,-4.37,2135,2012,-1.241,2.1.0,2026-09-30
boydfr01,Freddie Boyd,1973,1975,3,-4.37,2136,1974,-1.332,2.1.0,2026-09-30
bockhbu01,Bucky Bockhorn,1959,1964,6,-4.39,2137,1962,0.136,2.1.0,2026-09-30
connapa01,Pat Connaughton,2018,2024,7,-4.39,2138,2019,-0.072,2.1.0,2026-09-30
vaughch01,Chico Vaughn,1963,1969,6,-4.4,2139,1968,0.372,2.1.0,2026-09-30
hamilde01,Dennis Hamilton,1970,1970,1,-4.4,2140,1970,-4.399,2.1.0,2026-09-30
twardda01,Dave Twardzik,1973,1980,6,-4.41,2141,1977,1.097,2.1.0,2026-09-30
reganri01,Richie Regan,1956,1958,3,-4.41,2142,1957,-0.928,2.1.0,2026-09-30
leege01,George Lee,1961,1963,3,-4.41,2143,1961,-0.572,2.1.0,2026-09-30
ellinwa01,Wayne Ellington,2010,2018,8,-4.42,2144,2017,-0.224,2.1.0,2026-09-30
harvean01,Antonio Harvey,1995,1995,1,-4.42,2145,1995,-4.421,2.1.0,2026-09-30
brunsri01,Rick Brunson,2002,2005,2,-4.43,2146,2005,-0.619,2.1.0,2026-09-30
kileyja01,Jack Kiley,1952,1952,1,-4.43,2147,1952,-4.427,2.1.0,2026-09-30
nowelme01,Mel Nowell,1968,1968,1,-4.43,2148,1968,-4.43,2.1.0,2026-09-30
collini01,Nick Collison,2005,2016,12,-4.44,2149,2007,-0.434,2.1.0,2026-09-30
greendo01,Donté Greene,2010,2012,3,-4.44,2150,2010,-1.026,2.1.0,2026-09-30
luwawti01,Timothé Luwawu-Cabarrot,2017,2021,2,-4.44,2151,2017,-1.698,2.1.0,2026-09-30
milleol01,Oliver Miller,1994,1998,5,-4.45,2152,1994,-0.083,2.1.0,2026-09-30
daviste02,Terence Davis,2020,2023,3,-4.45,2153,2021,-0.719,2.1.0,2026-09-30
kosmale01,Len Kosmalski,1975,1975,1,-4.45,2154,1975,-4.452,2.1.0,2026-09-30
johnsol01,Ollie Johnson,1973,1980,8,-4.45,2155,1976,-0.634,2.1.0,2026-09-30
arroyca01,Carlos Arroyo,2004,2011,7,-4.45,2156,2004,0.908,2.1.0,2026-09-30
leero01,Ron Lee,1977,1982,6,-4.46,2157,1977,0.016,2.1.0,2026-09-30
steella01,Larry Steele,1972,1979,8,-4.46,2158,1976,-0.112,2.1.0,2026-09-30
thompbe01,Bernard Thompson,1985,1986,2,-4.47,2159,1986,-0.74,2.1.0,2026-09-30
stevede01,DeShawn Stevenson,2002,2012,9,-4.47,2160,2004,-0.203,2.1.0,2026-09-30
waitegr01,Granville Waiters,1984,1985,2,-4.47,2161,1984,-2.137,2.1.0,2026-09-30
pattege01,George Patterson,1968,1968,1,-4.49,2162,1968,-4.491,2.1.0,2026-09-30
martila01,LaRue Martin,1973,1976,3,-4.5,2163,1975,-0.922,2.1.0,2026-09-30
holidju01,Justin Holiday,2015,2024,8,-4.5,2164,2018,-0.502,2.1.0,2026-09-30
peterme01,Mel Peterson,1968,1968,1,-4.51,2165,1968,-4.506,2.1.0,2026-09-30
jacksmi01,Mike Jackson,1974,1976,3,-4.51,2166,1976,-1.307,2.1.0,2026-09-30
menyade01,Dewitt Menyard,1968,1968,1,-4.52,2167,1968,-4.517,2.1.0,2026-09-30
portewi01,Willie Porter,1968,1968,1,-4.52,2168,1968,-4.518,2.1.0,2026-09-30
washier01,Eric Washington,1998,1999,2,-4.54,2169,1998,-2.19,2.1.0,2026-09-30
gianejo01,John Gianelli,1974,1979,6,-4.55,2170,1976,-0.024,2.1.0,2026-09-30
knoxke01,Kevin Knox,2019,2023,3,-4.55,2171,2019,-0.864,2.1.0,2026-09-30
bennesp01,Spider Bennett,1969,1969,1,-4.56,2172,1969,-4.556,2.1.0,2026-09-30
wilsori01,Rick Wilson,1979,1979,1,-4.56,2173,1979,-4.556,2.1.0,2026-09-30
finchla01,Larry Finch,1974,1975,2,-4.56,2174,1975,-1.498,2.1.0,2026-09-30
thomawi01,Willis Thomas,1968,1968,1,-4.56,2175,1968,-4.563,2.1.0,2026-09-30
hennela01,Larry Hennessy,1956,1956,1,-4.56,2176,1956,-4.565,2.1.0,2026-09-30
townsra01,Raymond Townsend,1979,1980,2,-4.57,2177,1980,-2.248,2.1.0,2026-09-30
hortota01,Talen Horton-Tucker,2021,2025,4,-4.57,2178,2023,-0.45,2.1.0,2026-09-30
warriha01,Hakim Warrick,2006,2011,6,-4.57,2179,2007,-0.36,2.1.0,2026-09-30
korkmfu01,Furkan Korkmaz,2020,2022,3,-4.57,2180,2021,-1.068,2.1.0,2026-09-30
johnsge01,George Johnson,1972,1972,1,-4.57,2180,1972,-4.573,2.1.0,2026-09-30
chrisma02,Max Christie,2024,2026,3,-4.58,2182,2026,-0.887,2.1.0,2026-09-30
jenkich01,Charles Jenkins,2012,2013,2,-4.58,2183,2012,-1.694,2.1.0,2026-09-30
deprejo01,Joe DePre,1971,1971,1,-4.59,2184,1971,-4.586,2.1.0,2026-09-30
conlege01,Gene Conley,1960,1963,3,-4.6,2185,1960,-1.024,2.1.0,2026-09-30
eganjo01,Johnny Egan,1962,1971,9,-4.61,2186,1964,-0.402,2.1.0,2026-09-30
metuch01,Chimezie Metu,2022,2023,2,-4.62,2187,2022,-1.079,2.1.0,2026-09-30
roberfr01,Fred Roberts,1984,1993,10,-4.63,2188,1992,-0.327,2.1.0,2026-09-30
galemi01,Mike Gale,1972,1982,11,-4.63,2189,1974,-0.042,2.1.0,2026-09-30
reidjr01,J.R. Reid,1990,1999,8,-4.64,2190,1991,-0.346,2.1.0,2026-09-30
wrighbr03,Brandan Wright,2012,2015,4,-4.64,2191,2013,-0.249,2.1.0,2026-09-30
johnsst01,Stew Johnson,1968,1975,8,-4.64,2192,1973,-0.153,2.1.0,2026-09-30
thorjt01,JT Thor,2023,2024,2,-4.64,2193,2023,-2.248,2.1.0,2026-09-30
ragelra01,Ray Ragelis,1952,1952,1,-4.65,2194,1952,-4.651,2.1.0,2026-09-30
westma02,Mario West,2008,2008,1,-4.67,2195,2008,-4.666,2.1.0,2026-09-30
shackch01,Charles Shackleford,1989,1992,3,-4.67,2196,1992,-1.001,2.1.0,2026-09-30
willima03,Marcus Williams,2007,2010,2,-4.67,2197,2010,-2.189,2.1.0,2026-09-30
shumpim01,Iman Shumpert,2012,2019,5,-4.67,2198,2015,0.22,2.1.0,2026-09-30
sichtje01,Jerry Sichting,1983,1987,5,-4.69,2199,1984,0.104,2.1.0,2026-09-30
jasiksa01,Šarūnas Jasikevičius,2006,2007,2,-4.69,2200,2006,-1.727,2.1.0,2026-09-30
davised01,Ed Davis,2011,2019,8,-4.7,2201,2012,-0.446,2.1.0,2026-09-30
kerrst01,Steve Kerr,1990,2003,8,-4.71,2202,1996,0.271,2.1.0,2026-09-30
bantoda01,Dalano Banton,2022,2025,2,-4.72,2203,2025,-1.021,2.1.0,2026-09-30
phelpmi01,Michael Phelps,1986,1987,2,-4.74,2204,1986,-2.276,2.1.0,2026-09-30
garrito01,Tom Garrick,1989,1991,3,-4.75,2205,1990,-1.245,2.1.0,2026-09-30
daniema01,Marquis Daniels,2005,2013,4,-4.76,2206,2006,-0.269,2.1.0,2026-09-30
shamela01,Landry Shamet,2019,2022,4,-4.76,2207,2020,-0.676,2.1.0,2026-09-30
walthpa01,Paul Walther,1952,1955,4,-4.76,2208,1952,0.421,2.1.0,2026-09-30
plumlmi01,Miles Plumlee,2014,2016,3,-4.76,2209,2014,0.588,2.1.0,2026-09-30
catoke01,Kelvin Cato,1998,2005,7,-4.77,2210,2000,-0.169,2.1.0,2026-09-30
hayesja01,Jarvis Hayes,2004,2009,4,-4.77,2211,2009,-0.045,2.1.0,2026-09-30
stiemgr01,Greg Stiemsma,2012,2013,2,-4.77,2212,2013,-1.429,2.1.0,2026-09-30
kellega01,Gary Keller,1968,1968,1,-4.78,2213,1968,-4.775,2.1.0,2026-09-30
przybjo01,Joel Przybilla,2002,2009,4,-4.79,2214,2008,-0.587,2.1.0,2026-09-30
jacksma02,Marc Jackson,2003,2006,3,-4.82,2215,2005,-1.135,2.1.0,2026-09-30
flemied01,Ed Fleming,1956,1959,4,-4.82,2216,1956,0.262,2.1.0,2026-09-30
saundfr01,Fred Saunders,1975,1977,2,-4.82,2217,1975,-1.572,2.1.0,2026-09-30
anderja01,James Anderson,2012,2014,2,-4.83,2218,2014,-1.57,2.1.0,2026-09-30
mclaujo01,Jordan McLaughlin,2021,2022,2,-4.83,2219,2021,-1.618,2.1.0,2026-09-30
smithro01,Robert Smith,1979,1980,2,-4.83,2220,1980,-2.0,2.1.0,2026-09-30
williaa01,Aaron Williams,1998,2004,7,-4.83,2221,2001,-0.454,2.1.0,2026-09-30
jianlyi01,Yi Jianlian,2008,2011,3,-4.84,2222,2009,-1.142,2.1.0,2026-09-30
whitnch01,Chris Whitney,1997,2002,6,-4.84,2223,2002,0.161,2.1.0,2026-09-30
mannigu01,Guy Manning,1968,1968,1,-4.84,2224,1968,-4.842,2.1.0,2026-09-30
gattike01,Kenny Gattison,1987,1994,6,-4.85,2225,1992,0.115,2.1.0,2026-09-30
eberhal01,Al Eberhard,1976,1977,2,-4.86,2226,1976,-1.788,2.1.0,2026-09-30
konchjo01,John Konchar,2022,2023,2,-4.86,2227,2022,-2.296,2.1.0,2026-09-30
breuera01,Randy Breuer,1985,1992,7,-4.86,2228,1986,-0.408,2.1.0,2026-09-30
mcmilto01,Tom McMillen,1977,1985,8,-4.87,2229,1977,-0.217,2.1.0,2026-09-30
durenjo01,John Duren,1982,1983,2,-4.87,2230,1983,-2.369,2.1.0,2026-09-30
kalafed01,Ed Kalafat,1955,1957,3,-4.88,2231,1957,-0.829,2.1.0,2026-09-30
whitera01,Randy White,1991,1993,3,-4.89,2232,1991,-1.059,2.1.0,2026-09-30
whiteja01,Jahidi White,2000,2004,4,-4.89,2233,2001,-0.806,2.1.0,2026-09-30
anderal01,Alan Anderson,2013,2015,3,-4.9,2234,2013,-0.551,2.1.0,2026-09-30
fostero01,Rod Foster,1984,1985,2,-4.91,2235,1985,-2.298,2.1.0,2026-09-30
colemec01,E.C. Coleman,1974,1978,5,-4.91,2236,1977,-0.343,2.1.0,2026-09-30
langan01,Andrew Lang,1989,1996,8,-4.91,2237,1996,0.233,2.1.0,2026-09-30
teletmi01,Mirza Teletović,2014,2017,3,-4.92,2238,2016,-0.29,2.1.0,2026-09-30
reedpa01,Paul Reed,2023,2026,3,-4.92,2239,2026,-1.132,2.1.0,2026-09-30
hamoojo01,Joe Hamood,1968,1968,1,-4.93,2240,1968,-4.931,2.1.0,2026-09-30
tinslge01,George Tinsley,1970,1970,1,-4.93,2241,1970,-4.932,2.1.0,2026-09-30
brokaga01,Gary Brokaw,1975,1977,3,-4.93,2242,1975,-1.064,2.1.0,2026-09-30
carrch01,Chris Carr,1996,1999,2,-4.94,2243,1999,-1.731,2.1.0,2026-09-30
bemorir01,Irv Bemoras,1954,1957,2,-4.94,2244,1954,-1.248,2.1.0,2026-09-30
lackebo01,Bob Lackey,1973,1973,1,-4.94,2245,1973,-4.943,2.1.0,2026-09-30
harribo02,Bob Harrison,1952,1958,7,-4.95,2246,1956,-0.59,2.1.0,2026-09-30
macklru01,Rudy Macklin,1982,1983,2,-4.95,2247,1982,-2.292,2.1.0,2026-09-30
whitnha01,Hank Whitney,1970,1970,1,-4.97,2248,1970,-4.967,2.1.0,2026-09-30
thoresk01,Skip Thoren,1968,1969,2,-4.98,2249,1969,-0.999,2.1.0,2026-09-30
houstby01,Byron Houston,1993,1994,2,-5.0,2250,1993,-1.562,2.1.0,2026-09-30
bonnean01,Anthony Bonner,1992,1995,4,-5.03,2251,1993,-0.537,2.1.0,2026-09-30
butchdo01,Donnie Butcher,1963,1965,3,-5.04,2252,1964,-1.438,2.1.0,2026-09-30
boganke01,Keith Bogans,2004,2013,9,-5.04,2253,2008,-0.494,2.1.0,2026-09-30
kesslal01,Alec Kessler,1991,1992,2,-5.04,2254,1991,-1.425,2.1.0,2026-09-30
templga01,Garrett Temple,2014,2022,8,-5.05,2255,2021,-0.544,2.1.0,2026-09-30
colliza01,Zach Collins,2018,2025,5,-5.06,2256,2024,0.233,2.1.0,2026-09-30
willisa02,Sam Williams,1982,1984,3,-5.07,2257,1982,-0.8,2.1.0,2026-09-30
wafervo01,Von Wafer,2009,2011,2,-5.07,2258,2009,-1.182,2.1.0,2026-09-30
asikom01,Ömer Aşık,2011,2016,5,-5.07,2259,2013,1.639,2.1.0,2026-09-30
bobbne01,Nelson Bobb,1952,1953,2,-5.07,2260,1953,-1.696,2.1.0,2026-09-30
wilsobo02,Bobby Wilson,1968,1968,1,-5.09,2261,1968,-5.091,2.1.0,2026-09-30
bialowe01,Wes Bialosuknia,1968,1968,1,-5.1,2262,1968,-5.098,2.1.0,2026-09-30
daniell01,Lloyd Daniels,1993,1994,2,-5.1,2263,1993,-2.003,2.1.0,2026-09-30
russepi01,Pierre Russell,1973,1973,1,-5.11,2264,1973,-5.108,2.1.0,2026-09-30
willisc01,Scott Williams,1992,2003,8,-5.11,2265,1993,-0.55,2.1.0,2026-09-30
willike04,Kenrich Williams,2021,2025,3,-5.12,2266,2021,-1.385,2.1.0,2026-09-30
bonaad01,Adem Bona,2025,2026,2,-5.12,2267,2025,-1.981,2.1.0,2026-09-30
ewingda01,Daniel Ewing,2006,2007,2,-5.13,2268,2007,-1.963,2.1.0,2026-09-30
liberma01,Marcus Liberty,1991,1993,3,-5.15,2269,1993,-1.314,2.1.0,2026-09-30
stronde01,Derek Strong,1994,1999,6,-5.15,2270,1998,1.477,2.1.0,2026-09-30
telfase01,Sebastian Telfair,2005,2013,7,-5.15,2271,2009,-0.393,2.1.0,2026-09-30
osmande01,Cedi Osman,2018,2024,7,-5.15,2272,2022,-0.183,2.1.0,2026-09-30
hassetr01,Trenton Hassell,2002,2008,7,-5.16,2273,2006,-0.408,2.1.0,2026-09-30
mcharma01,Maurice McHartley,1968,1969,2,-5.17,2274,1968,-1.655,2.1.0,2026-09-30
stallda01,Dave Stallworth,1966,1973,6,-5.17,2275,1967,-0.347,2.1.0,2026-09-30
edwarfr01,Franklin Edwards,1983,1986,3,-5.17,2276,1986,-1.375,2.1.0,2026-09-30
leonasl01,Slick Leonard,1957,1962,5,-5.18,2277,1957,-0.02,2.1.0,2026-09-30
carroma01,Matt Carroll,2006,2012,4,-5.18,2278,2007,-0.144,2.1.0,2026-09-30
wuycide01,Dennis Wuycik,1973,1973,1,-5.18,2279,1973,-5.182,2.1.0,2026-09-30
dickgr01,Gradey Dick,2024,2026,2,-5.19,2280,2024,-1.851,2.1.0,2026-09-30
macksh01,Shelvin Mack,2012,2018,3,-5.19,2281,2018,-1.202,2.1.0,2026-09-30
cookbr01,Brian Cook,2005,2007,3,-5.2,2282,2005,-1.329,2.1.0,2026-09-30
thompho01,Hollis Thompson,2014,2016,3,-5.21,2283,2015,-1.423,2.1.0,2026-09-30
whitero02,Rodney White,2003,2005,3,-5.22,2284,2003,-0.896,2.1.0,2026-09-30
grantga01,Gary Grant,1989,1994,5,-5.22,2285,1991,-0.17,2.1.0,2026-09-30
sandemi01,Mike Sanders,1986,1991,6,-5.23,2286,1989,-0.271,2.1.0,2026-09-30
willich02,Chuck Williams,1971,1978,8,-5.23,2287,1976,-0.352,2.1.0,2026-09-30
pettwje01,Jerry Pettway,1968,1968,1,-5.24,2288,1968,-5.239,2.1.0,2026-09-30
romarlo01,Lorenzo Romar,1982,1984,3,-5.27,2289,1983,-1.199,2.1.0,2026-09-30
smithga01,Garfield Smith,1973,1973,1,-5.27,2290,1973,-5.269,2.1.0,2026-09-30
kelsegr01,Greg Kelser,1982,1984,3,-5.28,2291,1984,-0.57,2.1.0,2026-09-30
willish03,Shawne Williams,2008,2015,3,-5.28,2292,2008,-1.354,2.1.0,2026-09-30
hustoge01,Geoff Huston,1980,1986,6,-5.28,2293,1983,0.002,2.1.0,2026-09-30
agbajoc01,Ochai Agbaji,2023,2026,4,-5.28,2294,2025,-0.773,2.1.0,2026-09-30
sorenda01,Dave Sorenson,1971,1973,3,-5.29,2295,1971,-0.88,2.1.0,2026-09-30
waltolu01,Luke Walton,2004,2009,6,-5.29,2296,2007,0.008,2.1.0,2026-09-30
roberjo01,Joe Roberts,1961,1962,2,-5.29,2297,1962,-2.014,2.1.0,2026-09-30
norrimo01,Moochie Norris,2001,2004,4,-5.29,2298,2001,-0.559,2.1.0,2026-09-30
fulleto02,Todd Fuller,1997,1999,2,-5.3,2299,1997,-1.966,2.1.0,2026-09-30
smithcr01,Craig Smith,2007,2012,5,-5.3,2300,2008,-0.499,2.1.0,2026-09-30
nashbo01,Bob Nash,1978,1979,2,-5.3,2301,1978,-2.043,2.1.0,2026-09-30
jonesde02,Derrick Jones Jr.,2019,2025,6,-5.31,2302,2025,-0.454,2.1.0,2026-09-30
warneco01,Cornell Warner,1971,1976,6,-5.31,2303,1975,-0.23,2.1.0,2026-09-30
scolafr01,Fred Scolari,1952,1955,4,-5.32,2304,1953,0.416,2.1.0,2026-09-30
quinnch01,Chris Quinn,2008,2009,2,-5.32,2305,2008,-1.694,2.1.0,2026-09-30
frankte01,Tellis Frank,1988,1994,3,-5.33,2306,1990,-1.206,2.1.0,2026-09-30
raymocr01,Craig Raymond,1970,1972,2,-5.33,2307,1970,-0.461,2.1.0,2026-09-30
mcdonbe01,Ben McDonald,1987,1988,2,-5.33,2308,1988,-2.17,2.1.0,2026-09-30
battlja01,Jamison Battle,2025,2026,2,-5.34,2309,2025,-1.394,2.1.0,2026-09-30
hernaju01,Juancho Hernangómez,2017,2021,3,-5.34,2310,2021,-1.391,2.1.0,2026-09-30
dudlech02,Chris Dudley,1989,1999,9,-5.34,2311,1991,-0.482,2.1.0,2026-09-30
byrnema01,Marty Byrnes,1979,1983,3,-5.35,2312,1981,-1.489,2.1.0,2026-09-30
butlemi02,Mitchell Butler,1994,1996,3,-5.35,2313,1995,-1.595,2.1.0,2026-09-30
thompbi01,Billy Thompson,1987,1991,4,-5.36,2314,1990,-0.57,2.1.0,2026-09-30
isaacjo01,Jonathan Isaac,2019,2025,3,-5.36,2315,2019,-1.107,2.1.0,2026-09-30
tollian01,Anthony Tolliver,2011,2020,10,-5.37,2316,2018,-0.174,2.1.0,2026-09-30
demicla01,Larry Demic,1980,1981,2,-5.37,2317,1980,-1.493,2.1.0,2026-09-30
greenwi01,Willie Green,2007,2013,7,-5.38,2318,2007,-0.164,2.1.0,2026-09-30
stallbu01,Bud Stallworth,1973,1975,3,-5.38,2319,1973,-1.76,2.1.0,2026-09-30
johnsed01,Ed Johnson,1969,1970,2,-5.39,2320,1970,-2.239,2.1.0,2026-09-30
drobnpr01,Predrag Drobnjak,2002,2005,4,-5.39,2321,2003,-0.113,2.1.0,2026-09-30
hemridi01,Dick Hemric,1956,1957,2,-5.4,2322,1956,-2.402,2.1.0,2026-09-30
drewbr01,Bryce Drew,2000,2002,2,-5.42,2323,2000,-1.671,2.1.0,2026-09-30
edgech01,Charles Edge,1974,1975,2,-5.43,2324,1974,-1.724,2.1.0,2026-09-30
masseto01,Tony Massenburg,1995,2005,8,-5.43,2325,1999,-0.533,2.1.0,2026-09-30
obertfa01,Fabricio Oberto,2006,2008,3,-5.44,2326,2007,-0.656,2.1.0,2026-09-30
robined01,Eddie Robinson,2000,2003,3,-5.44,2327,2001,-1.215,2.1.0,2026-09-30
milicda01,Darko Miličić,2007,2011,4,-5.45,2328,2007,-1.004,2.1.0,2026-09-30
pondecl01,Cliff Pondexter,1976,1977,2,-5.46,2329,1976,-1.405,2.1.0,2026-09-30
ellisjo01,Joe Ellis,1969,1973,5,-5.47,2330,1970,0.845,2.1.0,2026-09-30
reynoje01,Jerry Reynolds,1987,1991,4,-5.48,2331,1991,0.049,2.1.0,2026-09-30
gudmupe01,Pétur Guðmundsson,1982,1988,2,-5.48,2332,1982,-2.308,2.1.0,2026-09-30
chapple01,Len Chappell,1963,1972,7,-5.49,2333,1964,0.631,2.1.0,2026-09-30
feliccr01,Cristiano Felício,2017,2019,2,-5.5,2334,2019,-2.664,2.1.0,2026-09-30
newmada01,Dave Newmark,1969,1970,2,-5.5,2335,1969,-1.884,2.1.0,2026-09-30
novakst01,Steve Novak,2009,2013,3,-5.51,2336,2012,-1.673,2.1.0,2026-09-30
wetzejo01,John Wetzel,1971,1975,3,-5.51,2337,1971,-1.566,2.1.0,2026-09-30
norriau01,Audie Norris,1984,1985,2,-5.51,2338,1985,-2.528,2.1.0,2026-09-30
dedmode01,Dewayne Dedmon,2015,2022,6,-5.52,2339,2018,-0.256,2.1.0,2026-09-30
colembe01,Ben Coleman,1987,1989,3,-5.52,2340,1988,-0.851,2.1.0,2026-09-30
murraro01,Ronald Murray,2004,2010,5,-5.52,2341,2009,-0.027,2.1.0,2026-09-30
wadede01,Dean Wade,2021,2026,3,-5.52,2342,2025,-1.632,2.1.0,2026-09-30
nesbyty01,Tyrone Nesby,1999,2002,4,-5.53,2343,2002,-0.922,2.1.0,2026-09-30
oldhaja01,Jawann Oldham,1984,1985,2,-5.53,2344,1984,-2.129,2.1.0,2026-09-30
simpkdi01,Dickey Simpkins,1995,2000,4,-5.54,2345,1999,-0.906,2.1.0,2026-09-30
roddyda01,David Roddy,2023,2024,2,-5.54,2346,2023,-2.321,2.1.0,2026-09-30
mcclate01,Ted McClain,1972,1978,7,-5.54,2347,1975,0.767,2.1.0,2026-09-30
govange01,Gerald Govan,1968,1975,8,-5.55,2348,1970,-0.264,2.1.0,2026-09-30
warrejo01,John Warren,1971,1974,3,-5.56,2349,1971,-1.292,2.1.0,2026-09-30
jacksja01,Jaren Jackson,1997,2000,4,-5.57,2350,1998,0.204,2.1.0,2026-09-30
pellosa01,Sam Pellom,1981,1982,2,-5.58,2351,1981,-1.984,2.1.0,2026-09-30
workmha01,Haywoode Workman,1991,1996,4,-5.59,2352,1994,0.605,2.1.0,2026-09-30
bristal01,Allan Bristow,1975,1982,7,-5.59,2353,1980,-0.017,2.1.0,2026-09-30
bayneho01,Howard Bayne,1968,1968,1,-5.6,2354,1968,-5.595,2.1.0,2026-09-30
garcifr01,Francisco García,2006,2013,7,-5.6,2355,2008,-0.108,2.1.0,2026-09-30
edmonbo01,Bobby Edmonds,1968,1968,1,-5.6,2356,1968,-5.598,2.1.0,2026-09-30
anderch01,Chris Andersen,2003,2015,7,-5.6,2357,2005,-0.88,2.1.0,2026-09-30
mencech01,Chuck Mencel,1956,1957,2,-5.6,2358,1957,-2.034,2.1.0,2026-09-30
robinth01,Thomas Robinson,2013,2016,3,-5.61,2359,2013,-1.441,2.1.0,2026-09-30
jacksju01,Justin Jackson,2018,2020,3,-5.62,2360,2019,-1.17,2.1.0,2026-09-30
theisda01,Daniel Theis,2018,2024,5,-5.63,2361,2020,0.616,2.1.0,2026-09-30
jonesju01,Jumaine Jones,2001,2006,5,-5.63,2362,2002,-0.754,2.1.0,2026-09-30
saulpe01,Pep Saul,1952,1955,4,-5.64,2363,1952,0.052,2.1.0,2026-09-30
thabeha01,Hasheem Thabeet,2010,2013,2,-5.64,2364,2010,-2.251,2.1.0,2026-09-30
babbilu01,Luke Babbitt,2013,2017,3,-5.64,2365,2017,-1.519,2.1.0,2026-09-30
jacksto01,Tony Jackson,1968,1969,2,-5.66,2366,1968,-1.951,2.1.0,2026-09-30
brownch01,Chucky Brown,1990,2000,8,-5.66,2367,1999,-0.323,2.1.0,2026-09-30
croftbo01,Bobby Croft,1971,1971,1,-5.66,2368,1971,-5.662,2.1.0,2026-09-30
livinra01,Randy Livingston,1997,2000,2,-5.67,2369,2000,-2.796,2.1.0,2026-09-30
lehmage01,George Lehmann,1970,1971,2,-5.67,2370,1971,-2.136,2.1.0,2026-09-30
mitchda01,Davion Mitchell,2022,2026,5,-5.67,2371,2026,0.57,2.1.0,2026-09-30
brownto01,Tony Brown,1985,1990,3,-5.67,2372,1987,-0.24,2.1.0,2026-09-30
geeal01,Alonzo Gee,2012,2016,4,-5.69,2373,2012,-0.498,2.1.0,2026-09-30
dixonju01,Juan Dixon,2004,2007,4,-5.69,2374,2006,-0.896,2.1.0,2026-09-30
mclembe01,Ben McLemore,2014,2022,7,-5.69,2375,2015,-0.268,2.1.0,2026-09-30
hattove01,Vern Hatton,1959,1960,2,-5.71,2376,1959,-1.984,2.1.0,2026-09-30
houseed01,Eddie House,2002,2010,7,-5.71,2377,2009,-0.869,2.1.0,2026-09-30
richacl01,Clint Richardson,1981,1987,7,-5.72,2378,1986,0.072,2.1.0,2026-09-30
tolbera01,Ray Tolbert,1982,1983,2,-5.72,2379,1983,-1.692,2.1.0,2026-09-30
lovest01,Stan Love,1972,1973,2,-5.73,2380,1972,-2.794,2.1.0,2026-09-30
andergr01,Greg Anderson,1988,1997,7,-5.73,2381,1992,-0.106,2.1.0,2026-09-30
stricer01,Erick Strickland,1998,2005,5,-5.74,2382,2000,0.001,2.1.0,2026-09-30
blairde01,DeJuan Blair,2010,2014,5,-5.74,2383,2012,-0.04,2.1.0,2026-09-30
dunnkr01,Kris Dunn,2017,2026,5,-5.75,2384,2026,-0.716,2.1.0,2026-09-30
bonnema01,Matt Bonner,2005,2015,10,-5.76,2385,2005,-0.88,2.1.0,2026-09-30
priceji01,Jim Price,1973,1979,6,-5.76,2386,1974,0.808,2.1.0,2026-09-30
sparkda01,Dan Sparks,1969,1969,1,-5.77,2387,1969,-5.773,2.1.0,2026-09-30
singlja01,James Singleton,2006,2009,2,-5.77,2388,2009,-2.72,2.1.0,2026-09-30
peterji01,Jim Petersen,1985,1991,6,-5.78,2389,1987,-0.032,2.1.0,2026-09-30
doolike01,Keyon Dooling,2001,2011,7,-5.79,2390,2009,-0.586,2.1.0,2026-09-30
leeda03,Damion Lee,2020,2023,4,-5.79,2391,2020,-0.826,2.1.0,2026-09-30
spencfe01,Felton Spencer,1991,1998,7,-5.8,2392,1994,0.323,2.1.0,2026-09-30
clawsjo01,John Clawson,1969,1969,1,-5.8,2393,1969,-5.799,2.1.0,2026-09-30
fulleca01,Carl Fuller,1971,1971,1,-5.81,2394,1971,-5.812,2.1.0,2026-09-30
poquebe01,Ben Poquette,1979,1987,8,-5.81,2395,1983,-0.6,2.1.0,2026-09-30
wingoha01,Harthorne Wingo,1974,1975,2,-5.83,2396,1975,-1.939,2.1.0,2026-09-30
sutorge01,George Sutor,1969,1969,1,-5.83,2397,1969,-5.833,2.1.0,2026-09-30
holzmre01,Red Holzman,1952,1954,2,-5.84,2398,1954,-2.61,2.1.0,2026-09-30
georgde01,Devean George,2001,2007,6,-5.84,2399,2002,-0.232,2.1.0,2026-09-30
willike01,Kevin Williams,1987,1988,2,-5.85,2400,1987,-2.637,2.1.0,2026-09-30
tayloro01,Ron Taylor,1970,1970,1,-5.86,2401,1970,-5.859,2.1.0,2026-09-30
brannbo01,Bob Brannum,1952,1955,4,-5.86,2402,1952,-1.224,2.1.0,2026-09-30
brownst02,Sterling Brown,2019,2021,3,-5.89,2403,2021,-1.449,2.1.0,2026-09-30
senesge01,George Senesky,1952,1954,3,-5.89,2404,1952,-1.093,2.1.0,2026-09-30
higgske01,Kenny Higgs,1979,1982,3,-5.91,2405,1981,-1.09,2.1.0,2026-09-30
rochejo01,John Roche,1972,1980,4,-5.92,2406,1974,-0.929,2.1.0,2026-09-30
wrighla01,Larry Wright,1977,1980,4,-5.93,2407,1978,-0.571,2.1.0,2026-09-30
givenja01,Jack Givens,1979,1980,2,-5.94,2408,1979,-2.783,2.1.0,2026-09-30
barryjo01,Jon Barry,1994,2005,9,-5.95,2409,2002,-0.48,2.1.0,2026-09-30
benneto01,Tony Bennett,1993,1994,2,-5.95,2410,1994,-2.302,2.1.0,2026-09-30
thomaty01,Tyrus Thomas,2007,2012,4,-5.95,2411,2009,-0.346,2.1.0,2026-09-30
barrmi01,Mike Barr,1973,1977,2,-5.96,2412,1977,-2.033,2.1.0,2026-09-30
dillcr01,Craig Dill,1968,1968,1,-5.96,2413,1968,-5.962,2.1.0,2026-09-30
bendejo01,Jonathan Bender,2001,2002,2,-5.96,2414,2002,-2.144,2.1.0,2026-09-30
martica02,Caleb Martin,2021,2026,5,-5.97,2415,2023,-0.06,2.1.0,2026-09-30
garripa01,Pat Garrity,1999,2005,6,-5.97,2416,2000,-0.422,2.1.0,2026-09-30
smithch03,Chris Smith,1993,1995,3,-5.97,2417,1994,-1.625,2.1.0,2026-09-30
crissch01,Charlie Criss,1978,1983,4,-5.98,2418,1981,-0.917,2.1.0,2026-09-30
cunnida01,Dante Cunningham,2010,2019,10,-5.98,2419,2014,-0.752,2.1.0,2026-09-30
jonesfr01,Fred Jones,2004,2008,5,-5.98,2420,2006,-0.267,2.1.0,2026-09-30
jonesan01,Anthony Jones,1987,1990,2,-5.99,2421,1987,-1.979,2.1.0,2026-09-30
grahast01,Stephen Graham,2010,2011,2,-6.01,2422,2011,-2.314,2.1.0,2026-09-30
kaponja01,Jason Kapono,2005,2009,4,-6.01,2423,2007,-1.174,2.1.0,2026-09-30
benoida01,David Benoit,1992,1998,5,-6.01,2424,1995,0.252,2.1.0,2026-09-30
jonesso01,Solomon Jones,2007,2009,2,-6.01,2425,2007,-2.224,2.1.0,2026-09-30
doveso01,Sonny Dove,1970,1971,2,-6.02,2426,1970,-2.771,2.1.0,2026-09-30
thomaet01,Etan Thomas,2004,2007,3,-6.02,2427,2004,-0.444,2.1.0,2026-09-30
bryanjo01,Joe Bryant,1976,1983,8,-6.03,2428,1981,-0.243,2.1.0,2026-09-30
banksma01,Marcus Banks,2004,2006,3,-6.03,2429,2006,-0.008,2.1.0,2026-09-30
princta02,Taurean Prince,2017,2025,6,-6.06,2430,2020,0.483,2.1.0,2026-09-30
feitlda01,Dave Feitl,1987,1988,2,-6.06,2431,1988,-2.068,2.1.0,2026-09-30
davismi02,Mickey Davis,1973,1975,3,-6.07,2432,1975,-1.476,2.1.0,2026-09-30
weslewa01,Walt Wesley,1967,1972,6,-6.07,2433,1972,-0.143,2.1.0,2026-09-30
kemptti01,Tim Kempton,1987,1990,3,-6.08,2434,1989,-1.3,2.1.0,2026-09-30
aldrico01,Cole Aldrich,2015,2017,3,-6.09,2435,2015,-1.626,2.1.0,2026-09-30
skinnta01,Tal Skinner,1975,1976,2,-6.09,2436,1975,-2.597,2.1.0,2026-09-30
dunlemi01,Mike Dunleavy,1979,1983,4,-6.09,2437,1983,-0.738,2.1.0,2026-09-30
joneswi01,Willie Jones,1962,1964,3,-6.1,2438,1964,-1.393,2.1.0,2026-09-30
myerspe01,Pete Myers,1994,1996,3,-6.1,2439,1994,-1.042,2.1.0,2026-09-30
koufoko01,Kosta Koufos,2012,2018,7,-6.1,2440,2013,-0.837,2.1.0,2026-09-30
kennejo01,Joe Kennedy,1969,1971,2,-6.11,2441,1969,-1.993,2.1.0,2026-09-30
kleizli01,Linas Kleiza,2006,2012,5,-6.11,2442,2012,0.031,2.1.0,2026-09-30
toppiob01,Obi Toppin,2021,2025,5,-6.11,2443,2025,-0.101,2.1.0,2026-09-30
buntibi02,Bill Bunting,1971,1971,1,-6.12,2444,1971,-6.122,2.1.0,2026-09-30
perduwi01,Will Perdue,1990,2000,10,-6.12,2445,1997,-0.513,2.1.0,2026-09-30
serapke01,Kevin Séraphin,2011,2015,4,-6.13,2446,2013,-0.471,2.1.0,2026-09-30
kramejo01,Joel Kramer,1979,1981,2,-6.13,2447,1979,-2.517,2.1.0,2026-09-30
hardyja01,James Hardy,1979,1982,3,-6.13,2448,1982,-1.738,2.1.0,2026-09-30
devlico01,Corky Devlin,1956,1958,3,-6.17,2449,1956,-1.482,2.1.0,2026-09-30
evansre01,Reggie Evans,2003,2013,9,-6.17,2450,2007,-0.831,2.1.0,2026-09-30
bellch01,Charlie Bell,2006,2010,5,-6.18,2451,2007,-0.108,2.1.0,2026-09-30
gallola01,Langston Galloway,2016,2020,5,-6.18,2452,2016,-0.753,2.1.0,2026-09-30
johnser02,Ervin Johnson,1995,2004,10,-6.18,2453,1998,-0.344,2.1.0,2026-09-30
fostefr01,Fred Foster,1970,1977,7,-6.19,2454,1972,-0.513,2.1.0,2026-09-30
flynnmi01,Mike Flynn,1976,1978,3,-6.2,2455,1977,-1.101,2.1.0,2026-09-30
maxieja01,Jason Maxiell,2007,2015,7,-6.21,2456,2008,-0.111,2.1.0,2026-09-30
harknje01,Jerry Harkness,1968,1968,1,-6.22,2457,1968,-6.222,2.1.0,2026-09-30
walkeja01,Jabari Walker,2024,2026,3,-6.23,2458,2024,-1.02,2.1.0,2026-09-30
arthuda01,Darrell Arthur,2009,2016,6,-6.23,2459,2016,-0.978,2.1.0,2026-09-30
smithdo03,Doug Smith,1992,1995,4,-6.23,2460,1992,-1.2,2.1.0,2026-09-30
hopsode01,Dennis Hopson,1988,1992,5,-6.25,2461,1990,0.302,2.1.0,2026-09-30
greenja01,JaMychal Green,2016,2022,6,-6.25,2462,2017,-0.671,2.1.0,2026-09-30
barneji01,Jim Barnes,1965,1970,6,-6.26,2463,1965,0.651,2.1.0,2026-09-30
mcbrimi01,Miles McBride,2023,2025,3,-6.26,2464,2024,-1.22,2.1.0,2026-09-30
kispeco01,Corey Kispert,2022,2026,5,-6.26,2465,2023,-0.43,2.1.0,2026-09-30
smithmi02,Michael Smith,1995,2001,5,-6.27,2466,1997,-0.177,2.1.0,2026-09-30
hanzlbi01,Bill Hanzlik,1981,1990,9,-6.27,2467,1986,-0.63,2.1.0,2026-09-30
matthwe01,Wes Matthews,1981,1986,4,-6.28,2468,1981,-0.039,2.1.0,2026-09-30
declean01,Andrew DeClercq,1997,2004,8,-6.31,2469,1999,-0.414,2.1.0,2026-09-30
chrisca01,Cal Christensen,1953,1955,3,-6.31,2470,1954,-0.858,2.1.0,2026-09-30
hillar01,Armond Hill,1977,1981,5,-6.31,2471,1979,-0.008,2.1.0,2026-09-30
greenlu01,Luther Green,1970,1970,1,-6.32,2472,1970,-6.319,2.1.0,2026-09-30
fowleca01,Calvin Fowler,1970,1970,1,-6.32,2473,1970,-6.321,2.1.0,2026-09-30
spoelar01,Art Spoelstra,1955,1958,4,-6.33,2474,1956,-0.814,2.1.0,2026-09-30
deedo01,Don Dee,1969,1969,1,-6.33,2475,1969,-6.334,2.1.0,2026-09-30
ntilila01,Frank Ntilikina,2018,2022,3,-6.34,2476,2018,-1.342,2.1.0,2026-09-30
minorgr01,Greg Minor,1995,1999,4,-6.34,2477,1996,-0.533,2.1.0,2026-09-30
abrinal01,Álex Abrines,2017,2018,2,-6.34,2478,2017,-3.039,2.1.0,2026-09-30
kornelu01,Luke Kornet,2023,2026,4,-6.36,2479,2026,-0.655,2.1.0,2026-09-30
willish02,Shelden Williams,2007,2012,4,-6.36,2480,2007,-1.256,2.1.0,2026-09-30
fraziti01,Tim Frazier,2017,2019,3,-6.36,2481,2017,-0.535,2.1.0,2026-09-30
tucketr01,Trent Tucker,1983,1993,10,-6.36,2482,1987,-0.845,2.1.0,2026-09-30
kenvibi01,Billy Kenville,1954,1957,4,-6.37,2483,1954,-0.473,2.1.0,2026-09-30
johnsre01,Reggie Johnson,1981,1984,4,-6.37,2484,1982,0.148,2.1.0,2026-09-30
tartle01,Levern Tart,1968,1971,4,-6.39,2485,1970,0.408,2.1.0,2026-09-30
mountri01,Rick Mount,1971,1973,3,-6.4,2486,1973,0.643,2.1.0,2026-09-30
mccoyje01,Jelani McCoy,2000,2003,3,-6.41,2487,2003,-1.389,2.1.0,2026-09-30
dudlech01,Charles Dudley,1975,1978,4,-6.42,2488,1977,-1.017,2.1.0,2026-09-30
winfile01,Lee Winfield,1970,1975,4,-6.42,2489,1972,-0.493,2.1.0,2026-09-30
elmorle01,Len Elmore,1975,1984,9,-6.46,2490,1976,0.159,2.1.0,2026-09-30
turneje01,Jeff Turner,1985,1994,7,-6.46,2491,1991,-0.848,2.1.0,2026-09-30
biyombi01,Bismack Biyombo,2012,2023,10,-6.47,2492,2020,-1.223,2.1.0,2026-09-30
forreba01,Bayard Forrest,1978,1979,2,-6.51,2493,1979,-3.166,2.1.0,2026-09-30
hamda01,Darvin Ham,1998,2003,3,-6.51,2494,2002,-1.803,2.1.0,2026-09-30
welscji01,Jiří Welsch,2004,2006,3,-6.51,2495,2005,-1.336,2.1.0,2026-09-30
perryro01,Ron Perry,1968,1969,2,-6.51,2496,1968,-2.518,2.1.0,2026-09-30
naderab01,Abdel Nader,2019,2020,2,-6.52,2497,2020,-2.858,2.1.0,2026-09-30
haleha01,Hal Hale,1968,1968,1,-6.52,2498,1968,-6.521,2.1.0,2026-09-30
williro01,Ron Williams,1969,1974,6,-6.53,2499,1971,0.154,2.1.0,2026-09-30
turpime01,Melvin Turpin,1985,1990,5,-6.55,2500,1986,0.661,2.1.0,2026-09-30
okorois01,Isaac Okoro,2021,2026,5,-6.55,2501,2022,-0.569,2.1.0,2026-09-30
whatlen01,Ennis Whatley,1984,1994,4,-6.56,2502,1984,-0.476,2.1.0,2026-09-30
vandeja01,Jarred Vanderbilt,2021,2026,4,-6.56,2503,2023,-0.836,2.1.0,2026-09-30
cookda02,Daequan Cook,2008,2012,3,-6.56,2504,2008,-1.478,2.1.0,2026-09-30
daviste01,Terry Davis,1990,1999,5,-6.57,2505,1992,-0.606,2.1.0,2026-09-30
brownde02,Devin Brown,2004,2009,6,-6.57,2506,2007,0.084,2.1.0,2026-09-30
dinwibi01,Bill Dinwiddie,1968,1971,3,-6.59,2507,1971,-1.846,2.1.0,2026-09-30
liggide01,DeAndre Liggins,2017,2018,2,-6.59,2508,2017,-2.1,2.1.0,2026-09-30
achiupr01,Precious Achiuwa,2021,2026,4,-6.62,2509,2022,-0.661,2.1.0,2026-09-30
armsthi01,Hilton Armstrong,2008,2009,2,-6.62,2510,2009,-3.035,2.1.0,2026-09-30
douglle01,Leon Douglas,1977,1982,6,-6.63,2511,1978,-0.045,2.1.0,2026-09-30
mathega01,Garrison Mathews,2021,2024,3,-6.64,2512,2022,-1.236,2.1.0,2026-09-30
scurrca01,Carey Scurry,1986,1987,2,-6.64,2513,1987,-3.32,2.1.0,2026-09-30
anderda01,Dan Anderson,1968,1969,2,-6.65,2514,1968,-2.459,2.1.0,2026-09-30
kimbato01,Toby Kimball,1968,1974,7,-6.66,2515,1968,-0.714,2.1.0,2026-09-30
rackllu01,Luther Rackley,1970,1972,3,-6.67,2516,1971,-1.5,2.1.0,2026-09-30
fundela01,Lawrence Funderburke,1999,2001,3,-6.68,2517,1999,-1.706,2.1.0,2026-09-30
johnsan01,Andy Johnson,1959,1962,4,-6.69,2518,1962,-0.853,2.1.0,2026-09-30
cummivo01,Vonteego Cummings,2000,2002,3,-6.69,2519,2000,-1.331,2.1.0,2026-09-30
jacobca01,Casey Jacobsen,2003,2005,3,-6.7,2520,2005,-1.585,2.1.0,2026-09-30
piontda01,Dave Piontek,1957,1960,4,-6.7,2521,1957,-0.605,2.1.0,2026-09-30
sealsbr01,Bruce Seals,1974,1978,4,-6.71,2522,1977,-0.165,2.1.0,2026-09-30
wilsoja01,Jasper Wilson,1969,1969,1,-6.72,2523,1969,-6.72,2.1.0,2026-09-30
mcfarpa01,Pat McFarland,1974,1975,2,-6.73,2524,1974,-3.043,2.1.0,2026-09-30
meinemo01,Monk Meineke,1953,1958,5,-6.76,2525,1953,1.44,2.1.0,2026-09-30
hooseca01,Carroll Hooser,1968,1968,1,-6.76,2526,1968,-6.757,2.1.0,2026-09-30
rushbr01,Brandon Rush,2009,2016,5,-6.77,2527,2009,-0.559,2.1.0,2026-09-30
recasel01,Eldridge Recasner,1996,1999,4,-6.78,2528,1998,-1.042,2.1.0,2026-09-30
farmajo01,Jordan Farmar,2007,2011,5,-6.79,2529,2008,-0.385,2.1.0,2026-09-30
jonesja02,James Jones,2005,2012,6,-6.79,2530,2008,-0.301,2.1.0,2026-09-30
nelsoro01,Ron Nelson,1971,1971,1,-6.79,2531,1971,-6.792,2.1.0,2026-09-30
mcrobjo01,Josh McRoberts,2011,2014,4,-6.8,2532,2014,-0.38,2.1.0,2026-09-30
askewvi01,Vincent Askew,1992,1996,5,-6.8,2533,1995,-0.599,2.1.0,2026-09-30
mclemmc01,McCoy McLemore,1965,1971,7,-6.81,2534,1969,-0.826,2.1.0,2026-09-30
huntest01,Steven Hunter,2004,2007,4,-6.81,2535,2006,-1.149,2.1.0,2026-09-30
vanbrja01,Jan van Breda Kolff,1975,1981,7,-6.81,2536,1977,-0.12,2.1.0,2026-09-30
robeyri01,Rick Robey,1979,1984,6,-6.83,2537,1980,-0.103,2.1.0,2026-09-30
lagarto01,Tom LaGarde,1978,1981,3,-6.84,2538,1981,-0.246,2.1.0,2026-09-30
leoname01,Meyers Leonard,2013,2019,4,-6.84,2539,2016,-0.053,2.1.0,2026-09-30
greenjo02,Josh Green,2022,2026,4,-6.85,2540,2023,-0.845,2.1.0,2026-09-30
niangge01,Georges Niang,2019,2025,7,-6.87,2541,2025,0.028,2.1.0,2026-09-30
greensi02,Sidney Green,1986,1992,7,-6.88,2542,1986,-0.826,2.1.0,2026-09-30
maynoer01,Eric Maynor,2010,2013,3,-6.88,2543,2013,-1.772,2.1.0,2026-09-30
pargoja01,Jannero Pargo,2007,2012,4,-6.92,2544,2007,-0.14,2.1.0,2026-09-30
bryanth01,Thomas Bryant,2019,2026,4,-6.93,2545,2019,-0.573,2.1.0,2026-09-30
rushka01,Kareem Rush,2003,2008,3,-6.93,2546,2008,-0.962,2.1.0,2026-09-30
pittmch01,Charles Pittman,1984,1986,3,-6.94,2547,1986,-1.614,2.1.0,2026-09-30
holupjo01,Joe Holup,1957,1959,3,-6.94,2548,1959,-1.398,2.1.0,2026-09-30
stavela01,Larry Staverman,1959,1964,3,-6.97,2549,1961,-1.835,2.1.0,2026-09-30
garnebi02,Bill Garnett,1983,1986,4,-6.97,2550,1983,-0.865,2.1.0,2026-09-30
thomala01,Lance Thomas,2013,2018,4,-7.0,2551,2016,-0.842,2.1.0,2026-09-30
cartere01,Reggie Carter,1981,1982,2,-7.0,2552,1982,-2.246,2.1.0,2026-09-30
perryel01,Elliot Perry,1995,2000,6,-7.0,2553,1995,-1.115,2.1.0,2026-09-30
hansebo01,Bob Hansen,1986,1992,5,-7.01,2554,1988,-0.306,2.1.0,2026-09-30
buddda01,Dave Budd,1961,1965,5,-7.02,2555,1965,-0.934,2.1.0,2026-09-30
gordola01,Lancaster Gordon,1985,1987,3,-7.02,2556,1987,-2.02,2.1.0,2026-09-30
mooremi01,Mikki Moore,2001,2009,5,-7.03,2557,2007,-0.064,2.1.0,2026-09-30
thornsi01,Sindarius Thornwell,2018,2019,2,-7.04,2558,2018,-2.118,2.1.0,2026-09-30
martida01,Darrick Martin,1996,2000,5,-7.05,2559,1998,-0.892,2.1.0,2026-09-30
wrighan01,Antoine Wright,2007,2010,3,-7.05,2560,2010,-1.699,2.1.0,2026-09-30
stausni01,Nik Stauskas,2015,2019,4,-7.06,2561,2017,-1.456,2.1.0,2026-09-30
diawaya01,Yakhouba Diawara,2007,2009,2,-7.07,2562,2007,-3.221,2.1.0,2026-09-30
ferredu01,Duane Ferrell,1991,1997,5,-7.07,2563,1992,0.164,2.1.0,2026-09-30
hooveto01,Tom Hoover,1964,1968,2,-7.07,2564,1964,-1.766,2.1.0,2026-09-30
minnidi01,Dirk Minniefield,1986,1988,3,-7.07,2565,1986,-1.559,2.1.0,2026-09-30
awtrede01,Dennis Awtrey,1971,1979,9,-7.08,2566,1975,0.309,2.1.0,2026-09-30
royaldo01,Donald Royal,1990,1997,7,-7.08,2567,1993,-0.37,2.1.0,2026-09-30
mckenst01,Stan McKenzie,1969,1972,4,-7.08,2568,1972,-0.444,2.1.0,2026-09-30
clemeba01,Barry Clemens,1966,1975,10,-7.08,2569,1972,-1.267,2.1.0,2026-09-30
bryanem01,Em Bryant,1965,1971,7,-7.09,2570,1971,-0.804,2.1.0,2026-09-30
allenma01,Malik Allen,2003,2008,3,-7.09,2571,2003,-0.468,2.1.0,2026-09-30
udokaim01,Ime Udoka,2007,2010,4,-7.1,2572,2007,-0.82,2.1.0,2026-09-30
alexaco01,Cory Alexander,1996,1999,4,-7.1,2573,1998,-0.644,2.1.0,2026-09-30
guokama02,Matt Guokas,1967,1975,9,-7.1,2574,1973,-0.781,2.1.0,2026-09-30
pollasc01,Scot Pollard,2000,2004,4,-7.1,2575,2001,-0.704,2.1.0,2026-09-30
johnscl01,Clemon Johnson,1979,1988,10,-7.11,2576,1982,0.063,2.1.0,2026-09-30
schnidi01,Dick Schnittker,1954,1957,4,-7.11,2577,1955,-0.253,2.1.0,2026-09-30
coleno01,Norris Cole,2012,2015,4,-7.14,2578,2013,-1.393,2.1.0,2026-09-30
wilsoge01,George Wilson,1968,1970,3,-7.15,2579,1968,-1.69,2.1.0,2026-09-30
singlky01,Kyle Singler,2013,2016,4,-7.16,2580,2014,-0.763,2.1.0,2026-09-30
abernto01,Tom Abernethy,1977,1980,4,-7.16,2581,1979,-1.339,2.1.0,2026-09-30
krebsji01,Jim Krebs,1958,1964,7,-7.17,2582,1962,-0.829,2.1.0,2026-09-30
houstca01,Caleb Houstan,2024,2025,2,-7.17,2583,2025,-3.552,2.1.0,2026-09-30
brownra02,Randy Brown,1993,2000,8,-7.17,2584,1999,-0.91,2.1.0,2026-09-30
dellama01,Matthew Dellavedova,2014,2020,5,-7.19,2585,2016,-0.224,2.1.0,2026-09-30
mosspe01,Perry Moss,1986,1987,2,-7.22,2586,1987,-3.56,2.1.0,2026-09-30
hayesst01,Steve Hayes,1983,1986,2,-7.22,2587,1983,-2.315,2.1.0,2026-09-30
wohlda01,Dave Wohl,1972,1975,4,-7.25,2588,1973,-1.165,2.1.0,2026-09-30
voskuja01,Jake Voskuhl,2002,2007,4,-7.26,2589,2002,-1.385,2.1.0,2026-09-30
harklma01,Maurice Harkless,2013,2020,7,-7.26,2590,2019,-0.874,2.1.0,2026-09-30
willigr01,Grant Williams,2020,2024,5,-7.26,2591,2022,0.021,2.1.0,2026-09-30
bratzmi01,Mike Bratz,1978,1984,6,-7.29,2592,1981,-0.99,2.1.0,2026-09-30
murredo01,Dorie Murrey,1968,1971,3,-7.29,2593,1968,-1.342,2.1.0,2026-09-30
johnsst04,Stanley Johnson,2016,2021,5,-7.3,2594,2018,-0.581,2.1.0,2026-09-30
sellebr01,Brad Sellers,1987,1990,4,-7.3,2595,1988,-1.109,2.1.0,2026-09-30
moonja01,Jamario Moon,2008,2011,4,-7.3,2596,2008,-0.652,2.1.0,2026-09-30
noelne01,Nerlens Noel,2015,2021,5,-7.3,2597,2015,-0.61,2.1.0,2026-09-30
medvest01,Stanislav Medvedenko,2002,2004,3,-7.3,2598,2004,-1.186,2.1.0,2026-09-30
jonesni01,Nick Jones,1971,1972,2,-7.32,2599,1971,-3.187,2.1.0,2026-09-30
montrer01,Eric Montross,1995,1999,4,-7.32,2600,1996,-0.769,2.1.0,2026-09-30
zellety01,Tyler Zeller,2013,2018,5,-7.38,2601,2015,-0.364,2.1.0,2026-09-30
johnsne02,Neil Johnson,1969,1973,3,-7.39,2602,1971,-1.665,2.1.0,2026-09-30
clarkia01,Ian Clark,2016,2019,4,-7.39,2603,2017,-0.768,2.1.0,2026-09-30
barreer01,Ernie Barrett,1954,1956,2,-7.39,2604,1956,-2.876,2.1.0,2026-09-30
mahinia01,Ian Mahinmi,2012,2018,6,-7.41,2605,2016,0.256,2.1.0,2026-09-30
mcdongl01,Glenn McDonald,1975,1976,2,-7.41,2606,1976,-3.174,2.1.0,2026-09-30
lohaubr01,Brad Lohaus,1988,1995,8,-7.41,2607,1993,-0.997,2.1.0,2026-09-30
nimphku01,Kurt Nimphius,1982,1988,7,-7.42,2608,1986,-0.652,2.1.0,2026-09-30
bradlbi02,Bill Bradley,1968,1968,1,-7.43,2609,1968,-7.428,2.1.0,2026-09-30
portmbo01,Bob Portman,1970,1972,3,-7.44,2610,1970,-1.669,2.1.0,2026-09-30
griffad01,Adrian Griffin,2000,2005,4,-7.45,2611,2000,-0.662,2.1.0,2026-09-30
amundlo01,Lou Amundson,2009,2012,3,-7.45,2612,2009,-1.724,2.1.0,2026-09-30
alarima01,Mark Alarie,1987,1990,4,-7.46,2613,1990,-0.325,2.1.0,2026-09-30
crawffr01,Freddie Crawford,1968,1970,3,-7.46,2614,1970,-1.846,2.1.0,2026-09-30
forddo01,Don Ford,1976,1981,6,-7.47,2615,1976,-0.397,2.1.0,2026-09-30
bowmana01,Nate Bowman,1969,1970,2,-7.47,2616,1970,-3.512,2.1.0,2026-09-30
farledi01,Dick Farley,1955,1959,3,-7.5,2617,1959,-2.149,2.1.0,2026-09-30
mitchle01,Leland Mitchell,1968,1968,1,-7.51,2618,1968,-7.506,2.1.0,2026-09-30
okoremi01,Mike O'Koren,1981,1986,4,-7.53,2619,1982,-0.896,2.1.0,2026-09-30
porteho01,Howard Porter,1972,1978,6,-7.54,2620,1977,-0.827,2.1.0,2026-09-30
morelja01,Jackie Moreland,1961,1970,7,-7.55,2621,1964,-1.174,2.1.0,2026-09-30
driscte01,Terry Driscoll,1971,1974,3,-7.6,2622,1971,-1.461,2.1.0,2026-09-30
greenja02,Javonte Green,2022,2026,3,-7.62,2623,2026,-2.03,2.1.0,2026-09-30
willibe01,Bernie Williams,1970,1973,3,-7.66,2624,1970,-1.829,2.1.0,2026-09-30
wingada01,David Wingate,1987,1998,8,-7.67,2625,1992,-0.844,2.1.0,2026-09-30
koncajo01,Jon Koncak,1986,1996,9,-7.7,2626,1986,-0.697,2.1.0,2026-09-30
grahajo01,Joey Graham,2006,2010,4,-7.72,2627,2009,-0.961,2.1.0,2026-09-30
aventan01,Anthony Avent,1993,1996,4,-7.73,2628,1993,-0.745,2.1.0,2026-09-30
whiteje01,Jerome Whitehead,1982,1988,6,-7.74,2629,1982,-0.332,2.1.0,2026-09-30
mahnkjo01,John Mahnken,1952,1953,2,-7.74,2630,1952,-3.721,2.1.0,2026-09-30
johnsde03,DerMarr Johnson,2001,2006,4,-7.75,2631,2002,-1.153,2.1.0,2026-09-30
perryti01,Tim Perry,1989,1994,5,-7.76,2632,1992,1.177,2.1.0,2026-09-30
walkewa01,Wally Walker,1977,1984,8,-7.76,2633,1982,-0.6,2.1.0,2026-09-30
shephbi01,Billy Shepherd,1974,1975,2,-7.77,2634,1975,-3.497,2.1.0,2026-09-30
forbebr01,Bryn Forbes,2018,2022,5,-7.78,2635,2019,-0.576,2.1.0,2026-09-30
lewisbo01,Bobby Lewis,1969,1971,3,-7.79,2636,1970,-1.634,2.1.0,2026-09-30
johnswe01,Wesley Johnson,2011,2018,7,-7.8,2637,2015,-1.104,2.1.0,2026-09-30
iwundwe01,Wes Iwundu,2018,2020,3,-7.8,2638,2018,-1.898,2.1.0,2026-09-30
rooksse01,Sean Rooks,1993,2003,9,-7.81,2639,1993,-1.185,2.1.0,2026-09-30
hurlebo01,Bobby Hurley,1995,1998,3,-7.84,2640,1998,-1.795,2.1.0,2026-09-30
parkhba01,Barry Parkhill,1974,1975,2,-7.85,2641,1975,-2.508,2.1.0,2026-09-30
netora01,Raul Neto,2016,2022,4,-7.86,2642,2016,-1.04,2.1.0,2026-09-30
kingst01,Stacey King,1990,1993,4,-7.87,2643,1990,-0.944,2.1.0,2026-09-30
wardge01,Gerry Ward,1966,1967,2,-7.87,2644,1967,-3.773,2.1.0,2026-09-30
hannual01,Alex Hannum,1952,1957,6,-7.87,2645,1954,-0.655,2.1.0,2026-09-30
morrire01,Red Morrison,1955,1956,2,-7.88,2646,1955,-3.664,2.1.0,2026-09-30
lattida01,Dave Lattin,1969,1972,3,-7.88,2647,1969,-2.01,2.1.0,2026-09-30
makerth01,Thon Maker,2018,2020,3,-7.89,2648,2020,-1.632,2.1.0,2026-09-30
songada01,Darius Songaila,2004,2010,6,-7.89,2649,2006,-0.482,2.1.0,2026-09-30
coltest01,Steve Colter,1985,1990,6,-7.9,2650,1989,-0.936,2.1.0,2026-09-30
cartean01,Anthony Carter,2000,2009,5,-7.91,2651,2000,-0.803,2.1.0,2026-09-30
williar01,Art Williams,1968,1974,7,-7.96,2652,1970,-1.258,2.1.0,2026-09-30
deherte01,Terry Dehere,1994,1998,5,-7.97,2653,1996,-0.276,2.1.0,2026-09-30
vonleno01,Noah Vonleh,2016,2019,3,-7.97,2654,2019,-1.227,2.1.0,2026-09-30
causwdu01,Duane Causwell,1991,1996,4,-7.99,2655,1992,-0.971,2.1.0,2026-09-30
carnero01,Rodney Carney,2007,2010,4,-8.0,2656,2009,-1.332,2.1.0,2026-09-30
lesji01,Jim Les,1989,1993,3,-8.01,2657,1992,-2.072,2.1.0,2026-09-30
pheglro01,Roger Phegley,1980,1983,4,-8.02,2658,1981,-0.218,2.1.0,2026-09-30
jeffrja01,Jared Jeffries,2004,2010,5,-8.03,2659,2004,-1.321,2.1.0,2026-09-30
craigto01,Torrey Craig,2019,2023,4,-8.03,2660,2023,-1.242,2.1.0,2026-09-30
garrede01,Dean Garrett,1997,2001,4,-8.06,2661,1997,-1.095,2.1.0,2026-09-30
scalabr01,Brian Scalabrine,2003,2006,3,-8.06,2662,2006,-2.006,2.1.0,2026-09-30
mckinbi01,Billy McKinney,1979,1984,6,-8.08,2663,1981,-0.425,2.1.0,2026-09-30
smithal01,Al Smith,1972,1975,4,-8.08,2664,1974,-0.475,2.1.0,2026-09-30
griffpa01,Paul Griffin,1977,1981,5,-8.08,2665,1977,-0.982,2.1.0,2026-09-30
walkesa01,Samaki Walker,1999,2003,5,-8.09,2666,2002,-0.173,2.1.0,2026-09-30
lewismi01,Mike Lewis,1969,1972,4,-8.1,2667,1971,-0.973,2.1.0,2026-09-30
foylead01,Adonal Foyle,1999,2008,8,-8.11,2668,2003,-1.06,2.1.0,2026-09-30
charlke01,Ken Charles,1974,1977,4,-8.13,2669,1977,-0.78,2.1.0,2026-09-30
jerebjo01,Jonas Jerebko,2010,2019,8,-8.14,2670,2010,-0.785,2.1.0,2026-09-30
huntele01,Les Hunter,1968,1973,6,-8.15,2671,1968,1.926,2.1.0,2026-09-30
kleinjo01,Joe Kleine,1986,1997,11,-8.15,2672,1988,-0.558,2.1.0,2026-09-30
vujacsa01,Sasha Vujačić,2006,2016,7,-8.16,2673,2008,-0.672,2.1.0,2026-09-30
willimo01,Monty Williams,1997,2002,5,-8.17,2674,2000,-0.079,2.1.0,2026-09-30
masonro01,Roger Mason,2007,2013,6,-8.18,2675,2009,0.343,2.1.0,2026-09-30
davisji01,Jim Davis,1969,1975,7,-8.19,2676,1970,-0.307,2.1.0,2026-09-30
hopkibo01,Bob Hopkins,1957,1960,4,-8.21,2677,1959,-0.983,2.1.0,2026-09-30
jordaed01,Eddie Jordan,1978,1982,5,-8.21,2678,1980,1.185,2.1.0,2026-09-30
coopech01,Chuck Cooper,1952,1956,5,-8.21,2679,1952,0.585,2.1.0,2026-09-30
noblech01,Chuck Noble,1956,1961,6,-8.23,2680,1960,-0.762,2.1.0,2026-09-30
baynear01,Aron Baynes,2015,2021,5,-8.23,2681,2018,-1.092,2.1.0,2026-09-30
dietrco01,Coby Dietrick,1973,1982,10,-8.23,2682,1980,-0.751,2.1.0,2026-09-30
neumajo01,Johnny Neumann,1972,1977,5,-8.23,2683,1973,-0.389,2.1.0,2026-09-30
bitadgo01,Goga Bitadze,2020,2026,4,-8.25,2684,2025,-1.422,2.1.0,2026-09-30
gadzuda01,Dan Gadzuric,2004,2009,4,-8.26,2685,2005,-0.718,2.1.0,2026-09-30
wallajo01,John Wallace,1997,2000,4,-8.27,2686,1998,-0.812,2.1.0,2026-09-30
pavloal01,Sasha Pavlović,2004,2010,5,-8.27,2687,2007,0.228,2.1.0,2026-09-30
cookje01,Jeff Cook,1980,1985,6,-8.29,2688,1981,-0.003,2.1.0,2026-09-30
meminde01,Dean Meminger,1972,1976,5,-8.29,2689,1975,-0.388,2.1.0,2026-09-30
judkije01,Jeff Judkins,1979,1981,3,-8.29,2690,1979,-1.688,2.1.0,2026-09-30
wilkije01,Jeff Wilkins,1982,1986,5,-8.29,2691,1983,-0.51,2.1.0,2026-09-30
acyqu01,Quincy Acy,2014,2018,4,-8.29,2692,2018,-1.574,2.1.0,2026-09-30
hoibefr01,Fred Hoiberg,1998,2005,6,-8.3,2693,2004,-0.722,2.1.0,2026-09-30
wilfowi01,Win Wilfong,1958,1961,4,-8.31,2694,1960,-1.108,2.1.0,2026-09-30
norwowi01,Willie Norwood,1972,1977,5,-8.32,2695,1973,-0.932,2.1.0,2026-09-30
evansma01,Maurice Evans,2005,2011,7,-8.33,2696,2008,-0.938,2.1.0,2026-09-30
grantgr01,Greg Grant,1990,1993,3,-8.35,2697,1992,-2.451,2.1.0,2026-09-30
melchbi01,Bill Melchionni,1967,1976,8,-8.36,2698,1972,0.536,2.1.0,2026-09-30
wennibi01,Bill Wennington,1987,1999,9,-8.38,2699,1997,-1.268,2.1.0,2026-09-30
mccarwa01,Walter McCarty,1998,2005,6,-8.38,2700,1998,-0.253,2.1.0,2026-09-30
pricebr01,Brent Price,1993,1999,5,-8.39,2701,1996,0.553,2.1.0,2026-09-30
highjo01,Johnny High,1980,1983,3,-8.4,2702,1981,-1.682,2.1.0,2026-09-30
ormsba01,Barry Orms,1969,1970,2,-8.42,2703,1970,-4.032,2.1.0,2026-09-30
brooksc01,Scott Brooks,1989,1996,8,-8.44,2704,1995,-1.383,2.1.0,2026-09-30
fraziwi01,Will Frazier,1968,1969,2,-8.48,2705,1968,-3.267,2.1.0,2026-09-30
whitero01,Rory White,1983,1987,4,-8.49,2706,1986,-1.214,2.1.0,2026-09-30
barnhjo01,John Barnhill,1963,1971,6,-8.5,2707,1963,0.133,2.1.0,2026-09-30
palacmi01,Milt Palacio,2001,2006,6,-8.5,2708,2006,-1.421,2.1.0,2026-09-30
hillso01,Solomon Hill,2015,2021,5,-8.51,2709,2015,0.524,2.1.0,2026-09-30
collija04,Jason Collins,2002,2008,7,-8.51,2710,2003,-0.595,2.1.0,2026-09-30
wilkida02,Damien Wilkins,2006,2013,6,-8.52,2711,2007,-1.151,2.1.0,2026-09-30
grantje02,Jerian Grant,2016,2019,4,-8.52,2712,2018,-1.024,2.1.0,2026-09-30
cableba01,Barney Cable,1960,1964,5,-8.55,2713,1962,-0.672,2.1.0,2026-09-30
kozelto01,Tom Kozelko,1975,1976,2,-8.57,2714,1975,-4.087,2.1.0,2026-09-30
trappge01,George Trapp,1972,1976,5,-8.58,2715,1973,-0.851,2.1.0,2026-09-30
keefead01,Adam Keefe,1993,2001,9,-8.61,2716,1998,-1.115,2.1.0,2026-09-30
murrewi01,Willie Murrell,1968,1970,3,-8.63,2717,1968,-0.517,2.1.0,2026-09-30
hundlho01,Hot Rod Hundley,1958,1963,6,-8.65,2718,1960,-0.275,2.1.0,2026-09-30
washitr01,Trooper Washington,1968,1973,5,-8.67,2719,1968,-0.039,2.1.0,2026-09-30
grayeje01,Jeff Grayer,1990,1994,4,-8.68,2720,1992,-0.753,2.1.0,2026-09-30
calhoco01,Corky Calhoun,1973,1979,7,-8.7,2721,1976,-1.411,2.1.0,2026-09-30
basseti01,Tim Bassett,1974,1979,6,-8.71,2722,1977,-0.651,2.1.0,2026-09-30
browntr01,Troy Brown Jr.,2020,2024,4,-8.72,2723,2020,-1.117,2.1.0,2026-09-30
overtdo01,Doug Overton,1994,2004,4,-8.78,2724,1995,-1.997,2.1.0,2026-09-30
mcguido01,Dominic McGuire,2008,2012,3,-8.81,2725,2009,-2.1,2.1.0,2026-09-30
hugheki01,Kim Hughes,1976,1980,4,-8.82,2726,1976,-0.696,2.1.0,2026-09-30
kingji01,Jim King,1964,1973,6,-8.86,2727,1967,1.104,2.1.0,2026-09-30
bryanma01,Mark Bryant,1990,2000,7,-8.86,2728,1999,-1.061,2.1.0,2026-09-30
hammoto01,Tom Hammonds,1990,1999,7,-8.87,2729,1997,-1.393,2.1.0,2026-09-30
swiftsk01,Skeeter Swift,1970,1972,3,-8.87,2730,1971,-2.365,2.1.0,2026-09-30
buncela01,Larry Bunce,1968,1969,2,-8.87,2731,1968,-3.869,2.1.0,2026-09-30
boonejo01,Josh Boone,2007,2010,4,-8.91,2732,2008,-0.985,2.1.0,2026-09-30
mcguial01,Al McGuire,1952,1954,3,-8.91,2733,1953,-1.505,2.1.0,2026-09-30
doleami01,Michael Doleac,1999,2005,6,-8.91,2733,2000,-0.616,2.1.0,2026-09-30
curetea01,Earl Cureton,1982,1989,8,-8.93,2735,1987,-1.409,2.1.0,2026-09-30
mooreja01,Jackie Moore,1956,1957,2,-8.94,2736,1956,-4.437,2.1.0,2026-09-30
restake01,Kevin Restani,1975,1981,6,-8.94,2737,1979,-1.134,2.1.0,2026-09-30
sundvjo01,Jon Sundvold,1984,1990,6,-8.97,2738,1987,-0.788,2.1.0,2026-09-30
hayesja02,Jaxson Hayes,2020,2026,5,-8.97,2739,2021,-0.928,2.1.0,2026-09-30
turnebi01,Bill Turner,1969,1972,3,-8.97,2740,1970,-1.999,2.1.0,2026-09-30
bertada01,Dāvis Bertāns,2017,2021,5,-8.97,2741,2020,0.152,2.1.0,2026-09-30
rodrise01,Sergio Rodríguez,2007,2017,5,-8.98,2742,2017,-1.035,2.1.0,2026-09-30
okogijo01,Josh Okogie,2019,2026,6,-8.99,2743,2020,-0.988,2.1.0,2026-09-30
hewitbi01,Bill Hewitt,1969,1973,5,-9.0,2744,1971,-0.86,2.1.0,2026-09-30
rossqu01,Quinton Ross,2005,2009,5,-9.02,2745,2005,-1.062,2.1.0,2026-09-30
hansbty01,Tyler Hansbrough,2011,2015,5,-9.03,2746,2011,-0.541,2.1.0,2026-09-30
parkme01,Med Park,1957,1960,4,-9.04,2747,1960,-1.429,2.1.0,2026-09-30
chambje01,Jerry Chambers,1967,1971,3,-9.05,2748,1971,-2.777,2.1.0,2026-09-30
jonesco01,Collis Jones,1972,1975,3,-9.06,2749,1973,-1.737,2.1.0,2026-09-30
leaksma01,Manny Leaks,1969,1973,5,-9.06,2750,1970,-0.097,2.1.0,2026-09-30
anderan01,Andy Anderson,1968,1970,2,-9.07,2751,1970,-3.824,2.1.0,2026-09-30
snellto01,Tony Snell,2014,2020,7,-9.09,2752,2020,-1.098,2.1.0,2026-09-30
pattest01,Steve Patterson,1972,1976,5,-9.15,2753,1974,-0.666,2.1.0,2026-09-30
schluda01,Dale Schlueter,1970,1976,6,-9.16,2754,1972,-0.5,2.1.0,2026-09-30
lentzle01,Leary Lentz,1968,1969,2,-9.19,2755,1968,-4.028,2.1.0,2026-09-30
scottmi01,Mike Scott,2014,2021,7,-9.21,2756,2014,-1.314,2.1.0,2026-09-30
biancal01,Al Bianchi,1957,1966,9,-9.21,2757,1962,-1.048,2.1.0,2026-09-30
piatkwa01,Walt Piatkowski,1969,1970,2,-9.23,2758,1969,-4.307,2.1.0,2026-09-30
greenla01,Lamar Green,1970,1974,5,-9.25,2759,1973,-1.064,2.1.0,2026-09-30
elsonfr01,Francisco Elson,2004,2011,7,-9.26,2760,2007,-1.159,2.1.0,2026-09-30
maybele01,Lee Mayberry,1993,1998,6,-9.28,2761,1995,-1.67,2.1.0,2026-09-30
kellyar01,Arvesta Kelly,1969,1970,2,-9.29,2762,1970,-3.052,2.1.0,2026-09-30
karlge01,George Karl,1974,1976,3,-9.3,2763,1975,-2.682,2.1.0,2026-09-30
caldwji01,Jim Caldwell,1968,1969,2,-9.31,2764,1968,-3.696,2.1.0,2026-09-30
holstji01,Jim Holstein,1953,1955,3,-9.32,2765,1954,-2.967,2.1.0,2026-09-30
mcgilbi01,Billy McGill,1963,1970,4,-9.32,2766,1964,-0.172,2.1.0,2026-09-30
anderri01,Richard Anderson,1983,1989,4,-9.33,2767,1988,-1.997,2.1.0,2026-09-30
brownmi01,Mike Brown,1987,1994,7,-9.36,2768,1992,-0.979,2.1.0,2026-09-30
prattmi01,Mike Pratt,1971,1972,2,-9.38,2769,1972,-4.325,2.1.0,2026-09-30
ruffimi01,Michael Ruffin,2000,2006,3,-9.4,2770,2000,-2.407,2.1.0,2026-09-30
poweljo01,Josh Powell,2008,2010,3,-9.41,2771,2008,-1.886,2.1.0,2026-09-30
walkeke01,Kenny Walker,1987,1994,5,-9.41,2772,1987,-1.06,2.1.0,2026-09-30
smithjo01,John Smith,1969,1970,2,-9.42,2773,1969,-3.717,2.1.0,2026-09-30
taylool01,Ollie Taylor,1971,1973,3,-9.47,2774,1973,-1.902,2.1.0,2026-09-30
moorege01,Gene Moore,1969,1973,5,-9.5,2775,1970,0.949,2.1.0,2026-09-30
hamiljo01,Joe Hamilton,1971,1974,4,-9.51,2776,1974,-1.852,2.1.0,2026-09-30
holidaa01,Aaron Holiday,2020,2025,6,-9.52,2777,2020,-1.069,2.1.0,2026-09-30
crottjo01,John Crotty,1995,2000,3,-9.53,2778,1995,-2.736,2.1.0,2026-09-30
holtomi01,Michael Holton,1985,1989,4,-9.53,2779,1989,-0.94,2.1.0,2026-09-30
askinke01,Keith Askins,1992,1997,4,-9.54,2780,1996,-1.261,2.1.0,2026-09-30
lampje01,Jeff Lamp,1983,1986,3,-9.59,2781,1986,-2.216,2.1.0,2026-09-30
reedhu01,Hub Reed,1959,1965,6,-9.6,2782,1960,-0.804,2.1.0,2026-09-30
kitegr01,Greg Kite,1986,1993,7,-9.62,2783,1991,-0.956,2.1.0,2026-09-30
vraneda01,Danny Vranes,1982,1987,6,-9.62,2784,1984,-1.205,2.1.0,2026-09-30
glennmi01,Mike Glenn,1979,1985,6,-9.63,2785,1985,-0.972,2.1.0,2026-09-30
phillga01,Gary Phillips,1962,1966,5,-9.64,2786,1964,-0.625,2.1.0,2026-09-30
rileypa01,Pat Riley,1968,1976,4,-9.65,2787,1972,-1.838,2.1.0,2026-09-30
wileyge01,Gene Wiley,1963,1966,4,-9.65,2788,1965,-1.185,2.1.0,2026-09-30
adelmri01,Rick Adelman,1969,1975,5,-9.69,2789,1971,-0.665,2.1.0,2026-09-30
adamsge01,George Adams,1973,1975,3,-9.71,2790,1975,-1.58,2.1.0,2026-09-30
farmemi01,Mike Farmer,1959,1965,6,-9.72,2791,1961,-1.367,2.1.0,2026-09-30
ennisja01,James Ennis III,2015,2020,5,-9.73,2792,2018,-1.408,2.1.0,2026-09-30
hezonma01,Mario Hezonja,2016,2020,5,-9.73,2793,2016,-1.426,2.1.0,2026-09-30
pondequ01,Quincy Pondexter,2011,2015,4,-9.73,2794,2013,-0.882,2.1.0,2026-09-30
addisra01,Rafael Addison,1987,1995,4,-9.73,2795,1995,-1.718,2.1.0,2026-09-30
wilkied01,Eddie Lee Wilkins,1989,1991,3,-9.74,2796,1990,-2.876,2.1.0,2026-09-30
bradldu01,Dudley Bradley,1980,1988,8,-9.74,2797,1980,-0.951,2.1.0,2026-09-30
vaughja01,Jacque Vaughn,2000,2008,9,-9.77,2798,2002,-0.939,2.1.0,2026-09-30
robinja02,James Robinson,1994,1998,5,-9.77,2799,1995,-1.185,2.1.0,2026-09-30
gondrgl01,Glen Gondrezick,1978,1983,6,-9.79,2800,1980,-1.35,2.1.0,2026-09-30
lloydbo01,Bobby Lloyd,1968,1969,2,-9.81,2801,1968,-4.711,2.1.0,2026-09-30
traylro01,Robert Traylor,1999,2005,6,-9.9,2802,2005,-0.885,2.1.0,2026-09-30
tuckeal01,Al Tucker,1968,1972,4,-9.95,2803,1968,-0.839,2.1.0,2026-09-30
thackto01,Tom Thacker,1968,1970,2,-9.98,2804,1968,-4.074,2.1.0,2026-09-30
willike03,Kenny Williams,1991,1994,3,-9.99,2805,1994,-2.386,2.1.0,2026-09-30
muscami01,Mike Muscala,2016,2023,4,-10.02,2806,2019,-1.055,2.1.0,2026-09-30
lopezfe01,Felipe López,1999,2002,4,-10.05,2807,1999,-1.412,2.1.0,2026-09-30
hitchle01,Lew Hitch,1952,1957,6,-10.06,2808,1954,-0.231,2.1.0,2026-09-30
ojelese01,Semi Ojeleye,2018,2021,3,-10.08,2809,2020,-3.234,2.1.0,2026-09-30
hensojo01,John Henson,2013,2018,5,-10.16,2810,2014,-0.735,2.1.0,2026-09-30
kuberst01,Steve Kuberski,1971,1977,7,-10.18,2811,1971,-0.607,2.1.0,2026-09-30
jonesda02,Dahntay Jones,2006,2013,6,-10.23,2812,2010,-0.576,2.1.0,2026-09-30
rascobo01,Bobby Rascoe,1968,1969,2,-10.23,2813,1968,-4.62,2.1.0,2026-09-30
mcilvji01,Jim McIlvaine,1996,2000,4,-10.23,2814,2000,-2.087,2.1.0,2026-09-30
bowenry01,Ryan Bowen,2002,2006,4,-10.25,2815,2003,-1.795,2.1.0,2026-09-30
brownla01,Larry Brown,1968,1972,5,-10.26,2816,1969,-0.229,2.1.0,2026-09-30
chapmwa01,Wayne Chapman,1970,1971,2,-10.27,2817,1970,-4.663,2.1.0,2026-09-30
petrojo01,Johan Petro,2006,2012,5,-10.27,2818,2007,-1.746,2.1.0,2026-09-30
landsma01,Mark Landsberger,1978,1982,5,-10.31,2819,1979,-0.757,2.1.0,2026-09-30
udohek01,Ekpe Udoh,2011,2018,4,-10.32,2820,2012,-1.275,2.1.0,2026-09-30
thomaro01,Ron Thomas,1974,1976,3,-10.37,2821,1976,-3.056,2.1.0,2026-09-30
willobi01,Bill Willoughby,1976,1984,5,-10.4,2822,1980,-1.132,2.1.0,2026-09-30
blounco01,Corie Blount,1994,2004,7,-10.41,2823,2001,-1.517,2.1.0,2026-09-30
dayeda01,Darren Daye,1984,1987,4,-10.43,2824,1985,-1.444,2.1.0,2026-09-30
cuetoal01,Al Cueto,1970,1971,2,-10.45,2825,1970,-4.575,2.1.0,2026-09-30
fergute01,Terrance Ferguson,2018,2020,3,-10.5,2826,2019,-2.59,2.1.0,2026-09-30
brownro02,Roger Brown,1973,1974,2,-10.51,2827,1974,-4.835,2.1.0,2026-09-30
ruddde01,Delaney Rudd,1990,1992,3,-10.52,2828,1991,-3.316,2.1.0,2026-09-30
nealyed01,Ed Nealy,1983,1988,4,-10.54,2829,1983,-1.258,2.1.0,2026-09-30
currymi01,Michael Curry,1997,2004,8,-10.54,2830,1998,-1.115,2.1.0,2026-09-30
tormobu01,Gene Tormohlen,1966,1968,3,-10.56,2831,1967,-2.838,2.1.0,2026-09-30
mokespa01,Paul Mokeski,1981,1989,8,-10.61,2832,1981,-1.252,2.1.0,2026-09-30
ollieke01,Kevin Ollie,2001,2006,5,-10.62,2833,2003,-1.256,2.1.0,2026-09-30
knightr01,Travis Knight,1997,2000,4,-10.63,2834,1998,-1.122,2.1.0,2026-09-30
chilcpe01,Pete Chilcutt,1992,1999,7,-10.64,2835,1994,-1.85,2.1.0,2026-09-30
smithsa01,Sam Smith,1968,1970,3,-10.65,2836,1968,-2.597,2.1.0,2026-09-30
dunntr01,T.R. Dunn,1978,1990,12,-10.67,2837,1981,-1.97,2.1.0,2026-09-30
faircjo01,John Fairchild,1968,1969,2,-10.67,2838,1968,-4.109,2.1.0,2026-09-30
youngda01,Danny Young,1986,1993,7,-10.68,2839,1986,-0.918,2.1.0,2026-09-30
bullama01,Matt Bullard,1992,2001,7,-10.79,2840,2001,-1.181,2.1.0,2026-09-30
gerargu01,Gus Gerard,1975,1980,5,-10.79,2841,1975,-0.273,2.1.0,2026-09-30
parksch02,Cherokee Parks,1996,2001,5,-10.9,2842,2001,-1.504,2.1.0,2026-09-30
becker01,Ernie Beck,1956,1960,5,-10.92,2843,1956,-1.424,2.1.0,2026-09-30
evansmi01,Mike Evans,1980,1987,6,-10.95,2844,1985,-0.87,2.1.0,2026-09-30
najered01,Eduardo Nájera,2002,2008,6,-10.98,2845,2002,-1.63,2.1.0,2026-09-30
brownri01,Rickey Brown,1982,1985,4,-11.0,2846,1982,-1.392,2.1.0,2026-09-30
herreca01,Carl Herrera,1993,1998,5,-11.04,2847,1993,-1.258,2.1.0,2026-09-30
kennego01,Goo Kennedy,1972,1975,4,-11.09,2848,1973,-1.485,2.1.0,2026-09-30
turneel01,Elston Turner,1982,1989,6,-11.11,2849,1982,-1.177,2.1.0,2026-09-30
prigipa01,Pablo Prigioni,2013,2016,4,-11.12,2850,2014,-1.606,2.1.0,2026-09-30
jonesma01,Major Jones,1980,1983,4,-11.18,2851,1983,-1.896,2.1.0,2026-09-30
hillsi01,Simmie Hill,1972,1974,3,-11.24,2852,1972,-3.012,2.1.0,2026-09-30
daviswa02,Warren Davis,1969,1973,5,-11.24,2853,1970,-1.358,2.1.0,2026-09-30
jarviji01,Jim Jarvis,1968,1969,2,-11.25,2854,1969,-4.972,2.1.0,2026-09-30
iveyro01,Royal Ivey,2005,2009,4,-11.27,2855,2005,-2.178,2.1.0,2026-09-30
chubist01,Steve Chubin,1968,1970,3,-11.32,2856,1968,-2.387,2.1.0,2026-09-30
schoeru01,Russ Schoene,1983,1989,4,-11.39,2857,1983,-1.187,2.1.0,2026-09-30
dempsge01,George Dempsey,1956,1959,4,-11.39,2858,1956,-2.254,2.1.0,2026-09-30
ferraal01,Al Ferrari,1956,1962,5,-11.41,2859,1962,-1.647,2.1.0,2026-09-30
diopde01,DeSagana Diop,2003,2009,5,-11.45,2860,2008,-1.817,2.1.0,2026-09-30
jonesch01,Charles Jones,1986,1993,7,-11.49,2861,1990,-1.518,2.1.0,2026-09-30
grayst01,Stuart Gray,1986,1990,4,-11.5,2862,1988,-2.149,2.1.0,2026-09-30
sidledo01,Don Sidle,1969,1972,4,-11.5,2863,1970,-1.54,2.1.0,2026-09-30
smithja02,Jason Smith,2008,2017,5,-11.54,2864,2016,-0.984,2.1.0,2026-09-30
mahafra01,Randy Mahaffey,1968,1971,4,-11.54,2865,1968,-1.346,2.1.0,2026-09-30
irvinge01,George Irvine,1972,1975,4,-11.54,2866,1975,-1.114,2.1.0,2026-09-30
buckngr01,Greg Buckner,2003,2009,5,-11.58,2867,2006,-1.656,2.1.0,2026-09-30
eubandr01,Drew Eubanks,2021,2025,5,-11.59,2868,2022,-1.606,2.1.0,2026-09-30
beaslch01,Charlie Beasley,1968,1970,3,-11.64,2869,1968,-2.604,2.1.0,2026-09-30
iavarma01,Marc Iavaroni,1983,1989,7,-11.66,2870,1983,-1.597,2.1.0,2026-09-30
carteje01,Jevon Carter,2020,2024,5,-11.74,2871,2023,-1.42,2.1.0,2026-09-30
baumjo01,Johnny Baum,1971,1974,3,-11.78,2872,1971,-3.636,2.1.0,2026-09-30
collija03,Jarron Collins,2002,2008,5,-11.81,2873,2004,-0.668,2.1.0,2026-09-30
skinnbr01,Brian Skinner,2002,2008,5,-11.94,2874,2007,-1.869,2.1.0,2026-09-30
roberma01,Marv Roberts,1972,1976,5,-12.02,2875,1976,-1.061,2.1.0,2026-09-30
lloydsc01,Scott Lloyd,1977,1982,5,-12.03,2876,1981,-1.435,2.1.0,2026-09-30
gibbsdi01,Dick Gibbs,1972,1976,5,-12.11,2877,1974,-0.346,2.1.0,2026-09-30
madsema01,Mark Madsen,2001,2006,4,-12.11,2878,2004,-2.374,2.1.0,2026-09-30
leckner01,Eric Leckner,1989,1994,5,-12.15,2879,1991,-1.769,2.1.0,2026-09-30
simonwa01,Walt Simon,1968,1974,7,-12.18,2880,1973,0.03,2.1.0,2026-09-30
buechju01,Jud Buechler,1991,2002,8,-12.2,2881,1993,-1.616,2.1.0,2026-09-30
keyeju01,Julius Keye,1970,1974,5,-12.27,2882,1971,-0.952,2.1.0,2026-09-30
dreilgr01,Greg Dreiling,1991,1995,3,-12.28,2883,1991,-3.392,2.1.0,2026-09-30
hargeir01,Ira Harge,1968,1972,5,-12.34,2884,1971,-1.414,2.1.0,2026-09-30
allenla01,Lavoy Allen,2013,2017,5,-12.37,2885,2015,-1.42,2.1.0,2026-09-30
pricero01,Ronnie Price,2007,2016,5,-12.4,2886,2016,-1.602,2.1.0,2026-09-30
turiaro01,Ronny Turiaf,2007,2013,5,-12.43,2887,2009,-0.987,2.1.0,2026-09-30
butlemi01,Mike Butler,1969,1971,3,-12.47,2888,1970,-3.516,2.1.0,2026-09-30
wolfjo01,Joe Wolf,1989,1996,6,-12.5,2889,1989,-2.121,2.1.0,2026-09-30
hammoju01,Julian Hammond,1968,1971,4,-12.56,2890,1970,-1.566,2.1.0,2026-09-30
olsenbu01,Bud Olsen,1965,1970,4,-12.62,2891,1966,-2.297,2.1.0,2026-09-30
taylofa01,Fatty Taylor,1970,1977,8,-12.68,2892,1976,-2.148,2.1.0,2026-09-30
bowiean01,Anthony Bowie,1990,1996,5,-12.73,2893,1993,-0.584,2.1.0,2026-09-30
daviswa01,Walt Davis,1954,1958,5,-12.86,2894,1954,-1.188,2.1.0,2026-09-30
acresma01,Mark Acres,1988,1992,5,-12.93,2895,1991,-1.556,2.1.0,2026-09-30
mannied01,Ed Manning,1968,1975,8,-12.96,2896,1971,-1.438,2.1.0,2026-09-30
thybuma01,Matisse Thybulle,2020,2024,5,-13.15,2897,2024,-2.046,2.1.0,2026-09-30
scottal01,Alvin Scott,1978,1985,8,-13.2,2898,1982,-2.202,2.1.0,2026-09-30
waltoll01,Lloyd Walton,1978,1981,4,-13.26,2899,1979,-1.438,2.1.0,2026-09-30
millela01,Larry Miller,1969,1974,6,-13.27,2900,1972,-1.295,2.1.0,2026-09-30
bedelbo01,Bob Bedell,1968,1971,3,-13.4,2901,1968,-4.017,2.1.0,2026-09-30
holliry01,Ryan Hollins,2008,2014,5,-13.41,2902,2010,-1.792,2.1.0,2026-09-30
stacoke01,Kevin Stacom,1975,1979,4,-13.42,2903,1979,-2.518,2.1.0,2026-09-30
reiddo01,Don Reid,1996,2002,5,-13.53,2904,1998,-1.679,2.1.0,2026-09-30
fostegr01,Greg Foster,1995,2001,7,-13.57,2905,1995,-1.768,2.1.0,2026-09-30
catchha01,Harvey Catchings,1976,1985,8,-13.59,2906,1985,-2.316,2.1.0,2026-09-30
lochmri01,Riney Lochmann,1968,1969,2,-13.59,2907,1969,-6.232,2.1.0,2026-09-30
beckear01,Art Becker,1968,1972,5,-13.6,2908,1968,-0.974,2.1.0,2026-09-30
warlebe01,Ben Warley,1964,1968,5,-13.73,2909,1967,-1.663,2.1.0,2026-09-30
padgesc01,Scott Padgett,2002,2006,5,-13.73,2910,2002,-2.051,2.1.0,2026-09-30
woodda01,David Wood,1991,1996,5,-13.78,2911,1996,-2.254,2.1.0,2026-09-30
palazto01,Togo Palazzi,1955,1959,5,-13.81,2912,1957,-1.488,2.1.0,2026-09-30
finkeha01,Hank Finkel,1970,1975,6,-13.83,2913,1970,-0.911,2.1.0,2026-09-30
obrieji01,Jimmy O'Brien,1972,1975,4,-14.21,2914,1975,-2.049,2.1.0,2026-09-30
bolma01,Manute Bol,1986,1993,8,-14.27,2915,1993,-2.497,2.1.0,2026-09-30
smithto02,Tony Smith,1991,1997,6,-14.31,2916,1994,-1.24,2.1.0,2026-09-30
hastisc01,Scott Hastings,1984,1993,5,-14.47,2917,1989,-1.727,2.1.0,2026-09-30
dardeol01,Ollie Darden,1968,1970,3,-14.6,2918,1968,-3.924,2.1.0,2026-09-30
littlge01,Gene Littles,1970,1975,6,-14.7,2919,1972,-2.656,2.1.0,2026-09-30
terrycl01,Claude Terry,1973,1976,4,-14.86,2920,1976,-2.898,2.1.0,2026-09-30
warrebo01,Bob Warren,1969,1975,6,-15.16,2921,1972,-2.279,2.1.0,2026-09-30
lambejo01,John Lambert,1977,1982,5,-15.69,2922,1980,-1.526,2.1.0,2026-09-30
sojouwi01,Willie Sojourner,1972,1975,4,-15.69,2923,1974,-3.688,2.1.0,2026-09-30
franzro01,Ron Franz,1968,1973,5,-15.85,2924,1969,-2.473,2.1.0,2026-09-30
anthojo01,Joel Anthony,2009,2013,5,-15.87,2925,2012,-1.956,2.1.0,2026-09-30
cunnidi01,Dick Cunningham,1969,1973,5,-15.97,2926,1969,-1.849,2.1.0,2026-09-30
cardfr01,Frank Card,1969,1972,4,-15.98,2927,1971,-2.927,2.1.0,2026-09-30
bowento01,Tommie Bowens,1968,1970,3,-16.18,2928,1970,-4.928,2.1.0,2026-09-30
wrighlo01,Lonnie Wright,1969,1972,4,-16.6,2929,1969,-2.884,2.1.0,2026-09-30
peeplge01,George Peeples,1968,1971,4,-17.55,2930,1971,-2.83,2.1.0,2026-09-30
davisle01,Lee Davis,1969,1975,5,-17.73,2931,1975,-0.84,2.1.0,2026-09-30
ardji01,Jim Ard,1971,1977,5,-18.88,2932,1977,-1.78,2.1.0,2026-09-30
terrych01,Chuck Terry,1973,1977,5,-18.97,2933,1977,-2.19,2.1.0,2026-09-30
congdje01,Jeff Congdon,1968,1971,4,-21.22,2934,1970,-2.392,2.1.0,2026-09-30
