player_id,player,season,teams,rs_games,po_games,qualified,cv,rs,po,champion,rank_season,rank_alltime
johnsad01w,Adrienne Johnson,1997,CLE,25,,True,-2.32,-3.57,,False,59.0,2752.0
congran01w,Andrea Congreaves,1997,CHA,28,1.0,True,-0.087,0.515,-1.204,False,33.0,1400.0
stinsan01w,Andrea Stinson,1997,CHA,28,1.0,True,4.019,6.159,0.047,False,4.0,291.0
maxwean01w,Anita Maxwell,1997,CLE,9,,False,-2.206,-3.394,,False,,
pettibr01w,Bridget Pettis,1997,PHO,28,1.0,True,1.983,3.723,-1.249,False,19.0,685.0
gordobr01w,Bridgette Gordon,1997,SAC,28,,True,0.516,0.793,,False,27.0,1139.0
crumpca01w,Cassandra Crumpton-Moorer,1997,NYL,2,,False,-2.666,-4.102,,False,,
pollica01w,Catarina Pollini,1997,HOU,13,,False,-2.423,-3.727,,False,,
tremich01w,Chantel Tremitiere,1997,SAC,28,,True,-0.745,-1.145,,False,39.0,1716.0
yasenco01w,Corissa Yasen,1997,SAC,19,,False,-2.346,-3.609,,False,,
coopecy01w,Cynthia Cooper,1997,HOU,28,2.0,True,12.621,10.613,16.35,True,1.0,4.0
charlda01w,Daedra Charles,1997,LAS,28,,True,-2.113,-3.25,,False,56.0,2646.0
viglida01w,Danielle Viglione,1997,SAC,7,,False,-2.816,-4.332,,False,,
cartede01w,Deborah Carter,1997,UTA,18,,False,-1.767,-2.718,,False,,
willide01w,Debra Williams,1997,CHA,10,,False,-2.048,-3.151,,False,,
headde01w,Dena Head,1997,UTA,27,,True,-1.399,-2.152,,False,48.0,2147.0
gravede01w,Denique Graves,1997,SAC,22,,True,-2.908,-4.474,,False,64.0,2962.0
baranel01w,Elena Baranova,1997,UTA,28,,True,0.4,0.615,,False,29.0,1184.0
nemcoev01w,Eva Nemcova,1997,CLE,28,,True,2.558,3.936,,False,11.0,552.0
harrifr01w,Fran Harris,1997,HOU,25,,True,-1.217,-1.873,,False,44.0,2017.0
kossgr01w,Greta Koss,1997,UTA,13,,False,-1.739,-2.675,,False,,
zhengha01w,Haixia Zheng,1997,LAS,28,,True,0.761,1.171,,False,25.0,1063.0
burgehe01w,Heidi Burge,1997,LAS,22,,True,-1.286,-1.979,,False,46.0,2064.0
fijalis01w,Isabelle Fijalkowski,1997,CLE,28,,True,2.256,3.471,,False,17.0,615.0
widemja01w,Jamila Wideman,1997,LAS,28,,True,-1.299,-1.999,,False,47.0,2078.0
arcaija01w,Janeth Arcain,1997,HOU,28,2.0,True,3.764,3.151,4.901,True,6.0,324.0
braxtja01w,Janice Braxton,1997,CLE,25,,True,2.378,3.658,,False,14.0,590.0
perazja01w,Jasmina Perazic-Gipe,1997,NYL,9,,False,-2.548,-3.92,,False,,
gilloje01w,Jennifer Gillom,1997,PHO,28,1.0,True,3.517,5.291,0.223,False,7.0,362.0
bouceje01w,Jenny Boucek,1997,CLE,10,,False,-2.277,-3.503,,False,,
hicksje01w,Jessie Hicks,1997,UTA,26,,True,-2.059,-3.168,,False,55.0,2610.0
mosleju01w,Judy Mosley-McAfee,1997,SAC,13,,False,-1.579,-2.43,,False,,
bookeka01w,Karen Booker,1997,UTA,26,,True,-2.015,-3.101,,False,53.0,2571.0
artiska01w,Katasha Artis,1997,CHA,20,,True,-2.734,-4.206,,False,62.0,2916.0
colleka01w,Katrina Colleton,1997,LAS,28,,True,-0.991,-1.525,,False,42.0,1863.0
gessiki01w,Kim Gessig,1997,LAS,1,,False,-2.985,-4.592,,False,,
perroki01w,Kim Perrot,1997,HOU,28,2.0,True,0.806,0.132,2.059,True,24.0,1044.0
williki01w,Kim Williams,1997,UTA,28,,True,-0.78,-1.2,,False,41.0,1743.0
fordki01w,Kisha Ford,1997,NYL,28,2.0,True,-2.803,-2.063,-4.178,False,63.0,2934.0
hamptky01w,Kym Hampton,1997,NYL,28,2.0,True,3.124,2.296,4.663,False,9.0,419.0
groomla01w,Lady Grooms,1997,UTA,28,,True,-1.435,-2.208,,False,49.0,2167.0
byearla01w,Latasha Byears,1997,SAC,28,,True,0.079,0.121,,False,30.0,1317.0
savasla01w,Laure Savasta,1997,SAC,14,,False,-2.467,-3.796,,False,,
burgeli01w,Linda Burgess,1997,LAS,28,,True,-0.242,-0.372,,False,35.0,1466.0
leslili01w,Lisa Leslie,1997,LAS,28,,True,3.997,6.149,,False,5.0,295.0
woodaly01w,Lynette Woodard,1997,CLE,28,,True,0.425,0.654,,False,28.0,1171.0
alberma01w,Marcie Alberts,1997,CLE,5,,False,-3.136,-4.824,,False,,
clarkma01w,Margold Clark,1997,SAC,4,,False,-2.385,-3.67,,False,,
askamma01w,Marlies Askamp,1997,PHO,28,1.0,True,-0.092,0.769,-1.693,False,34.0,1403.0
compame01w,Megan Compain,1997,UTA,5,,False,-2.698,-4.151,,False,,
jonesme01w,Merlakia Jones,1997,CLE,28,,True,0.031,0.047,,False,31.0,1336.0
timmsmi01w,Michele Timms,1997,PHO,27,1.0,True,2.366,4.195,-1.03,False,15.0,592.0
edwarmi01w,Michelle Edwards,1997,CLE,20,,True,1.521,2.34,,False,20.0,800.0
hagiwmi01w,Mikiko Hagiwara,1997,"PHO,SAC",26,1.0,True,-3.608,-3.238,-4.296,False,69.0,3150.0
vukadmi01w,Milica Vukadinovic,1997,CHA,1,,False,-1.747,-2.688,,False,,
tutermo01w,Molly Tuter,1997,PHO,3,,False,-3.174,-4.882,,False,,
ambermo01w,Monique Ambers,1997,PHO,19,,False,-2.695,-4.147,,False,,
mabikmw01w,Mwadi Mabika,1997,LAS,21,,True,-0.762,-1.172,,False,40.0,1729.0
liebena01w,Nancy Lieberman,1997,PHO,25,1.0,True,-3.408,-2.859,-4.429,False,67.0,3104.0
levesni01w,Nicole Levesque,1997,CHA,27,1.0,True,-2.029,-1.393,-3.21,False,54.0,2587.0
mcgeepa01w,Pamela McGee,1997,SAC,27,,True,-0.266,-0.409,,False,36.0,1472.0
moorepe01w,Penny Moore,1997,CHA,28,1.0,True,-2.007,-1.506,-2.937,False,52.0,2565.0
tolerpe01w,Penny Toler,1997,LAS,28,,True,2.469,3.799,,False,12.0,574.0
gaypi01w,Pietra Gay,1997,HOU,5,,False,-2.731,-4.202,,False,,
scottra01w,Raegan Pebley,1997,UTA,8,,False,-2.621,-4.032,,False,,
lobore01w,Rebecca Lobo,1997,NYL,28,2.0,True,4.213,4.259,4.127,False,3.0,276.0
bladerh01w,Rhonda Blades,1997,NYL,28,1.0,True,-3.483,-2.955,-4.461,False,68.0,3121.0
mapprh01w,Rhonda Mapp,1997,CHA,28,1.0,True,2.394,3.55,0.248,False,13.0,587.0
brownru01w,Rushia Brown,1997,CLE,28,,True,-0.303,-0.467,,False,37.0,1490.0
boltoru01w,Ruthie Bolton,1997,SAC,23,,True,2.258,3.474,,False,16.0,614.0
becenry01w,Ryneldi Becenti,1997,PHO,1,,False,-3.174,-4.882,,False,,
mannish01w,Sharon Manning,1997,CHA,28,1.0,True,-2.168,-1.402,-3.591,False,58.0,2673.0
swoopsh01w,Sheryl Swoopes,1997,HOU,9,2.0,False,-1.477,-0.527,-3.241,True,,
witheso01w,Sophia Witherspoon,1997,NYL,28,2.0,True,3.162,4.316,1.02,False,8.0,414.0
wickssu01w,Sue Wicks,1997,NYL,28,2.0,True,-2.325,-1.895,-3.124,False,60.0,2757.0
hopsosu01w,Susie Hopson-Shelton,1997,CHA,6,,False,-2.138,-3.289,,False,,
abrahta01w,Tajama Abraham,1997,SAC,28,,True,-1.862,-2.864,,False,50.0,2462.0
dixonta01w,Tamecka Dixon,1997,LAS,27,,True,1.51,2.324,,False,21.0,804.0
reissta01w,Tammi Reiss,1997,UTA,28,,True,-1.223,-1.882,,False,45.0,2024.0
jacksta01w,Tammy Jackson,1997,HOU,28,2.0,True,-0.037,-1.167,2.063,True,32.0,1370.0
willita01w,Tara Williams,1997,PHO,12,1.0,False,-3.66,-3.185,-4.542,False,,
weathte01w,Teresa Weatherspoon,1997,NYL,28,2.0,True,1.485,2.277,0.014,False,22.0,809.0
jacksti01w,Tia Jackson,1997,PHO,26,1.0,True,-3.052,-2.464,-4.145,False,65.0,3005.0
wooslti01w,Tiffany Woosley,1997,HOU,26,1.0,True,-3.351,-2.787,-4.398,True,66.0,3091.0
nichoti01w,Tina Nicholson,1997,CLE,24,,True,-2.142,-3.295,,False,57.0,2664.0
thompti01w,Tina Thompson,1997,HOU,28,2.0,True,6.129,5.107,8.026,True,2.0,116.0
fosteto01w,Toni Foster,1997,PHO,28,1.0,True,0.727,1.898,-1.449,False,26.0,1071.0
suberto01w,Tora Suber,1997,CHA,28,1.0,True,-2.423,-1.6,-3.952,False,61.0,2811.0
ganttr01w,Travesa Gant,1997,LAS,2,,False,-2.89,-4.446,,False,,
tricetr01w,Trena Trice,1997,NYL,28,2.0,True,-1.941,-1.753,-2.292,False,51.0,2533.0
webbum01w,Umeki Webb,1997,PHO,28,1.0,True,-0.997,-0.202,-2.473,False,43.0,1868.0
johnsvi01w,Vickie Johnson,1997,NYL,26,2.0,True,2.067,1.892,2.392,False,18.0,663.0
bullevi01w,Vicky Bullett,1997,CHA,28,1.0,True,2.928,4.334,0.316,False,10.0,463.0
guytowa01w,Wanda Guyton,1997,HOU,25,1.0,True,-0.465,0.414,-2.098,True,38.0,1569.0
palmewe01w,Wendy Palmer,1997,UTA,28,,True,1.21,1.861,,False,23.0,897.0
mooreyo01w,Yolanda Moore,1997,HOU,13,1.0,False,-4.346,-4.057,-4.883,True,,
angelyv01w,Yvette Angel,1997,SAC,5,,False,-1.865,-2.869,,False,,
barnead01w,Adia Barnes,1998,SAC,29,,True,-0.536,-0.825,,False,45.0,1590.0
johnsad01w,Adrienne Johnson,1998,CLE,29,2.0,True,-2.497,-1.821,-3.752,False,88.0,2838.0
shulead01w,Adrienne Shuler,1998,WAS,25,,True,-1.604,-2.467,,False,67.0,2282.0
branzal01w,Albena Branzova,1998,NYL,11,,False,-2.006,-3.086,,False,,
santoal01w,Alessandra Santos de Oliveira,1998,WAS,16,,False,0.116,0.179,,False,,
thompal01w,Alicia Thompson,1998,NYL,19,,False,-2.26,-3.478,,False,,
feastal01w,Allison Feaster,1998,LAS,3,,False,-1.829,-2.814,,False,,
valdeam01w,Amaya Valdemoro,1998,HOU,16,,False,-2.069,-3.183,,False,,
congran01w,Andrea Congreaves,1998,CHA,24,1.0,True,-1.964,-1.172,-3.434,False,78.0,2546.0
kukloan01w,Andrea Kuklova,1998,PHO,29,4.0,True,-2.62,-2.242,-3.321,False,89.0,2877.0
stinsan01w,Andrea Stinson,1998,CHA,30,2.0,True,4.048,5.502,1.349,False,6.0,289.0
kausaan01w,Aneta Kausaite,1998,DET,10,,False,-2.379,-3.661,,False,,
jacksan01w,Angela Jackson,1998,WAS,7,,False,-2.481,-3.817,,False,,
hamblan01w,Angie Hamblin,1998,DET,6,,False,-2.423,-3.727,,False,,
reedbr01w,Brandy Reed,1998,PHO,24,6.0,True,-1.063,-0.663,-1.807,False,54.0,1910.0
pettibr01w,Bridget Pettis,1998,PHO,30,6.0,True,3.145,3.016,3.384,False,9.0,416.0
gordobr01w,Bridgette Gordon,1998,SAC,22,,True,-1.986,-3.055,,False,79.0,2560.0
boydca01w,Carla Boyd,1998,DET,30,,True,0.698,1.074,,False,32.0,1086.0
tremich01w,Chantel Tremitiere,1998,UTA,28,,True,-1.004,-1.545,,False,51.0,1872.0
smithch01w,Christy Smith,1998,CHA,24,2.0,True,-2.247,-1.51,-3.617,False,85.0,2715.0
blodgci01w,Cindy Blodgett,1998,CLE,22,,True,-1.89,-2.908,,False,75.0,2484.0
brownci01w,Cindy Brown,1998,DET,30,,True,3.01,4.631,,False,11.0,443.0
washico01w,Coquese Washington,1998,NYL,28,,True,-1.922,-2.957,,False,76.0,2515.0
coopecy01w,Cynthia Cooper,1998,HOU,30,5.0,True,12.745,11.703,14.68,True,1.0,3.0
cartede01w,Deborah Carter,1998,WAS,29,,True,-2.048,-3.151,,False,80.0,2602.0
headde01w,Dena Head,1998,UTA,30,,True,-1.54,-2.37,,False,66.0,2233.0
baranel01w,Elena Baranova,1998,UTA,20,,False,2.019,3.106,,False,,
cebriel01w,Elisabeth Cebrian,1998,NYL,22,,True,-2.123,-3.266,,False,81.0,2650.0
alexaer01w,Erin Alexander,1998,"LAS,UTA",20,,False,-2.19,-3.369,,False,,
rycraeu01w,Eugenia Rycraw,1998,LAS,20,,False,-1.797,-2.764,,False,,
nemcoev01w,Eva Nemcova,1998,CLE,30,3.0,True,1.462,2.685,-0.811,False,23.0,817.0
harrifr01w,Fran Harris,1998,UTA,18,,False,-1.291,-1.986,,False,,
pricefr01w,Franthea Price,1998,SAC,26,,True,-1.237,-1.903,,False,58.0,2028.0
branzge01w,Gergana Branzova,1998,DET,26,,True,-1.838,-2.828,,False,71.0,2446.0
zhengha01w,Haixia Zheng,1998,LAS,6,,False,0.151,0.233,,False,,
burgehe01w,Heidi Burge,1998,WAS,30,,True,-1.178,-1.812,,False,57.0,1987.0
fijalis01w,Isabelle Fijalkowski,1998,CLE,28,3.0,True,3.675,4.575,2.004,False,7.0,338.0
widemja01w,Jamila Wideman,1998,LAS,25,,True,-1.861,-2.863,,False,72.0,2460.0
arcaija01w,Janeth Arcain,1998,HOU,30,5.0,True,0.115,0.845,-1.239,True,39.0,1302.0
braxtja01w,Janice Braxton,1998,CLE,30,3.0,True,1.46,2.335,-0.165,False,24.0,818.0
gilloje01w,Jennifer Gillom,1998,PHO,30,6.0,True,8.098,8.943,6.529,False,3.0,48.0
bookeka01w,Karen Booker,1998,HOU,1,,False,-2.94,-4.522,,False,,
colleka01w,Katrina Colleton,1998,LAS,30,,True,-1.681,-2.586,,False,69.0,2341.0
bouchke01w,Kelly Boucher,1998,CHA,9,,False,-2.368,-3.643,,False,,
chacoke01w,Keri Chaconas,1998,WAS,30,,True,-1.872,-2.88,,False,74.0,2472.0
perroki01w,Kim Perrot,1998,HOU,30,5.0,True,3.674,3.578,3.852,True,8.0,339.0
williki01w,Kim Williams,1998,UTA,30,,True,-0.683,-1.051,,False,48.0,1682.0
fordki01w,Kisha Ford,1998,NYL,30,,True,-1.041,-1.602,,False,52.0,1891.0
hledeko01w,Korie Hlede,1998,DET,27,,True,2.89,4.446,,False,12.0,465.0
harrokr01w,Kristi Harrower,1998,PHO,30,6.0,True,-2.402,-2.602,-2.029,False,87.0,2793.0
hamptky01w,Kym Hampton,1998,NYL,30,,True,1.298,1.997,,False,28.0,874.0
brownla01w,La'Shawn Brown,1998,WAS,22,,True,-2.176,-3.347,,False,82.0,2675.0
johnsla01w,LaTonya Johnson,1998,UTA,28,,True,-1.271,-1.955,,False,59.0,2055.0
groomla01w,Lady Grooms,1998,SAC,30,,True,-0.526,-0.809,,False,44.0,1582.0
byearla01w,Latasha Byears,1998,SAC,30,,True,1.696,2.609,,False,21.0,746.0
sobrale01w,Leila Sobral,1998,WAS,15,,False,-2.443,-3.758,,False,,
johnsle01w,Leslie Johnson,1998,WAS,6,,False,-2.804,-4.314,,False,,
burgeli01w,Linda Burgess,1998,SAC,30,,True,-0.151,-0.232,,False,41.0,1423.0
leslili01w,Lisa Leslie,1998,LAS,28,,True,4.909,7.552,,False,5.0,207.0
woodaly01w,Lynette Woodard,1998,DET,27,,True,-1.297,-1.995,,False,61.0,2076.0
dydekma01w,Margo Dydek,1998,UTA,30,,True,1.371,2.109,,False,27.0,854.0
grahama01w,Margo Graham,1998,WAS,9,,False,-2.284,-3.514,,False,,
stepama01w,Maria Stepanova,1998,PHO,20,4.0,False,-2.631,-2.348,-3.157,False,,
askamma01w,Marlies Askamp,1998,PHO,26,5.0,True,-1.443,-0.724,-2.779,False,65.0,2174.0
jonesme01w,Merlakia Jones,1998,CLE,30,3.0,True,0.349,1.12,-1.083,False,36.0,1210.0
udokamf01w,Mfon Udoka,1998,DET,3,,False,-2.478,-3.812,,False,,
timmsmi01w,Michele Timms,1998,PHO,30,6.0,True,1.619,1.455,1.923,False,22.0,774.0
brogami01w,Michelle Brogan,1998,PHO,30,6.0,True,2.731,2.143,3.825,False,14.0,504.0
edwarmi01w,Michelle Edwards,1998,CLE,23,3.0,True,-0.227,0.296,-1.199,False,42.0,1457.0
reedmi01w,Michelle Reed,1998,LAS,9,,False,-2.264,-3.483,,False,,
hagiwmi01w,Mikiko Hagiwara,1998,PHO,10,,False,-2.19,-3.369,,False,,
lambmo01w,Monica Lamb,1998,HOU,30,5.0,True,0.512,0.408,0.704,True,34.0,1144.0
pagemu01w,Murriel Page,1998,WAS,30,,True,-1.065,-1.638,,False,55.0,1913.0
mabikmw01w,Mwadi Mabika,1998,LAS,29,,True,0.287,0.441,,False,37.0,1237.0
domonna01w,Nadine Domond,1998,SAC,9,,False,-1.87,-2.877,,False,,
mccrani01w,Nikki McCray,1998,WAS,29,,True,0.631,0.971,,False,33.0,1103.0
roberny01w,Nyree Roberts,1998,HOU,14,,False,-2.375,-3.654,,False,,
blueoc01w,Octavia Blue,1998,LAS,30,,True,-1.943,-2.989,,False,77.0,2534.0
scottol01w,Olympia Scott,1998,UTA,29,,True,-1.091,-1.679,,False,56.0,1930.0
mcgeepa01w,Pamela McGee,1998,LAS,30,,True,-0.141,-0.217,,False,40.0,1420.0
jordapa01w,Pauline Jordan,1998,"PHO,SAC",24,,True,-1.654,-2.544,,False,68.0,2319.0
moorepe01w,Penny Moore,1998,WAS,29,,True,-1.409,-2.168,,False,63.0,2151.0
tolerpe01w,Penny Toler,1998,LAS,30,,True,1.94,2.985,,False,20.0,693.0
johnspo01w,Pollyanna Johns Kimbrough,1998,CHA,24,,True,-1.818,-2.797,,False,70.0,2431.0
barnequ01w,Quacy Barnes,1998,SAC,17,,False,-2.607,-4.011,,False,,
spornra01w,Rachael Sporn,1998,DET,30,,True,-0.713,-1.096,,False,49.0,1699.0
scottra01w,Raegan Pebley,1998,CLE,22,3.0,True,-3.42,-3.318,-3.61,False,90.0,3111.0
brcanra01w,Razija Brcaninovic,1998,DET,30,,True,0.975,1.5,,False,30.0,982.0
lobore01w,Rebecca Lobo,1998,NYL,30,,True,2.443,3.758,,False,18.0,579.0
stephre01w,Rehema Stephens,1998,SAC,8,,False,-1.921,-2.955,,False,,
bladerh01w,Rhonda Blades,1998,DET,29,,True,-1.866,-2.87,,False,73.0,2464.0
mapprh01w,Rhonda Mapp,1998,CHA,21,2.0,True,1.401,2.11,0.086,False,26.0,844.0
williri01w,Rita Williams,1998,WAS,30,,True,-2.183,-3.359,,False,83.0,2679.0
brownru01w,Rushia Brown,1998,CLE,30,3.0,True,-1.34,-0.351,-3.176,False,62.0,2098.0
boltoru01w,Ruthie Bolton,1998,SAC,5,,False,0.29,0.447,,False,,
vanemal01w,Sandra Van Embricqs,1998,LAS,28,,True,-1.429,-2.199,,False,64.0,2159.0
brondsa01w,Sandy Brondello,1998,DET,30,,True,2.63,4.046,,False,15.0,532.0
mannish01w,Sharon Manning,1998,CHA,30,2.0,True,-1.054,0.013,-3.038,False,53.0,1904.0
swoopsh01w,Sheryl Swoopes,1998,HOU,29,5.0,True,8.385,7.16,10.659,True,2.0,42.0
chaseso01w,Sonia Chase,1998,CHA,23,,True,-2.282,-3.511,,False,86.0,2730.0
witheso01w,Sophia Witherspoon,1998,NYL,30,,True,2.499,3.844,,False,17.0,566.0
wickssu01w,Sue Wicks,1998,NYL,30,,True,-0.866,-1.333,,False,50.0,1799.0
mcconsu01w,Suzie McConnell Serio,1998,CLE,28,3.0,True,0.842,1.848,-1.026,False,31.0,1029.0
abrahta01w,Tajama Abraham,1998,DET,12,,False,-2.425,-3.731,,False,,
dixonta01w,Tamecka Dixon,1998,LAS,22,,True,2.56,3.938,,False,16.0,550.0
reissta01w,Tammi Reiss,1998,UTA,22,,True,-0.67,-1.031,,False,47.0,1673.0
jacksta01w,Tammy Jackson,1998,"HOU,WAS",21,3.0,True,-3.669,-3.391,-4.187,True,91.0,3166.0
smithta01w,Tangela Smith,1998,SAC,28,,True,0.198,0.305,,False,38.0,1272.0
kostita01w,Tanja Kostic,1998,CLE,5,,False,-2.485,-3.823,,False,,
weathte01w,Teresa Weatherspoon,1998,NYL,30,,True,1.418,2.181,,False,25.0,835.0
paschti01w,Tia Paschal,1998,CHA,20,,False,-2.375,-3.655,,False,,
penicti01w,Ticha Penicheiro,1998,SAC,30,,True,0.381,0.586,,False,35.0,1190.0
johnsti01w,Tiffani Johnson,1998,SAC,6,,False,-2.636,-4.055,,False,,
wooslti01w,Tiffany Woosley,1998,HOU,18,,False,-2.361,-3.632,,False,,
thompti01w,Tina Thompson,1998,HOU,27,5.0,True,6.423,5.909,7.378,True,4.0,103.0
fosteto01w,Toni Foster,1998,PHO,16,6.0,False,-1.854,-1.272,-2.933,False,,
suberto01w,Tora Suber,1998,CHA,30,2.0,True,-0.653,-0.326,-1.262,False,46.0,1661.0
reidtr01w,Tracy Reid,1998,CHA,30,2.0,True,3.086,4.353,0.734,False,10.0,427.0
tricetr01w,Trena Trice,1998,NYL,10,,False,-1.984,-3.053,,False,,
badertr01w,Tricia Bader Binford,1998,UTA,22,,True,-2.185,-3.362,,False,84.0,2683.0
beviltu01w,Tully Bevilaqua,1998,CLE,11,,False,-1.804,-2.775,,False,,
webbum01w,Umeki Webb,1998,PHO,30,6.0,True,-0.239,0.402,-1.429,False,43.0,1463.0
johnsvi01w,Vickie Johnson,1998,NYL,30,,True,2.414,3.714,,False,19.0,583.0
bullevi01w,Vicky Bullett,1998,CHA,30,2.0,True,2.792,4.369,-0.136,False,13.0,488.0
guytowa01w,Wanda Guyton,1998,HOU,1,,False,-2.94,-4.522,,False,,
palmewe01w,Wendy Palmer,1998,UTA,28,,True,1.252,1.927,,False,29.0,882.0
mooreyo01w,Yolanda Moore,1998,HOU,30,5.0,True,-1.287,-1.408,-1.062,True,60.0,2065.0
barnead01w,Adia Barnes,1999,MIN,19,,False,-2.468,-3.797,,False,,
goodsad01w,Adrienne Goodson,1999,UTA,32,,True,1.455,2.238,,False,28.0,821.0
johnsad01w,Adrienne Johnson,1999,ORL,29,,True,-2.194,-3.375,,False,92.0,2689.0
santoal01w,Alessandra Santos de Oliveira,1999,WAS,13,,False,-1.35,-2.077,,False,,
burraal01w,Alisa Burras,1999,CLE,31,,True,-0.547,-0.842,,False,58.0,1598.0
feastal01w,Allison Feaster,1999,LAS,32,4.0,True,-1.809,-1.205,-2.93,False,80.0,2424.0
wilsoam01w,Amanda Wilson,1999,PHO,12,,False,-2.592,-3.987,,False,,
valdeam01w,Amaya Valdemoro,1999,HOU,17,2.0,False,-3.203,-2.982,-3.614,True,,
congran01w,Andrea Congreaves,1999,ORL,32,,True,-0.31,-0.476,,False,56.0,1495.0
kukloan01w,Andrea Kuklova,1999,PHO,5,,False,-3.001,-4.616,,False,,
lloydan01w,Andrea Lloyd-Curry,1999,MIN,32,,True,-0.19,-0.293,,False,54.0,1441.0
nagyan01w,Andrea Nagy,1999,WAS,32,,True,-0.593,-0.913,,False,59.0,1624.0
stinsan01w,Andrea Stinson,1999,CHA,32,4.0,True,3.732,3.387,4.374,False,6.0,329.0
aycocan01w,Angela Aycock,1999,PHO,8,,False,-2.78,-4.276,,False,,
brazian01w,Angie Braziel,1999,CHA,7,4.0,False,-2.828,-2.45,-3.53,False,,
potthan01w,Angie Potthoff,1999,MIN,32,,True,-1.389,-2.137,,False,76.0,2135.0
burgean01w,Annie La Fleur,1999,MIN,25,,True,-1.872,-2.88,,False,82.0,2471.0
ndiayas01w,Astou Ndiaye-Diatta,1999,DET,31,1.0,True,-1.856,-1.638,-2.26,False,81.0,2455.0
hammobe01w,Becky Hammon,1999,NYL,30,6.0,True,-3.157,-2.963,-3.516,False,102.0,3037.0
reedbr01w,Brandy Reed,1999,MIN,25,,True,2.713,4.174,,False,13.0,507.0
pettibr01w,Bridget Pettis,1999,PHO,32,,True,-0.864,-1.33,,False,70.0,1798.0
boydca01w,Carla Boyd,1999,DET,32,1.0,True,-2.243,-1.957,-2.772,False,93.0,2714.0
mcgheca01w,Carla McGhee,1999,ORL,30,,True,-2.266,-3.486,,False,94.0,2721.0
bauerca01w,Cass Bauer-Bilodeau,1999,CHA,25,,True,-2.454,-3.776,,False,98.0,2819.0
holdsch01w,Chamique Holdsclaw,1999,WAS,31,,True,2.961,4.556,,False,10.0,454.0
tremich01w,Chantel Tremitiere,1999,UTA,20,,False,-2.426,-3.732,,False,,
smithch02w,Charlotte Smith,1999,CHA,32,4.0,True,-0.765,-0.789,-0.72,False,65.0,1731.0
smithch03w,Charmin Smith,1999,MIN,13,,False,-2.649,-4.075,,False,,
melvich01w,Chasity Melvin,1999,CLE,32,,True,-0.597,-0.918,,False,60.0,1628.0
smithch01w,Christy Smith,1999,CHA,4,,False,-1.847,-2.842,,False,,
blodgci01w,Cindy Blodgett,1999,SAC,12,1.0,False,-4.179,-4.201,-4.137,False,,
brownci01w,Cindy Brown,1999,"DET,UTA",30,,True,-0.605,-0.931,,False,61.0,1632.0
daviscl01w,Clarissa Davis-Wrightsil,1999,PHO,14,,False,0.488,0.751,,False,,
machacl01w,Clarisse Machanguana,1999,LAS,28,1.0,True,-3.004,-2.693,-3.583,False,101.0,2997.0
nevescl01w,Claudia Neves,1999,DET,30,1.0,True,-3.351,-3.203,-3.626,False,103.0,3092.0
washico01w,Coquese Washington,1999,NYL,19,,False,-2.62,-4.031,,False,,
robincr01w,Crystal Robinson,1999,NYL,32,6.0,True,2.77,2.758,2.792,False,12.0,493.0
coopecy01w,Cynthia Cooper,1999,HOU,31,6.0,True,13.214,12.302,14.909,True,1.0,2.0
ivanyda01w,Dalma Ivanyi,1999,UTA,14,,False,-2.669,-4.106,,False,,
staleda01w,Dawn Staley,1999,CHA,32,4.0,True,2.247,2.897,1.041,False,18.0,619.0
miltode01w,DeLisha Milton-Jones,1999,LAS,32,4.0,True,2.18,2.944,0.761,False,19.0,629.0
blackde01w,Debbie Black,1999,UTA,32,,True,-0.913,-1.404,,False,72.0,1822.0
cantydo01w,Dominique Canty,1999,DET,26,1.0,True,-0.732,0.048,-2.179,False,64.0,1707.0
campbed01w,Edna Campbell,1999,PHO,28,,True,0.387,0.595,,False,42.0,1188.0
powelel01w,Elaine Powell,1999,ORL,18,,False,-1.672,-2.572,,False,,
baranel01w,Elena Baranova,1999,UTA,29,,True,-0.779,-1.199,,False,66.0,1741.0
torniel01w,Elena Tornikidou,1999,DET,11,,False,-2.239,-3.445,,False,,
nemcoev01w,Eva Nemcova,1999,CLE,31,,True,0.078,0.121,,False,46.0,1318.0
grubigo01w,Gordana Grubin,1999,LAS,32,4.0,True,0.997,1.493,0.078,False,34.0,972.0
burgehe02w,Heather Burge,1999,SAC,13,,False,-2.777,-4.272,,False,,
owenhe01w,Heather Owen,1999,WAS,17,,False,-1.967,-3.025,,False,,
widemja01w,Jamila Wideman,1999,CLE,26,,True,-2.03,-3.123,,False,90.0,2589.0
arcaija01w,Janeth Arcain,1999,HOU,32,6.0,True,0.914,0.511,1.662,True,36.0,1003.0
braxtja01w,Janice Braxton,1999,CLE,26,,True,-0.841,-1.294,,False,68.0,1784.0
azzije01w,Jennifer Azzi,1999,DET,28,1.0,True,0.029,0.989,-1.753,False,47.0,1337.0
gilloje01w,Jennifer Gillom,1999,PHO,32,,True,2.868,4.412,,False,11.0,471.0
howarje01w,Jennifer Howard,1999,CLE,4,,False,-3.001,-4.616,,False,,
rizzoje01w,Jennifer Rizzotti,1999,HOU,25,2.0,True,-3.497,-3.093,-4.247,True,104.0,3125.0
whittje01w,Jennifer Whittle,1999,WAS,3,,False,-2.823,-4.344,,False,,
wolteka01w,Kara Wolters,1999,HOU,10,2.0,False,-3.513,-3.355,-3.807,True,,
starbka01w,Kate Starbird,1999,SAC,24,1.0,True,-3.509,-3.239,-4.01,False,105.0,3131.0
smithka01w,Katie Smith,1999,MIN,30,,True,0.771,1.186,,False,37.0,1059.0
hollake01w,Kedra Holland-Corn,1999,SAC,32,1.0,True,1.69,3.339,-1.372,False,25.0,749.0
jollyke01w,Kellie Jolly Harper,1999,CLE,1,,False,-3.001,-4.616,,False,,
fordki01w,Kisha Ford,1999,ORL,8,,False,-2.735,-4.207,,False,,
hledeko01w,Korie Hlede,1999,"DET,UTA",32,,True,0.227,0.349,,False,45.0,1258.0
harrokr01w,Kristi Harrower,1999,PHO,32,,True,-0.697,-1.073,,False,62.0,1690.0
folklkr01w,Kristin Folkl,1999,MIN,32,,True,-0.934,-1.437,,False,73.0,1830.0
larakr01w,Krystyna Lara,1999,UTA,25,,True,-2.121,-3.263,,False,91.0,2648.0
hamptky01w,Kym Hampton,1999,NYL,32,6.0,True,1.654,1.814,1.356,False,26.0,762.0
frettla01w,La'Keshia Frett,1999,LAS,31,4.0,True,-0.103,0.088,-0.457,False,53.0,1405.0
johnsla01w,LaTonya Johnson,1999,UTA,31,,True,-0.957,-1.473,,False,74.0,1843.0
groomla01w,Lady Grooms,1999,SAC,32,1.0,True,-2.417,-2.191,-2.836,False,97.0,2808.0
byearla01w,Latasha Byears,1999,SAC,32,1.0,True,1.069,2.395,-1.395,False,33.0,948.0
brownle01w,Lesley Brown,1999,DET,13,,False,-2.426,-3.733,,False,,
burgeli01w,Linda Burgess,1999,SAC,27,1.0,True,-2.371,-2.185,-2.714,False,96.0,2775.0
harrili01w,Lisa Harrison,1999,PHO,32,,True,-0.076,-0.118,,False,52.0,1392.0
leslili01w,Lisa Leslie,1999,LAS,32,4.0,True,5.989,6.558,4.932,False,5.0,126.0
dydekma01w,Margo Dydek,1999,UTA,32,,True,1.423,2.189,,False,29.0,834.0
stepama01w,Maria Stepanova,1999,PHO,32,,True,0.403,0.62,,False,41.0,1181.0
aldrima01w,Markita Aldridge,1999,WAS,31,,True,-2.027,-3.118,,False,89.0,2585.0
askamma01w,Marlies Askamp,1999,PHO,30,,True,1.416,2.178,,False,30.0,837.0
jonesme01w,Merlakia Jones,1999,CLE,32,,True,0.017,0.027,,False,49.0,1344.0
langeme01w,MerleLynn Lange-Harris,1999,PHO,1,,False,-2.63,-4.046,,False,,
andrame01w,Mery Andrade,1999,CLE,32,,True,-1.945,-2.993,,False,86.0,2535.0
timmsmi01w,Michele Timms,1999,PHO,30,,True,0.478,0.735,,False,40.0,1155.0
vangomi01w,Michele Van Gorp,1999,NYL,21,,False,-2.507,-3.856,,False,,
campbmi01w,Michelle Campbell,1999,UTA,8,,False,-2.573,-3.959,,False,,
edwarmi01w,Michelle Edwards,1999,CLE,31,,True,-0.868,-1.335,,False,71.0,1800.0
nikolmi01w,Mila Nikolich,1999,HOU,7,2.0,False,-3.859,-3.689,-4.174,True,,
lambmo01w,Monica Lamb,1999,HOU,3,,False,-1.213,-1.866,,False,,
maxwemo01w,Monica Maxwell,1999,WAS,20,,False,-2.336,-3.594,,False,,
pagemu01w,Murriel Page,1999,WAS,32,,True,0.53,0.815,,False,38.0,1135.0
mabikmw01w,Mwadi Mabika,1999,LAS,32,4.0,True,2.495,3.529,0.573,False,15.0,568.0
willina01w,Natalie Williams,1999,UTA,28,,True,2.997,4.611,,False,9.0,449.0
johnsni01w,Niesa Johnson,1999,CHA,31,4.0,True,-3.593,-3.407,-3.937,False,106.0,3146.0
mccrani01w,Nikki McCray,1999,WAS,32,,True,2.346,3.609,,False,17.0,596.0
bjedoni01w,Nina Bjedov,1999,LAS,27,4.0,True,-1.984,-1.425,-3.021,False,87.0,2558.0
salesny01w,Nykesha Sales,1999,ORL,32,,True,2.144,3.298,,False,20.0,641.0
roberny01w,Nyree Roberts,1999,"HOU,WAS",12,,False,-2.394,-3.684,,False,,
scottol01w,Olympia Scott,1999,"DET,UTA",12,,False,-2.083,-3.204,,False,,
moorepe01w,Penny Moore,1999,WAS,4,,False,-2.836,-4.363,,False,,
tolerpe01w,Penny Toler,1999,LAS,30,4.0,True,-1.935,-1.348,-3.027,False,84.0,2525.0
tzekopo01w,Polina Tzekova,1999,HOU,32,6.0,True,1.415,1.416,1.414,True,31.0,838.0
spornra01w,Rachael Sporn,1999,DET,18,,False,-0.559,-0.86,,False,,
lobore01w,Rebecca Lobo,1999,NYL,1,,False,-2.81,-4.323,,False,,
mapprh01w,Rhonda Mapp,1999,CHA,30,4.0,True,1.633,2.099,0.768,False,27.0,770.0
williri01w,Rita Williams,1999,WAS,31,,True,-1.726,-2.655,,False,79.0,2379.0
brownru01w,Rushia Brown,1999,CLE,30,,True,-1.519,-2.337,,False,78.0,2221.0
boltoru01w,Ruthie Bolton,1999,SAC,31,1.0,True,3.327,4.719,0.742,False,8.0,392.0
brondsa01w,Sandy Brondello,1999,DET,32,1.0,True,0.323,1.379,-1.638,False,44.0,1223.0
enissh01w,Shalonda Enis,1999,WAS,29,,True,-0.066,-0.101,,False,51.0,1387.0
johnssh01w,Shannon Johnson,1999,ORL,32,,True,2.676,4.116,,False,14.0,517.0
mannish01w,Sharon Manning,1999,CHA,32,4.0,True,-2.024,-1.488,-3.021,False,88.0,2584.0
samsh01w,Sheri Sam,1999,ORL,32,,True,1.403,2.159,,False,32.0,842.0
swoopsh01w,Sheryl Swoopes,1999,HOU,32,6.0,True,10.101,10.557,9.254,True,2.0,20.0
chaseso01w,Sonia Chase,1999,CHA,13,,False,-2.651,-4.079,,False,,
henniso01w,Sonja Henning,1999,HOU,32,6.0,True,0.018,0.341,-0.58,True,48.0,1343.0
tateso01w,Sonja Tate,1999,MIN,32,,True,-0.715,-1.099,,False,63.0,1702.0
witheso01w,Sophia Witherspoon,1999,NYL,32,6.0,True,-0.046,0.311,-0.708,False,50.0,1373.0
mccarst01w,Stephanie White,1999,CHA,30,,True,-0.796,-1.224,,False,67.0,1754.0
wickssu01w,Sue Wicks,1999,NYL,32,6.0,True,0.946,1.27,0.344,False,35.0,993.0
mcconsu01w,Suzie McConnell Serio,1999,CLE,18,,False,-0.762,-1.172,,False,,
mcwilta01w,Taj McWilliams-Franklin,1999,ORL,32,,True,2.432,3.742,,False,16.0,580.0
dixonta01w,Tamecka Dixon,1999,LAS,32,4.0,True,-0.846,-0.086,-2.257,False,69.0,1787.0
whitmta01w,Tamika Whitmore,1999,NYL,27,6.0,True,-0.242,0.334,-1.31,False,55.0,1467.0
jacksta01w,Tammy Jackson,1999,HOU,28,6.0,True,-0.318,-1.646,2.148,True,57.0,1497.0
smithta01w,Tangela Smith,1999,SAC,31,1.0,True,0.356,1.134,-1.088,False,43.0,1204.0
phillta01w,Tari Phillips,1999,ORL,32,,True,-1.471,-2.263,,False,77.0,2188.0
weathte01w,Teresa Weatherspoon,1999,NYL,32,6.0,True,1.884,2.087,1.507,False,23.0,710.0
penicti01w,Ticha Penicheiro,1999,SAC,32,1.0,True,2.042,3.633,-0.911,False,22.0,672.0
thompti01w,Tina Thompson,1999,HOU,32,6.0,True,6.389,6.121,6.887,True,4.0,108.0
fosteto01w,Toni Foster,1999,PHO,10,,False,-2.054,-3.16,,False,,
edwarto01w,Tonya Edwards,1999,MIN,32,,True,1.732,2.665,,False,24.0,738.0
suberto01w,Tora Suber,1999,ORL,25,,True,-2.631,-4.048,,False,100.0,2883.0
hendetr01w,Tracy Henderson,1999,CLE,27,,True,-1.889,-2.906,,False,83.0,2482.0
reidtr01w,Tracy Reid,1999,CHA,10,3.0,False,-2.4,-1.654,-3.784,False,,
badertr01w,Tricia Bader Binford,1999,"CLE,UTA",16,,False,-2.679,-4.122,,False,,
fallotr01w,Trisha Fallon,1999,MIN,26,,True,-1.938,-2.981,,False,85.0,2527.0
figgsuk01w,Ukari Figgs,1999,LAS,22,1.0,False,-2.347,-1.68,-3.584,False,,
whitiva01w,Val Whiting-Raymond,1999,DET,31,1.0,True,-1.122,-0.522,-2.235,False,75.0,1949.0
stillva01w,Valerie Still,1999,WAS,23,,True,-2.356,-3.624,,False,95.0,2767.0
nygaava01w,Vanessa Nygaard,1999,CLE,4,,False,-2.559,-3.937,,False,,
lacyve01w,Venus Lacy,1999,NYL,17,1.0,False,-3.725,-3.392,-4.342,False,,
johnsvi01w,Vickie Johnson,1999,NYL,32,6.0,True,3.509,4.461,1.741,False,7.0,365.0
bullevi01w,Vicky Bullett,1999,CHA,32,4.0,True,2.043,3.095,0.09,False,21.0,671.0
guytowa01w,Wanda Guyton,1999,DET,11,,False,-2.063,-3.174,,False,,
palmewe01w,Wendy Palmer,1999,"DET,UTA",31,1.0,True,0.5,1.302,-0.989,False,39.0,1145.0
griffyo01w,Yolanda Griffith,1999,SAC,29,,True,6.592,10.142,,False,3.0,97.0
mooreyo01w,Yolanda Moore,1999,ORL,23,,True,-2.56,-3.938,,False,99.0,2858.0
barnead01w,Adia Barnes,2000,CLE,5,4.0,False,-3.644,-3.395,-4.107,False,,
williad01w,Adrian Williams-Strong,2000,PHO,28,2.0,True,-2.642,-2.221,-3.423,False,128.0,2889.0
goodsad01w,Adrienne Goodson,2000,UTA,29,,True,3.527,5.427,,False,14.0,361.0
johnsad01w,Adrienne Johnson,2000,ORL,32,3.0,True,1.066,2.314,-1.252,False,40.0,949.0
santoal01w,Alessandra Santos de Oliveira,2000,IND,3,,False,-2.474,-3.806,,False,,
thompal01w,Alicia Thompson,2000,IND,31,,True,0.778,1.197,,False,49.0,1056.0
burraal01w,Alisa Burras,2000,POR,21,,False,-0.16,-0.246,,False,,
feastal01w,Allison Feaster,2000,LAS,32,4.0,True,-0.662,-0.004,-1.883,False,71.0,1667.0
wilsoam01w,Amanda Wilson,2000,PHO,3,,False,-2.61,-4.016,,False,,
valdeam01w,Amaya Valdemoro,2000,HOU,22,3.0,False,-2.751,-2.656,-2.928,True,,
herriam01w,Amy Herrig,2000,UTA,25,,True,-1.291,-1.986,,False,98.0,2074.0
garnean01w,Andrea Garner,2000,SEA,32,,True,-2.25,-3.462,,False,122.0,2716.0
lloydan01w,Andrea Lloyd-Curry,2000,MIN,14,,False,-0.578,-0.889,,False,,
nagyan01w,Andrea Nagy,2000,WAS,23,,True,-0.34,-0.524,,False,65.0,1507.0
stinsan01w,Andrea Stinson,2000,CHA,32,,True,1.919,2.952,,False,26.0,699.0
aycocan01w,Angela Aycock,2000,"MIN,SEA",4,,False,-2.695,-4.146,,False,,
brazian01w,Angie Braziel,2000,CHA,22,,False,-2.018,-3.104,,False,,
potthan01w,Angie Potthoff,2000,MIN,3,,False,-2.792,-4.295,,False,,
wautean01w,Ann Wauters,2000,CLE,32,6.0,True,-0.527,0.035,-1.571,False,67.0,1584.0
deforan01w,Anna DeForge,2000,DET,27,,True,-1.024,-1.576,,False,86.0,1881.0
ndiayas01w,Astou Ndiaye-Diatta,2000,DET,32,,True,0.703,1.082,,False,51.0,1082.0
farriba01w,Barbara Farris,2000,DET,14,,False,-1.577,-2.425,,False,,
hammobe01w,Becky Hammon,2000,NYL,32,7.0,True,2.31,2.753,1.488,False,23.0,602.0
cunnibe01w,Beth Cunningham,2000,WAS,21,2.0,False,-3.204,-2.943,-3.688,False,,
lennobe01w,Betty Lennox,2000,MIN,32,,True,3.267,5.025,,False,15.0,401.0
willibe01w,Beverly Williams,2000,IND,1,,False,-2.914,-4.482,,False,,
reedbr01w,Brandy Reed,2000,PHO,32,2.0,True,5.679,8.046,1.284,False,7.0,152.0
pettibr01w,Bridget Pettis,2000,PHO,32,2.0,True,-0.993,-0.558,-1.8,False,83.0,1864.0
mcgheca01w,Carla McGhee,2000,ORL,32,3.0,True,-3.095,-2.712,-3.808,False,135.0,3015.0
bauerca01w,Cass Bauer-Bilodeau,2000,CHA,29,,True,-2.033,-3.128,,False,121.0,2591.0
holdsch01w,Chamique Holdsclaw,2000,WAS,32,2.0,True,3.853,5.656,0.504,False,13.0,312.0
tremich01w,Chantel Tremitiere,2000,IND,25,,True,-1.831,-2.816,,False,113.0,2438.0
sampsch01w,Charisse Sampson,2000,SEA,21,,False,-1.497,-2.303,,False,,
smithch02w,Charlotte Smith,2000,CHA,30,,True,-1.318,-2.027,,False,100.0,2091.0
smithch03w,Charmin Smith,2000,SEA,32,,True,-2.35,-3.616,,False,125.0,2765.0
melvich01w,Chasity Melvin,2000,CLE,32,6.0,True,2.736,3.299,1.691,False,20.0,502.0
blodgci01w,Cindy Blodgett,2000,SAC,20,,False,-2.026,-3.117,,False,,
dossaci01w,Cintia dos Santos,2000,ORL,32,3.0,True,-1.019,-0.291,-2.371,False,85.0,1877.0
machacl01w,Clarisse Machanguana,2000,LAS,31,4.0,True,-2.016,-1.708,-2.588,False,119.0,2573.0
nevescl01w,Claudia Neves,2000,DET,30,,True,-0.989,-1.522,,False,82.0,1862.0
washico01w,Coquese Washington,2000,HOU,25,6.0,True,-2.665,-2.972,-2.094,True,129.0,2895.0
gaydeco01w,Cornelia Gayden,2000,ORL,3,,False,-2.665,-4.1,,False,,
robincr01w,Crystal Robinson,2000,NYL,27,7.0,True,0.981,1.431,0.145,False,42.0,979.0
coopecy01w,Cynthia Cooper,2000,HOU,31,6.0,True,10.634,9.535,12.676,True,2.0,16.0
ivanyda01w,Dalma Ivanyi,2000,UTA,27,,True,-1.184,-1.821,,False,94.0,1993.0
mcculda01w,Danielle McCulley,2000,IND,29,,True,-0.761,-1.172,,False,75.0,1728.0
staleda01w,Dawn Staley,2000,CHA,32,,True,-0.268,-0.412,,False,62.0,1475.0
miltode01w,DeLisha Milton-Jones,2000,LAS,32,4.0,True,4.66,5.465,3.163,False,10.0,235.0
walkede01w,DeMya Walker,2000,POR,30,,True,-1.788,-2.751,,False,112.0,2411.0
blackde01w,Debbie Black,2000,MIA,32,,True,-0.568,-0.874,,False,69.0,1611.0
headde01w,Dena Head,2000,PHO,17,1.0,False,-3.486,-3.165,-4.082,False,,
francde01w,Desiree Francis,2000,NYL,1,2.0,False,-4.518,-4.482,-4.585,False,,
cantydo01w,Dominique Canty,2000,DET,28,,True,-0.021,-0.033,,False,60.0,1364.0
harrido01w,Donna Harrington,2000,IND,8,,False,-2.367,-3.642,,False,,
hillec01w,E.C. Hill,2000,CHA,26,,True,-2.387,-3.672,,False,126.0,2781.0
campbed01w,Edna Campbell,2000,SEA,16,,False,0.316,0.486,,False,,
browned01w,Edwina Brown,2000,DET,32,,True,-0.713,-1.098,,False,73.0,1701.0
powelel01w,Elaine Powell,2000,ORL,20,,False,-1.187,-1.826,,False,,
shakiel01w,Elena Shakirova,2000,HOU,14,,False,-1.045,-1.608,,False,,
torniel01w,Elena Tornikidou,2000,DET,32,,True,0.513,0.788,,False,53.0,1142.0
nemcoev01w,Eva Nemcova,2000,CLE,14,,False,1.879,2.892,,False,,
grubigo01w,Gordana Grubin,2000,IND,29,,True,-0.003,-0.004,,False,59.0,1351.0
daleygr01w,Grace Daley,2000,MIN,30,,True,-0.559,-0.86,,False,68.0,1604.0
owenhe01w,Heather Owen,2000,WAS,11,,False,-2.697,-4.15,,False,,
darlihe01w,Helen Darling,2000,CLE,32,6.0,True,-1.153,-1.187,-1.09,False,89.0,1975.0
jonesja01w,Jameka Jones,2000,MIA,21,,False,-1.849,-2.844,,False,,
cassija01w,Jamie Cassidy,2000,MIA,22,,False,-1.776,-2.733,,False,,
reddja01w,Jamie Redd,2000,SEA,26,,True,-1.316,-2.025,,False,99.0,2090.0
widemja01w,Jamila Wideman,2000,POR,5,,False,-2.774,-4.268,,False,,
arcaija01w,Janeth Arcain,2000,HOU,32,6.0,True,3.01,2.655,3.67,True,18.0,442.0
rolanja01w,Jannon Roland,2000,ORL,21,3.0,False,-3.753,-3.537,-4.154,False,,
azzije01w,Jennifer Azzi,2000,UTA,15,,False,1.565,2.408,,False,,
gilloje01w,Jennifer Gillom,2000,PHO,30,2.0,True,2.079,3.566,-0.683,False,24.0,656.0
rizzoje01w,Jennifer Rizzotti,2000,HOU,32,1.0,True,-2.875,-2.299,-3.946,True,132.0,2949.0
bibbyje01w,Jessica Bibby,2000,NYL,17,3.0,False,-3.815,-3.707,-4.014,False,,
hicksje01w,Jessie Hicks,2000,ORL,26,,True,-2.298,-3.535,,False,123.0,2742.0
holmejo01w,Joy Holmes-Harris,2000,DET,29,,True,-1.714,-2.637,,False,110.0,2370.0
streiju01w,Jurgita Streimikyte,2000,IND,27,,True,-1.064,-1.637,,False,87.0,1912.0
vodicka01w,Kamila Vodichkova,2000,SEA,23,,True,-0.573,-0.882,,False,70.0,1615.0
wolteka01w,Kara Wolters,2000,IND,31,,True,1.388,2.136,,False,36.0,849.0
payeka01w,Kate Paye,2000,MIN,28,,True,-1.939,-2.984,,False,115.0,2529.0
starbka01w,Kate Starbird,2000,UTA,29,,True,-1.393,-2.143,,False,102.0,2141.0
smithka01w,Katie Smith,2000,MIN,32,,True,3.888,5.981,,False,12.0,307.0
colleka01w,Katrina Colleton,2000,MIA,32,,True,-0.156,-0.241,,False,61.0,1427.0
hibbeka01w,Katrina Hibbert,2000,SEA,20,,False,-1.88,-2.893,,False,,
gaithka01w,Katryna Gaither,2000,"IND,UTA",15,,False,-2.234,-3.437,,False,,
stedika01w,Katy Steding,2000,SAC,29,2.0,True,-2.967,-2.447,-3.931,False,133.0,2979.0
hollake01w,Kedra Holland-Corn,2000,SAC,32,2.0,True,1.412,2.467,-0.549,False,35.0,840.0
anderke01w,Keisha Anderson,2000,WAS,30,2.0,True,-2.731,-2.331,-3.475,False,130.0,2912.0
dickeke01w,Keitha Dickerson,2000,MIN,32,,True,-0.703,-1.082,,False,72.0,1693.0
gibsoke01w,Kelley Gibson,2000,HOU,17,1.0,False,-3.792,-3.529,-4.28,True,,
fordki01w,Kisha Ford,2000,MIA,28,,True,-1.5,-2.307,,False,104.0,2207.0
hledeko01w,Korie Hlede,2000,UTA,31,,True,1.113,1.712,,False,38.0,932.0
rasmukr01w,Kristen Rasmussen,2000,"MIA,UTA",26,,True,-0.806,-1.241,,False,77.0,1764.0
folklkr01w,Kristin Folkl,2000,MIN,32,,True,0.373,0.573,,False,55.0,1195.0
hopeky01w,Kym Hope,2000,UTA,3,,False,-2.599,-3.998,,False,,
frettla01w,La'Keshia Frett,2000,LAS,25,3.0,True,-3.499,-3.38,-3.721,False,138.0,3126.0
smithla01w,LaCharlotte Smith,2000,ORL,3,1.0,False,-3.707,-3.417,-4.247,False,,
johnsla01w,LaTonya Johnson,2000,UTA,29,,True,-1.013,-1.559,,False,84.0,1875.0
groomla01w,Lady Grooms,2000,SAC,30,2.0,True,-2.427,-1.875,-3.453,False,127.0,2812.0
jonesla01w,Larecha Jones,2000,CHA,9,,False,-2.228,-3.427,,False,,
byearla01w,Latasha Byears,2000,SAC,32,2.0,True,-1.164,-0.079,-3.179,False,91.0,1982.0
burgeli01w,Linda Burgess,2000,SAC,5,1.0,False,-2.768,-2.444,-3.37,False,,
harrili01w,Lisa Harrison,2000,PHO,31,2.0,True,0.026,0.533,-0.915,False,58.0,1340.0
leslili01w,Lisa Leslie,2000,LAS,32,4.0,True,8.602,9.656,6.644,False,4.0,37.0
pridely01w,Lynn Pride,2000,POR,32,,True,-1.515,-2.33,,False,106.0,2217.0
slaisma01w,Madinah Slaise,2000,DET,3,,False,-2.479,-3.814,,False,,
dydekma01w,Margo Dydek,2000,UTA,32,,True,1.039,1.598,,False,41.0,961.0
stepama01w,Maria Stepanova,2000,PHO,15,,False,-1.053,-1.62,,False,,
ferrama01w,Marina Ferragut,2000,NYL,23,3.0,True,-3.352,-3.203,-3.629,False,136.0,3093.0
aldrima01w,Markita Aldridge,2000,WAS,29,2.0,True,-3.028,-3.059,-2.971,False,134.0,3003.0
brumfma01w,Marla Brumfield,2000,MIN,32,,True,-1.283,-1.974,,False,96.0,2062.0
askamma01w,Marlies Askamp,2000,MIA,32,,True,0.591,0.91,,False,52.0,1117.0
martima01w,Maylana Martin,2000,MIN,30,,True,-1.177,-1.811,,False,93.0,1986.0
jonesme01w,Merlakia Jones,2000,CLE,32,6.0,True,2.782,2.665,3.0,False,19.0,490.0
andrame01w,Mery Andrade,2000,CLE,32,6.0,True,0.251,1.198,-1.507,False,56.0,1253.0
timmsmi01w,Michele Timms,2000,PHO,8,,False,-0.973,-1.497,,False,,
vangomi01w,Michele Van Gorp,2000,POR,28,,True,-1.94,-2.985,,False,116.0,2530.0
brogami01w,Michelle Brogan,2000,PHO,28,2.0,True,0.42,1.267,-1.151,False,54.0,1175.0
campbmi01w,Michelle Campbell,2000,WAS,5,,False,-2.467,-3.796,,False,,
clearmi01w,Michelle Cleary,2000,PHO,24,,True,-1.164,-1.79,,False,90.0,1981.0
edwarmi01w,Michelle Edwards,2000,"CLE,SEA",23,,True,-1.105,-1.7,,False,88.0,1936.0
marcimi01w,Michelle Marciniak,2000,POR,32,,True,-0.95,-1.462,,False,81.0,1838.0
floremi01w,Milena Flores,2000,MIA,32,,True,-1.617,-2.488,,False,108.0,2293.0
lambmo01w,Monica Lamb,2000,HOU,13,,False,-1.827,-2.811,,False,,
maxwemo01w,Monica Maxwell,2000,IND,32,,True,0.892,1.373,,False,46.0,1012.0
pagemu01w,Murriel Page,2000,WAS,32,2.0,True,0.789,2.153,-1.745,False,48.0,1053.0
mabikmw01w,Mwadi Mabika,2000,LAS,32,4.0,True,5.279,5.72,4.462,False,8.0,174.0
mulitna01w,Naomi Mulitauaopele,2000,UTA,22,,False,-1.221,-1.878,,False,,
willina01w,Natalie Williams,2000,UTA,29,,True,5.098,7.843,,False,9.0,195.0
mccrini01w,Nicky McCrimmon,2000,LAS,32,4.0,True,-1.967,-1.635,-2.582,False,118.0,2547.0
kubikni01w,Nicole Kubik,2000,PHO,4,2.0,False,-3.721,-3.466,-4.194,False,,
johnsni01w,Niesa Johnson,2000,CHA,6,,False,-1.258,-1.935,,False,,
mccrani01w,Nikki McCray,2000,WAS,32,2.0,True,1.955,3.449,-0.819,False,25.0,691.0
salesny01w,Nykesha Sales,2000,ORL,32,3.0,True,1.481,2.777,-0.925,False,33.0,811.0
zakalok01w,Oksana Zakaluzhnaya,2000,DET,23,,True,-1.435,-2.208,,False,103.0,2168.0
firsool01w,Olga Firsova,2000,NYL,9,3.0,False,-3.788,-3.72,-3.914,False,,
scottol01w,Olympia Scott,2000,DET,28,,True,-1.33,-2.046,,False,101.0,2095.0
sauerpa01w,Paige Sauer,2000,LAS,12,1.0,False,-3.503,-3.186,-4.091,False,,
johnspo01w,Pollyanna Johns Kimbrough,2000,CLE,12,4.0,False,-3.583,-3.452,-3.826,False,,
barnequ01w,Quacy Barnes,2000,SEA,31,,True,-1.601,-2.464,,False,107.0,2275.0
sarenra01w,Rankica Sarenac,2000,PHO,20,,False,-1.552,-2.387,,False,,
robinre01w,Renee Robinson,2000,WAS,2,,False,-2.304,-3.544,,False,,
banchrh01w,Rhonda Banchero,2000,SAC,9,,False,-2.656,-4.085,,False,,
mapprh01w,Rhonda Mapp,2000,CHA,30,,True,0.768,1.181,,False,50.0,1061.0
williri01w,Rita Williams,2000,IND,32,,True,0.94,1.446,,False,45.0,997.0
threaro01w,Robin Threatt-Elliott,2000,SEA,20,,False,-0.927,-1.425,,False,,
hamzoro01w,Romana Hamzova,2000,ORL,15,,False,-2.72,-4.185,,False,,
brownru01w,Rushia Brown,2000,CLE,30,6.0,True,1.344,1.247,1.524,False,37.0,864.0
boltoru01w,Ruthie Bolton,2000,SAC,29,2.0,True,3.128,3.964,1.574,False,16.0,418.0
enissh01w,Shalonda Enis,2000,CHA,12,,False,0.765,1.177,,False,,
stiresh01w,Shanele Stires,2000,MIN,21,,False,-2.252,-3.464,,False,,
johnssh01w,Shannon Johnson,2000,ORL,32,3.0,True,1.637,2.996,-0.888,False,31.0,769.0
owenssh01w,Shantia Owens,2000,MIA,31,,True,-1.167,-1.795,,False,92.0,1984.0
mannish01w,Sharon Manning,2000,MIA,24,,True,-0.915,-1.407,,False,80.0,1823.0
mahonsh01w,Shea Mahoney,2000,NYL,15,,False,-1.987,-3.058,,False,,
samsh01w,Sheri Sam,2000,MIA,31,,True,1.521,2.34,,False,32.0,801.0
swoopsh01w,Sheryl Swoopes,2000,HOU,31,6.0,True,12.166,12.007,12.462,True,1.0,5.0
edwarsi01w,Simone Edwards,2000,SEA,29,,True,-1.265,-1.947,,False,95.0,2048.0
henniso01w,Sonja Henning,2000,SEA,32,,True,-1.958,-3.013,,False,117.0,2543.0
tateso01w,Sonja Tate,2000,MIN,8,,False,-1.5,-2.308,,False,,
witheso01w,Sophia Witherspoon,2000,POR,32,,True,1.878,2.889,,False,27.0,711.0
lovelst01w,Stacey Lovelace,2000,SEA,23,,True,-1.501,-2.309,,False,105.0,2209.0
thomast01w,Stacey Thomas,2000,POR,32,,True,-0.845,-1.3,,False,78.0,1785.0
clinest01w,Stacy Clinesmith,2000,SAC,26,2.0,True,-2.798,-2.324,-3.677,False,131.0,2931.0
fresest01w,Stacy Frese,2000,UTA,21,,False,-1.705,-2.624,,False,,
mccarst01w,Stephanie White,2000,IND,32,,True,-0.36,-0.555,,False,66.0,1517.0
wickssu01w,Sue Wicks,2000,NYL,32,7.0,True,-0.796,-0.359,-1.609,False,76.0,1755.0
erbsu01w,Summer Erb,2000,CHA,29,,True,-1.783,-2.743,,False,111.0,2409.0
mcconsu01w,Suzie McConnell Serio,2000,CLE,32,6.0,True,-0.322,-0.225,-0.503,False,64.0,1498.0
crawlsy01w,Sylvia Crawley,2000,POR,31,,True,0.832,1.281,,False,47.0,1033.0
mcwilta01w,Taj McWilliams-Franklin,2000,ORL,32,3.0,True,2.527,3.745,0.264,False,22.0,561.0
dixonta01w,Tamecka Dixon,2000,LAS,31,4.0,True,3.083,3.725,1.889,False,17.0,429.0
jacksta02w,Tamicha Jackson,2000,DET,17,,False,-0.502,-0.773,,False,,
whitmta01w,Tamika Whitmore,2000,NYL,32,7.0,True,1.481,1.004,2.366,False,34.0,812.0
jacksta01w,Tammy Jackson,2000,HOU,29,6.0,True,-2.023,-2.216,-1.665,True,120.0,2583.0
smithta01w,Tangela Smith,2000,SAC,32,2.0,True,2.548,3.968,-0.088,False,21.0,556.0
kostita01w,Tanja Kostic,2000,MIA,5,,False,-2.271,-3.494,,False,,
willita01w,Tara Williams,2000,POR,26,,True,-1.853,-2.85,,False,114.0,2453.0
phillta01w,Tari Phillips,2000,NYL,31,7.0,True,5.706,5.48,6.126,False,6.0,148.0
millsta01w,Tausha Mills,2000,WAS,31,2.0,True,-2.315,-1.913,-3.064,False,124.0,2751.0
weathte01w,Teresa Weatherspoon,2000,NYL,32,7.0,True,1.835,2.359,0.862,False,28.0,721.0
quinnte01w,Texlin Quinney,2000,IND,17,,False,-2.366,-3.64,,False,,
penicti01w,Ticha Penicheiro,2000,SAC,30,2.0,True,1.703,2.828,-0.387,False,29.0,743.0
johnsti01w,Tiffani Johnson,2000,HOU,31,6.0,True,0.098,0.054,0.178,True,57.0,1309.0
mccaiti01w,Tiffany McCain,2000,ORL,25,2.0,True,-3.615,-3.473,-3.878,False,139.0,3152.0
traviti01w,Tiffany Travis,2000,CHA,32,,True,-1.288,-1.982,,False,97.0,2066.0
thompti01w,Tina Thompson,2000,HOU,32,6.0,True,9.268,9.474,8.885,True,3.0,24.0
edwarto01w,Tonya Edwards,2000,PHO,32,2.0,True,0.947,2.199,-1.38,False,43.0,992.0
washito01w,Tonya Massaline,2000,WAS,19,1.0,False,-3.897,-3.656,-4.345,False,,
reidtr01w,Tracy Reid,2000,CHA,29,,True,-0.744,-1.144,,False,74.0,1714.0
badertr01w,Tricia Bader Binford,2000,CLE,25,5.0,True,-3.479,-3.281,-3.846,False,137.0,3119.0
beviltu01w,Tully Bevilaqua,2000,POR,32,,True,-0.9,-1.385,,False,79.0,1815.0
figgsuk01w,Ukari Figgs,2000,LAS,32,4.0,True,0.942,1.395,0.1,False,44.0,995.0
webbum01w,Umeki Webb,2000,MIA,13,,False,-1.7,-2.616,,False,,
gilmous01w,Usha Gilmore,2000,IND,4,,False,-2.522,-3.879,,False,,
nygaava01w,Vanessa Nygaard,2000,POR,32,,True,-0.273,-0.421,,False,63.0,1477.0
grginve01w,Vedrana Grgin-Fonseca,2000,LAS,18,3.0,False,-3.156,-2.795,-3.826,False,,
lacyve01w,Venus Lacy,2000,NYL,2,,False,-1.59,-2.446,,False,,
hallvi01w,Vicki Hall,2000,CLE,32,6.0,True,-1.698,-1.351,-2.342,False,109.0,2353.0
johnsvi01w,Vickie Johnson,2000,NYL,31,7.0,True,3.923,4.27,3.278,False,11.0,305.0
bullevi01w,Vicky Bullett,2000,WAS,32,2.0,True,1.075,2.009,-0.659,False,39.0,943.0
palmewe01w,Wendy Palmer,2000,DET,32,,True,1.669,2.568,,False,30.0,755.0
griffyo01w,Yolanda Griffith,2000,SAC,32,2.0,True,6.293,8.246,2.666,False,5.0,111.0
barnead01w,Adia Barnes,2001,CLE,3,,False,-2.778,-4.273,,False,,
williad01w,Adrian Williams-Strong,2001,PHO,25,,True,-1.579,-2.429,,False,106.0,2257.0
moisead01w,Adriana Moises,2001,PHO,7,,False,-0.388,-0.596,,False,,
goodsad01w,Adrienne Goodson,2001,UTA,28,2.0,True,2.427,3.71,0.043,False,27.0,582.0
santoal01w,Alessandra Santos de Oliveira,2001,SEA,10,,False,-2.45,-3.769,,False,,
thompal01w,Alicia Thompson,2001,IND,22,,False,0.056,0.086,,False,,
burraal01w,Alisa Burras,2001,POR,26,,True,-1.432,-2.203,,False,102.0,2163.0
feastal01w,Allison Feaster,2001,CHA,32,8.0,True,2.565,3.489,0.85,False,24.0,548.0
lassiam01w,Amanda Lassiter,2001,HOU,32,2.0,True,-1.214,-0.815,-1.954,False,92.0,2012.0
herriam01w,Amy Herrig,2001,UTA,32,2.0,True,-2.635,-1.93,-3.944,False,131.0,2886.0
nagyan01w,Andrea Nagy,2001,NYL,23,4.0,True,-3.657,-3.538,-3.879,False,137.0,3162.0
stinsan01w,Andrea Stinson,2001,CHA,32,8.0,True,4.75,5.291,3.745,False,11.0,229.0
wolvean01w,Angelina Wolvert,2001,CLE,1,,False,-2.298,-3.535,,False,,
brazian01w,Angie Braziel,2001,IND,23,,True,-0.805,-1.239,,False,78.0,1762.0
wautean01w,Ann Wauters,2001,CLE,24,3.0,True,2.849,4.044,0.629,False,22.0,475.0
burgean01w,Annie La Fleur,2001,WAS,31,,True,-1.045,-1.607,,False,88.0,1897.0
ndiayas01w,Astou Ndiaye-Diatta,2001,DET,32,,True,0.512,0.787,,False,52.0,1143.0
saureau01w,Audrey Sauret,2001,WAS,25,,True,-1.666,-2.563,,False,109.0,2330.0
farriba01w,Barbara Farris,2001,DET,31,,True,-1.236,-1.902,,False,93.0,2027.0
hammobe01w,Becky Hammon,2001,NYL,32,6.0,True,-0.54,0.729,-2.897,False,71.0,1593.0
lennobe01w,Betty Lennox,2001,MIN,11,,False,1.497,2.303,,False,,
reedbr01w,Brandy Reed,2001,PHO,1,,False,-2.045,-3.147,,False,,
pettibr01w,Bridget Pettis,2001,PHO,32,,True,-1.071,-1.648,,False,90.0,1918.0
wyckobr01w,Brooke Wyckoff,2001,ORL,32,,True,-1.385,-2.131,,False,100.0,2131.0
coopeca01w,Camille Cooper,2001,NYL,4,3.0,False,-1.434,-0.227,-3.675,False,,
consuca01w,Cara Consuegra,2001,UTA,15,1.0,False,-4.505,-4.426,-4.652,False,,
boydca01w,Carla Boyd,2001,DET,21,,False,-1.665,-2.562,,False,,
mcgheca01w,Carla McGhee,2001,ORL,17,,False,-2.781,-4.279,,False,,
youngca01w,Carolyn Young,2001,POR,23,,True,-1.289,-1.983,,False,95.0,2068.0
bauerca01w,Cass Bauer-Bilodeau,2001,WAS,15,,False,-2.575,-3.962,,False,,
holdsch01w,Chamique Holdsclaw,2001,WAS,29,,True,3.553,5.467,,False,14.0,357.0
smithch02w,Charlotte Smith,2001,CHA,30,8.0,True,-0.235,-0.09,-0.505,False,65.0,1461.0
smithch03w,Charmin Smith,2001,SEA,32,,True,-2.192,-3.372,,False,125.0,2688.0
melvich01w,Chasity Melvin,2001,CLE,27,3.0,True,2.969,4.539,0.053,False,20.0,451.0
blodgci01w,Cindy Blodgett,2001,SAC,11,2.0,False,-3.011,-2.647,-3.687,False,,
dossaci01w,Cintia dos Santos,2001,ORL,10,,False,-2.379,-3.66,,False,,
machacl01w,Clarisse Machanguana,2001,CHA,30,8.0,True,-0.88,-0.477,-1.63,False,81.0,1803.0
nevescl01w,Claudia Neves,2001,DET,22,,False,-1.436,-2.21,,False,,
milleco01w,Coco Miller,2001,WAS,20,,False,-2.48,-3.815,,False,,
washico01w,Coquese Washington,2001,HOU,32,2.0,True,0.002,1.239,-2.294,False,59.0,1348.0
robincr01w,Crystal Robinson,2001,NYL,32,6.0,True,2.449,2.878,1.652,False,26.0,576.0
wynneda01w,Dana Wynne,2001,SAC,1,2.0,False,-3.67,-3.29,-4.376,False,,
mcculda01w,Danielle McCulley,2001,IND,8,,False,-1.466,-2.256,,False,,
staleda01w,Dawn Staley,2001,CHA,32,8.0,True,2.841,2.95,2.64,False,23.0,477.0
miltode01w,DeLisha Milton-Jones,2001,LAS,32,7.0,True,5.848,4.674,8.028,True,6.0,139.0
walkede01w,DeMya Walker,2001,POR,21,,False,-0.917,-1.411,,False,,
nolande01w,Deanna Nolan,2001,DET,27,,True,-0.645,-0.992,,False,73.0,1653.0
blackde01w,Debbie Black,2001,MIA,32,3.0,True,0.179,1.272,-1.852,False,57.0,1282.0
cantydo01w,Dominique Canty,2001,DET,32,,True,-0.933,-1.436,,False,82.0,1829.0
hillec01w,E.C. Hill,2001,PHO,3,,False,-3.109,-4.783,,False,,
campbed01w,Edna Campbell,2001,SAC,32,5.0,True,0.937,1.951,-0.948,False,46.0,999.0
browned01w,Edwina Brown,2001,DET,32,,True,-0.816,-1.255,,False,79.0,1769.0
powelel01w,Elaine Powell,2001,ORL,32,,True,0.969,1.49,,False,43.0,985.0
baranel01w,Elena Baranova,2001,MIA,32,3.0,True,3.415,4.8,0.842,False,16.0,374.0
shakiel01w,Elena Shakirova,2001,HOU,26,1.0,True,-3.934,-3.568,-4.614,False,142.0,3218.0
torniel01w,Elena Tornikidou,2001,DET,32,,True,-0.381,-0.587,,False,69.0,1529.0
perpeer01w,Erin Perperoglou,2001,MIN,32,,True,-0.575,-0.884,,False,72.0,1616.0
nemcoev01w,Eva Nemcova,2001,CLE,8,,False,-1.095,-1.685,,False,,
schwege01w,Georgia Schweitzer,2001,MIN,24,,True,-1.455,-2.239,,False,103.0,2182.0
grubigo01w,Gordana Grubin,2001,IND,27,,True,-0.942,-1.449,,False,84.0,1836.0
daleygr01w,Grace Daley,2001,NYL,15,1.0,False,-3.918,-3.548,-4.605,False,,
radunha01w,Hajdana Radunovic,2001,NYL,4,,False,-2.549,-3.922,,False,,
darlihe01w,Helen Darling,2001,CLE,32,3.0,True,1.022,1.974,-0.746,False,40.0,966.0
luzhe01w,Helen Luz,2001,WAS,32,,True,-1.069,-1.644,,False,89.0,1916.0
korstil01w,Ilona Korstine,2001,PHO,12,,False,-2.358,-3.628,,False,,
stileja01w,Jackie Stiles,2001,POR,32,,True,1.639,2.522,,False,36.0,767.0
johnsja01w,Jaclyn Johnson,2001,ORL,17,,False,-2.056,-3.162,,False,,
kingija01w,Jae Kingi-Cross,2001,DET,29,,True,-0.977,-1.503,,False,85.0,1854.0
reddja01w,Jamie Redd,2001,SEA,32,,True,-0.522,-0.804,,False,70.0,1578.0
burseja01w,Janell Burse,2001,MIN,20,,False,-1.957,-3.011,,False,,
arcaija01w,Janeth Arcain,2001,HOU,32,2.0,True,5.971,8.225,1.786,False,4.0,130.0
saundja01w,Jaynetta Saunders,2001,PHO,28,,True,-2.142,-3.295,,False,124.0,2665.0
azzije01w,Jennifer Azzi,2001,UTA,32,2.0,True,0.987,2.578,-1.967,False,41.0,977.0
gilloje01w,Jennifer Gillom,2001,PHO,32,,True,0.969,1.491,,False,42.0,984.0
rizzoje01w,Jennifer Rizzotti,2001,CLE,32,3.0,True,-2.014,-1.313,-3.316,False,118.0,2570.0
whittje01w,Jennifer Whittle,2001,WAS,4,,False,-3.061,-4.709,,False,,
moweje01w,Jenny Mowe,2001,POR,5,,False,-2.574,-3.96,,False,,
hicksje01w,Jessie Hicks,2001,ORL,32,,True,-1.008,-1.55,,False,86.0,1874.0
streiju01w,Jurgita Streimikyte,2001,IND,27,,True,0.367,0.565,,False,53.0,1199.0
vodicka01w,Kamila Vodichkova,2001,SEA,29,,True,-1.117,-1.718,,False,91.0,1945.0
wolteka01w,Kara Wolters,2001,SAC,31,4.0,True,-1.919,-1.181,-3.289,False,117.0,2510.0
lazicka01w,Katarina Lazic,2001,NYL,8,2.0,False,-3.804,-3.406,-4.543,False,,
payeka01w,Kate Paye,2001,MIN,32,,True,-1.377,-2.119,,False,99.0,2126.0
starbka01w,Kate Starbird,2001,UTA,23,1.0,True,-2.538,-1.798,-3.912,False,130.0,2850.0
douglka01w,Katie Douglas,2001,ORL,22,,False,-0.241,-0.371,,False,,
smithka01w,Katie Smith,2001,MIN,32,,True,4.883,7.512,,False,10.0,213.0
colleka01w,Katrina Colleton,2001,MIA,14,2.0,False,-3.981,-3.7,-4.502,False,,
stedika01w,Katy Steding,2001,SEA,26,,True,-1.552,-2.388,,False,105.0,2239.0
hollake01w,Kedra Holland-Corn,2001,SAC,32,5.0,True,2.866,3.101,2.43,False,21.0,472.0
anderke01w,Keisha Anderson,2001,CHA,18,2.0,False,-4.279,-4.003,-4.791,False,,
dickeke01w,Keitha Dickerson,2001,UTA,4,,False,-3.058,-4.705,,False,,
gibsoke01w,Kelley Gibson,2001,HOU,28,2.0,True,-3.703,-3.546,-3.995,False,139.0,3176.0
milleke01w,Kelly Miller,2001,CHA,26,2.0,True,-3.666,-3.201,-4.529,False,138.0,3164.0
santoke01w,Kelly Santos,2001,DET,14,,False,-1.534,-2.36,,False,,
schumke01w,Kelly Schumacher,2001,IND,28,,True,-1.375,-2.116,,False,98.0,2125.0
fordki01w,Kisha Ford,2001,MIA,30,3.0,True,-3.248,-2.69,-4.284,False,136.0,3062.0
hledeko01w,Korie Hlede,2001,UTA,27,2.0,True,-1.895,-1.005,-3.547,False,116.0,2488.0
rasmukr01w,Kristen Rasmussen,2001,MIA,28,3.0,True,-2.894,-2.234,-4.12,False,133.0,2957.0
vealkr01w,Kristen Veal,2001,PHO,29,,True,-1.042,-1.604,,False,87.0,1895.0
harrokr01w,Kristi Harrower,2001,MIN,4,,False,-0.652,-1.003,,False,,
folklkr01w,Kristin Folkl,2001,POR,32,,True,-0.161,-0.247,,False,63.0,1431.0
frettla01w,La'Keshia Frett,2001,SAC,30,5.0,True,-2.524,-1.736,-3.986,False,129.0,2844.0
barksla01w,LaQuanda Barksdale,2001,POR,5,,False,-2.728,-4.197,,False,,
johnsla01w,LaTonya Johnson,2001,UTA,26,2.0,True,-3.882,-3.612,-4.383,False,141.0,3209.0
groomla01w,Lady Grooms,2001,SAC,31,5.0,True,-1.695,-0.789,-3.377,False,111.0,2350.0
byearla01w,Latasha Byears,2001,LAS,32,7.0,True,3.002,3.509,2.059,True,19.0,447.0
jacksla01w,Lauren Jackson,2001,SEA,29,,True,2.164,3.329,,False,29.0,637.0
torrele01w,Levys Torres,2001,MIA,2,2.0,False,-4.798,-4.783,-4.826,False,,
harrili01w,Lisa Harrison,2001,PHO,32,,True,-0.246,-0.379,,False,66.0,1469.0
leslili01w,Lisa Leslie,2001,LAS,31,7.0,True,13.798,12.036,17.071,True,1.0,1.0
pridely01w,Lynn Pride,2001,MIN,32,,True,-0.707,-1.088,,False,76.0,1697.0
amachma01w,Mactabene Amachree,2001,NYL,2,,False,-2.841,-4.371,,False,,
walsema01w,Maren Walseth,2001,SAC,4,,False,-2.643,-4.067,,False,,
dydekma01w,Margo Dydek,2001,UTA,32,2.0,True,2.488,3.901,-0.136,False,25.0,570.0
stepama01w,Maria Stepanova,2001,PHO,32,,True,0.945,1.454,,False,45.0,994.0
ferdima01w,Marie Ferdinand-Harris,2001,UTA,32,2.0,True,1.652,2.748,-0.383,False,35.0,764.0
aldrima01w,Markita Aldridge,2001,WAS,5,,False,-2.57,-3.953,,False,,
brumfma01w,Marla Brumfield,2001,MIA,27,2.0,True,-3.759,-3.385,-4.455,False,140.0,3189.0
askamma01w,Marlies Askamp,2001,MIA,30,,True,-1.415,-2.178,,False,101.0,2153.0
martima01w,Maylana Martin,2001,MIN,31,,True,-1.66,-2.554,,False,108.0,2325.0
jonesme01w,Merlakia Jones,2001,CLE,30,3.0,True,5.351,7.114,2.077,False,7.0,167.0
andrame01w,Mery Andrade,2001,CLE,32,3.0,True,-0.06,1.225,-2.446,False,61.0,1383.0
pavlimi01w,Michaela Pavlickova,2001,UTA,10,1.0,False,-4.701,-4.54,-5.001,False,,
timmsmi01w,Michele Timms,2001,PHO,21,,False,-0.82,-1.261,,False,,
vangomi01w,Michele Van Gorp,2001,MIN,22,,False,-2.174,-3.344,,False,,
clearmi01w,Michelle Cleary,2001,PHO,4,,False,-2.408,-3.705,,False,,
edwarmi01w,Michelle Edwards,2001,SEA,3,,False,-2.312,-3.557,,False,,
marcimi01w,Michelle Marciniak,2001,SEA,27,,True,-1.239,-1.907,,False,94.0,2029.0
maxwemo01w,Monica Maxwell,2001,IND,15,,False,-1.523,-2.343,,False,,
pagemu01w,Murriel Page,2001,WAS,32,,True,0.2,0.308,,False,56.0,1270.0
mabikmw01w,Mwadi Mabika,2001,LAS,28,7.0,True,5.116,4.964,5.398,True,9.0,192.0
malcona01w,Nadine Malcolm,2001,IND,31,,True,-0.215,-0.331,,False,64.0,1449.0
willina01w,Natalie Williams,2001,UTA,31,2.0,True,4.215,6.297,0.348,False,12.0,275.0
hendene01w,Nekeshia Henderson,2001,HOU,23,1.0,True,-4.048,-3.713,-4.671,False,143.0,3237.0
mccrini01w,Nicky McCrimmon,2001,LAS,28,7.0,True,-2.914,-2.561,-3.569,True,134.0,2968.0
kubikni01w,Nicole Kubik,2001,PHO,3,,False,-2.503,-3.851,,False,,
levanni01w,Nicole Levandusky,2001,LAS,13,3.0,False,-3.962,-3.583,-4.667,True,,
iveyni01w,Niele Ivey,2001,IND,32,,True,-1.697,-2.611,,False,112.0,2351.0
mccrani01w,Nikki McCray,2001,WAS,32,,True,0.626,0.963,,False,50.0,1108.0
salesny01w,Nykesha Sales,2001,ORL,32,,True,1.909,2.937,,False,34.0,703.0
scottol01w,Olympia Scott,2001,IND,32,,True,0.155,0.239,,False,58.0,1289.0
sauerpa01w,Paige Sauer,2001,CLE,2,1.0,False,-4.204,-3.992,-4.597,False,,
luckepa01w,Pat Luckey,2001,PHO,1,,False,-2.914,-4.483,,False,,
taylope01w,Penny Taylor,2001,CLE,32,3.0,True,0.529,1.573,-1.412,False,51.0,1136.0
johnspo01w,Pollyanna Johns Kimbrough,2001,CLE,18,1.0,False,-3.633,-3.223,-4.394,False,,
barnequ01w,Quacy Barnes,2001,SEA,20,,False,-1.687,-2.595,,False,,
spornra01w,Rachael Sporn,2001,DET,23,,True,-2.079,-3.198,,False,122.0,2626.0
lobore01w,Rebecca Lobo,2001,NYL,16,,False,-2.599,-3.999,,False,,
bristre01w,Reshea Bristol,2001,CHA,1,,False,-2.698,-4.151,,False,,
mapprh01w,Rhonda Mapp,2001,LAS,30,5.0,True,-2.032,-1.419,-3.169,True,120.0,2590.0
williri01w,Rita Williams,2001,IND,32,,True,1.038,1.596,,False,39.0,963.0
brownru01w,Rushia Brown,2001,CLE,30,3.0,True,2.079,3.442,-0.454,False,32.0,657.0
rileyru01w,Ruth Riley,2001,MIA,32,3.0,True,-0.057,0.779,-1.608,False,60.0,1382.0
boltoru01w,Ruthie Bolton,2001,SAC,31,5.0,True,1.042,0.925,1.258,False,38.0,958.0
brondsa01w,Sandy Brondello,2001,MIA,29,3.0,True,2.085,3.442,-0.433,False,31.0,655.0
randase01w,Semeka Randall,2001,SEA,32,,True,-0.117,-0.179,,False,62.0,1410.0
enissh01w,Shalonda Enis,2001,CHA,32,8.0,True,-0.821,-0.284,-1.819,False,80.0,1774.0
stiresh01w,Shanele Stires,2001,MIN,18,,False,-1.804,-2.775,,False,,
johnssh01w,Shannon Johnson,2001,ORL,26,,True,1.237,1.903,,False,37.0,888.0
samsh01w,Sheri Sam,2001,MIA,32,3.0,True,3.536,5.552,-0.209,False,15.0,359.0
edwarsi01w,Simone Edwards,2001,SEA,32,,True,-0.29,-0.445,,False,67.0,1482.0
tuvicsl01w,Slobodanka Tuvic,2001,PHO,30,,True,-2.13,-3.277,,False,123.0,2655.0
henniso01w,Sonja Henning,2001,SEA,32,,True,-1.667,-2.565,,False,110.0,2331.0
witheso01w,Sophia Witherspoon,2001,POR,31,,True,0.712,1.096,,False,48.0,1073.0
fordst01w,Stacey Ford,2001,NYL,1,,False,-2.158,-3.321,,False,,
lovelst01w,Stacey Lovelace,2001,SEA,22,,False,-1.725,-2.654,,False,,
thomast01w,Stacey Thomas,2001,POR,32,,True,-2.017,-3.103,,False,119.0,2575.0
clinest01w,Stacy Clinesmith,2001,SAC,16,,False,-2.682,-4.126,,False,,
mccarst01w,Stephanie White,2001,IND,30,,True,-0.937,-1.442,,False,83.0,1831.0
wickssu01w,Sue Wicks,2001,NYL,30,6.0,True,-0.654,-0.118,-1.649,False,74.0,1662.0
erbsu01w,Summer Erb,2001,CHA,18,4.0,False,-2.992,-2.581,-3.756,False,,
abrossv01w,Svetlana Abrosimova,2001,MIN,26,,True,2.276,3.502,,False,28.0,612.0
crawlsy01w,Sylvia Crawley,2001,POR,32,,True,0.712,1.095,,False,49.0,1074.0
mcwilta01w,Taj McWilliams-Franklin,2001,ORL,32,,True,2.103,3.236,,False,30.0,653.0
stockta01w,Tamara Stocks,2001,WAS,3,,False,-2.701,-4.155,,False,,
dixonta01w,Tamecka Dixon,2001,LAS,29,7.0,True,5.925,4.936,7.762,True,5.0,133.0
jacksta02w,Tamicha Jackson,2001,POR,32,,True,-1.58,-2.431,,False,107.0,2258.0
whitmta01w,Tamika Whitmore,2001,NYL,32,6.0,True,-0.31,-0.009,-0.867,False,68.0,1494.0
jacksta01w,Tammy Jackson,2001,HOU,32,1.0,True,-2.289,-1.735,-3.319,False,127.0,2734.0
suttota01w,Tammy Sutton-Brown,2001,CHA,29,8.0,True,0.287,0.465,-0.042,False,54.0,1236.0
smithta01w,Tangela Smith,2001,SAC,32,5.0,True,3.321,4.23,1.632,False,17.0,393.0
phillta01w,Tari Phillips,2001,NYL,32,6.0,True,5.167,6.349,2.971,False,8.0,186.0
millsta01w,Tausha Mills,2001,WAS,30,,True,-1.816,-2.794,,False,114.0,2430.0
alhalta01w,Tawona Alhaleem,2001,ORL,26,,True,-2.217,-3.41,,False,126.0,2703.0
weathte01w,Teresa Weatherspoon,2001,NYL,32,6.0,True,0.961,1.937,-0.852,False,44.0,991.0
penicti01w,Ticha Penicheiro,2001,SAC,23,5.0,True,2.076,2.865,0.612,False,33.0,658.0
johnsti01w,Tiffani Johnson,2001,HOU,32,2.0,True,-0.798,-0.427,-1.487,False,77.0,1758.0
mccaiti01w,Tiffany McCain,2001,ORL,32,,True,-1.808,-2.782,,False,113.0,2423.0
thompti01w,Tina Thompson,2001,HOU,30,2.0,True,6.92,9.32,2.463,False,3.0,86.0
edwarto01w,Tonya Edwards,2001,"CHA,PHO",32,8.0,True,-1.347,-0.834,-2.3,False,97.0,2102.0
washito01w,Tonya Massaline,2001,WAS,30,,True,-1.868,-2.874,,False,115.0,2468.0
reidtr01w,Tracy Reid,2001,MIA,21,3.0,False,-2.649,-1.976,-3.899,False,,
badertr01w,Tricia Bader Binford,2001,CLE,19,1.0,False,-4.024,-3.692,-4.641,False,,
fallotr01w,Trisha Fallon,2001,PHO,31,,True,0.209,0.322,,False,55.0,1265.0
stafftr01w,Trisha Stafford-Odom,2001,HOU,30,2.0,True,-2.44,-1.793,-3.641,False,128.0,2816.0
beviltu01w,Tully Bevilaqua,2001,POR,31,,True,-0.702,-1.08,,False,75.0,1692.0
lewisty01w,Tynesha Lewis,2001,HOU,29,2.0,True,-2.879,-2.167,-4.2,False,132.0,2950.0
figgsuk01w,Ukari Figgs,2001,LAS,32,7.0,True,3.665,3.303,4.338,True,13.0,341.0
whitiva01w,Val Whiting-Raymond,2001,MIN,26,,True,-1.514,-2.33,,False,104.0,2216.0
nygaava01w,Vanessa Nygaard,2001,POR,31,,True,-2.066,-3.178,,False,121.0,2617.0
grginve01w,Vedrana Grgin-Fonseca,2001,LAS,24,4.0,True,-2.989,-2.454,-3.982,True,135.0,2992.0
hallvi01w,Vicki Hall,2001,"CLE,IND",27,,True,-1.324,-2.038,,False,96.0,2094.0
johnsvi01w,Vickie Johnson,2001,NYL,32,6.0,True,3.165,2.981,3.506,False,18.0,413.0
bullevi01w,Vicky Bullett,2001,WAS,32,,True,0.873,1.343,,False,47.0,1019.0
williwe01w,Wendi Willits,2001,LAS,13,4.0,False,-4.208,-3.936,-4.713,True,,
palmewe01w,Wendy Palmer,2001,DET,22,,False,0.763,1.174,,False,,
griffyo01w,Yolanda Griffith,2001,SAC,32,5.0,True,8.871,9.649,7.425,False,2.0,33.0
barnead01w,Adia Barnes,2002,SEA,26,2.0,True,-1.794,-1.333,-2.65,False,111.0,2416.0
williad01w,Adrian Williams-Strong,2002,PHO,32,,True,-0.84,-1.292,,False,79.0,1783.0
moisead01w,Adriana Moises,2002,PHO,32,,True,-1.024,-1.576,,False,84.0,1880.0
goodsad01w,Adrienne Goodson,2002,UTA,32,5.0,True,4.228,5.507,1.853,False,11.0,274.0
johnsad01w,Adrienne Johnson,2002,ORL,32,,True,-1.426,-2.194,,False,100.0,2157.0
thompal01w,Alicia Thompson,2002,IND,18,1.0,False,-2.077,-1.419,-3.3,False,,
burraal01w,Alisa Burras,2002,POR,32,,True,0.431,0.664,,False,53.0,1168.0
feastal01w,Allison Feaster,2002,CHA,32,2.0,True,2.285,3.704,-0.35,False,25.0,608.0
lassiam01w,Amanda Lassiter,2002,"HOU,SEA",30,2.0,True,-1.658,-1.129,-2.641,False,107.0,2323.0
hallam01w,Amber Hall,2002,POR,20,,False,-2.303,-3.543,,False,,
herriam01w,Amy Herrig,2002,UTA,28,2.0,True,-3.156,-2.754,-3.902,False,137.0,3035.0
gardnan01w,Andrea Gardner,2002,UTA,30,3.0,True,-3.303,-3.04,-3.793,False,139.0,3077.0
nagyan01w,Andrea Nagy,2002,SAC,24,,True,-1.982,-3.049,,False,117.0,2555.0
stinsan01w,Andrea Stinson,2002,CHA,32,2.0,True,3.695,4.991,1.287,False,16.0,334.0
wautean01w,Ann Wauters,2002,CLE,28,,True,1.402,2.157,,False,36.0,843.0
burgean01w,Annie La Fleur,2002,WAS,26,5.0,True,-0.452,-0.325,-0.687,False,70.0,1564.0
jonesas01w,Asjha Jones,2002,WAS,32,5.0,True,-1.127,-0.409,-2.459,False,89.0,1952.0
ndiayas01w,Astou Ndiaye-Diatta,2002,DET,32,,True,0.182,0.279,,False,60.0,1280.0
saureau01w,Audrey Sauret,2002,WAS,15,,False,-2.117,-3.258,,False,,
walkeay01w,Ayana Walker,2002,DET,32,,True,-1.068,-1.643,,False,85.0,1915.0
farriba01w,Barbara Farris,2002,DET,32,,True,-1.268,-1.952,,False,93.0,2053.0
hammobe01w,Becky Hammon,2002,NYL,32,8.0,True,0.98,0.74,1.425,False,44.0,980.0
garcibe01w,Begona Garcia,2002,DET,8,,False,-2.463,-3.79,,False,,
ngoyibe01w,Bernadette Ngoyisa,2002,NYL,7,3.0,False,-3.937,-3.97,-3.874,False,,
lennobe01w,Betty Lennox,2002,"MIA,MIN",31,,True,0.817,1.257,,False,49.0,1039.0
mccaibr01w,Brandi McCain,2002,CLE,31,,True,-1.854,-2.852,,False,113.0,2454.0
reedbr01w,Brandy Reed,2002,PHO,5,,False,-0.866,-1.332,,False,,
pettibr01w,Bridget Pettis,2002,IND,32,3.0,True,-2.705,-2.586,-2.926,False,128.0,2901.0
wyckobr01w,Brooke Wyckoff,2002,ORL,32,,True,-1.725,-2.654,,False,109.0,2378.0
coopeca01w,Camille Cooper,2002,NYL,23,3.0,True,-3.973,-3.812,-4.272,False,141.0,3224.0
mcgheca01w,Carla McGhee,2002,ORL,2,,False,-2.132,-3.279,,False,,
moosca01w,Carolyn Moos,2002,MIA,2,,False,-2.994,-4.607,,False,,
youngca01w,Carolyn Young,2002,POR,19,,False,-1.456,-2.241,,False,,
bauerca01w,Cass Bauer-Bilodeau,2002,SAC,25,,True,-2.324,-3.575,,False,124.0,2754.0
holdsch01w,Chamique Holdsclaw,2002,WAS,20,5.0,False,8.023,9.295,5.66,False,,
smithch02w,Charlotte Smith,2002,CHA,32,2.0,True,0.334,1.456,-1.751,False,54.0,1217.0
melvich01w,Chasity Melvin,2002,CLE,32,,True,1.851,2.848,,False,29.0,715.0
dossaci01w,Cintia dos Santos,2002,ORL,26,,True,-1.654,-2.545,,False,106.0,2320.0
machacl01w,Clarisse Machanguana,2002,ORL,29,,True,-1.074,-1.652,,False,87.0,1921.0
nevescl01w,Claudia Neves,2002,MIA,20,,False,-2.185,-3.362,,False,,
milleco01w,Coco Miller,2002,WAS,32,5.0,True,1.642,2.203,0.599,False,31.0,766.0
washico01w,Coquese Washington,2002,"HOU,IND",32,3.0,True,-1.359,-1.041,-1.95,False,96.0,2114.0
robincr01w,Crystal Robinson,2002,NYL,32,8.0,True,2.559,3.368,1.057,False,22.0,551.0
crockda01w,Danielle Crockrom,2002,UTA,18,1.0,False,-3.82,-3.62,-4.19,False,,
mcculda01w,Danielle McCulley,2002,SEA,4,,False,-2.679,-4.121,,False,,
cunnida01w,Davalyn Cunningham,2002,ORL,6,,False,-2.931,-4.509,,False,,
staleda01w,Dawn Staley,2002,CHA,32,2.0,True,1.239,2.376,-0.874,False,41.0,887.0
miltode01w,DeLisha Milton-Jones,2002,LAS,32,6.0,True,6.393,5.237,8.541,True,5.0,106.0
walkede01w,DeMya Walker,2002,POR,31,,True,1.06,1.63,,False,42.0,951.0
jacksde01w,Deanna Jackson,2002,CLE,18,,False,-1.786,-2.748,,False,,
nolande01w,Deanna Nolan,2002,DET,32,,True,-0.018,-0.027,,False,63.0,1361.0
blackde01w,Debbie Black,2002,MIA,32,,True,-0.464,-0.714,,False,71.0,1568.0
cantydo01w,Dominique Canty,2002,DET,28,,True,-0.71,-1.092,,False,76.0,1698.0
campbed01w,Edna Campbell,2002,SAC,1,,False,-1.747,-2.688,,False,,
browned01w,Edwina Brown,2002,DET,28,,True,-1.181,-1.816,,False,91.0,1988.0
powelel01w,Elaine Powell,2002,"DET,ORL",30,,True,0.279,0.429,,False,58.0,1240.0
shakiel01w,Elena Shakirova,2002,CHA,1,,False,-2.489,-3.829,,False,,
aguilel01w,Elisa Aguilar,2002,UTA,28,2.0,True,-3.838,-3.558,-4.359,False,140.0,3204.0
desouer01w,Erika de Souza,2002,LAS,11,1.0,False,-3.792,-3.7,-3.963,True,,
perpeer01w,Erin Perperoglou,2002,CHA,29,,True,-1.105,-1.7,,False,88.0,1937.0
raglafe01w,Felicia Ragland,2002,SEA,31,2.0,True,-2.051,-1.502,-3.071,False,118.0,2605.0
schwege01w,Georgia Schweitzer,2002,MIN,30,,True,-1.283,-1.974,,False,94.0,2061.0
grubigo01w,Gordana Grubin,2002,PHO,32,,True,-0.378,-0.582,,False,68.0,1527.0
daleygr01w,Grace Daley,2002,HOU,23,1.0,True,-2.97,-2.57,-3.712,False,133.0,2984.0
maigaha01w,Hamchetou Maiga-Ba,2002,SAC,23,,True,-2.282,-3.51,,False,121.0,2729.0
luzhe01w,Helen Luz,2002,WAS,32,4.0,True,-1.398,-0.947,-2.234,False,99.0,2145.0
castriz01w,Iziane Castro Marques,2002,MIA,19,,False,-1.841,-2.833,,False,,
mooreja01w,Jackie Moore,2002,IND,18,2.0,False,-3.444,-3.05,-4.174,False,,
stileja01w,Jackie Stiles,2002,POR,21,,False,-1.056,-1.624,,False,,
reddja01w,Jamie Redd,2002,SEA,10,,False,-0.874,-1.345,,False,,
burseja01w,Janell Burse,2002,MIN,31,,True,-1.881,-2.894,,False,114.0,2477.0
arcaija01w,Janeth Arcain,2002,HOU,32,3.0,True,4.041,5.567,1.207,False,13.0,290.0
saundja01w,Jaynetta Saunders,2002,PHO,28,,True,-1.84,-2.831,,False,112.0,2448.0
azzije01w,Jennifer Azzi,2002,UTA,32,5.0,True,1.633,2.389,0.228,False,32.0,771.0
gilloje01w,Jennifer Gillom,2002,PHO,31,,True,0.965,1.484,,False,46.0,987.0
rizzoje01w,Jennifer Rizzotti,2002,CLE,26,,True,0.043,0.066,,False,62.0,1331.0
moweje01w,Jenny Mowe,2002,POR,5,,False,-2.912,-4.48,,False,,
hicksje01w,Jessie Hicks,2002,ORL,31,,True,-0.536,-0.825,,False,73.0,1589.0
chapmji01w,Jill Chapman-Daily,2002,DET,19,,False,-2.46,-3.785,,False,,
vodicka01w,Kamila Vodichkova,2002,SEA,32,2.0,True,1.572,2.652,-0.435,False,33.0,789.0
wolteka01w,Kara Wolters,2002,SAC,14,,False,-2.257,-3.472,,False,,
payeka01w,Kate Paye,2002,SEA,19,,False,-2.506,-3.855,,False,,
starbka01w,Kate Starbird,2002,"SEA,UTA",24,2.0,True,-2.799,-2.428,-3.486,False,131.0,2933.0
douglka01w,Katie Douglas,2002,ORL,32,,True,0.29,0.447,,False,56.0,1234.0
smithka01w,Katie Smith,2002,MIN,31,,True,2.564,3.945,,False,21.0,549.0
gaithka01w,Katryna Gaither,2002,"LAS,WAS",2,,False,-2.893,-4.451,,False,,
chriska01w,Kayte Christensen,2002,PHO,30,,True,-1.637,-2.518,,False,105.0,2308.0
hollake01w,Kedra Holland-Corn,2002,SAC,32,,True,-0.421,-0.647,,False,69.0,1551.0
anderke01w,Keisha Anderson,2002,CHA,7,,False,-2.421,-3.724,,False,,
gibsoke01w,Kelley Gibson,2002,HOU,29,2.0,True,-3.111,-2.998,-3.321,False,134.0,3016.0
milleke01w,Kelly Miller,2002,CHA,32,2.0,True,-0.941,0.038,-2.76,False,81.0,1834.0
santoke01w,Kelly Santos,2002,DET,12,,False,-1.453,-2.235,,False,,
schumke01w,Kelly Schumacher,2002,IND,31,3.0,True,-2.187,-2.37,-1.848,False,120.0,2684.0
brownki01w,Kiesha Brown,2002,WAS,18,2.0,False,-3.714,-3.619,-3.891,False,,
hledeko01w,Korie Hlede,2002,NYL,16,2.0,False,-3.534,-3.318,-3.934,False,,
rasmukr01w,Kristen Rasmussen,2002,MIA,31,,True,-0.532,-0.819,,False,72.0,1586.0
vealkr01w,Kristen Veal,2002,PHO,23,,True,-1.929,-2.968,,False,116.0,2521.0
harrokr01w,Kristi Harrower,2002,MIN,27,,True,-1.375,-2.115,,False,97.0,2124.0
folklkr01w,Kristin Folkl,2002,POR,32,,True,-0.661,-1.018,,False,74.0,1666.0
frettla01w,La'Keshia Frett,2002,SAC,32,,True,-1.072,-1.649,,False,86.0,1919.0
caufila01w,LaNeishea Caufield,2002,UTA,8,,False,-2.091,-3.217,,False,,
barksla01w,LaQuanda Barksdale,2002,POR,17,,False,-0.809,-1.244,,False,,
johnsla01w,LaTonya Johnson,2002,UTA,28,5.0,True,-3.135,-3.086,-3.226,False,136.0,3027.0
groomla01w,Lady Grooms,2002,SAC,32,,True,-0.899,-1.382,,False,80.0,1814.0
byearla01w,Latasha Byears,2002,LAS,26,6.0,True,1.986,1.575,2.751,True,28.0,683.0
jacksla01w,Lauren Jackson,2002,SEA,28,2.0,True,4.727,6.941,0.616,False,9.0,231.0
willile02w,Lenae Williams,2002,DET,27,,True,-2.182,-3.357,,False,119.0,2677.0
frohlli01w,Linda Frohlich,2002,NYL,16,3.0,False,-4.244,-4.214,-4.299,False,,
yamasli01w,Lindsey Yamasaki,2002,MIA,15,,False,-1.685,-2.593,,False,,
harrili01w,Lisa Harrison,2002,PHO,32,,True,-0.809,-1.245,,False,78.0,1765.0
leslili01w,Lisa Leslie,2002,LAS,31,6.0,True,11.338,9.992,13.837,True,1.0,9.0
berthlu01w,Lucienne Berthieu,2002,CLE,5,,False,-2.393,-3.681,,False,,
pridely01w,Lynn Pride,2002,MIN,31,,True,-1.155,-1.777,,False,90.0,1978.0
walsema01w,Maren Walseth,2002,WAS,18,1.0,False,-4.096,-3.906,-4.449,False,,
dydekma01w,Margo Dydek,2002,UTA,30,5.0,True,4.261,5.347,2.244,False,10.0,267.0
ferdima01w,Marie Ferdinand-Harris,2002,UTA,32,5.0,True,3.906,4.923,2.017,False,15.0,306.0
askamma01w,Marlies Askamp,2002,"LAS,MIA",26,4.0,True,-2.908,-2.403,-3.847,True,132.0,2963.0
jonesme01w,Merlakia Jones,2002,CLE,32,,True,1.662,2.557,,False,30.0,757.0
andrame01w,Mery Andrade,2002,CLE,32,,True,-1.593,-2.451,,False,103.0,2270.0
vangomi01w,Michele Van Gorp,2002,MIN,22,,False,-1.059,-1.63,,False,,
marcimi01w,Michelle Marciniak,2002,SEA,23,2.0,True,-2.607,-2.24,-3.289,False,126.0,2873.0
snowmi01w,Michelle Snow,2002,HOU,32,3.0,True,-0.995,-0.697,-1.548,False,82.0,1865.0
maxwemo01w,Monica Maxwell,2002,IND,18,2.0,False,-3.568,-3.204,-4.243,False,,
ambermo01w,Monique Ambers,2002,SAC,2,,False,-2.994,-4.607,,False,,
pagemu01w,Murriel Page,2002,WAS,32,5.0,True,0.466,0.649,0.127,False,51.0,1162.0
mabikmw01w,Mwadi Mabika,2002,LAS,32,6.0,True,9.115,8.274,10.676,True,2.0,28.0
malcona01w,Nadine Malcolm,2002,IND,29,3.0,True,-1.92,-1.513,-2.675,False,115.0,2511.0
willina01w,Natalie Williams,2002,UTA,31,5.0,True,3.285,3.845,2.245,False,18.0,399.0
mccrini01w,Nicky McCrimmon,2002,LAS,32,5.0,True,-3.12,-2.989,-3.363,True,135.0,3020.0
iveyni01w,Niele Ivey,2002,IND,31,3.0,True,-3.242,-2.742,-4.172,False,138.0,3060.0
mccrani01w,Nikki McCray,2002,IND,32,3.0,True,0.833,1.98,-1.297,False,47.0,1032.0
teaslni01w,Nikki Teasley,2002,LAS,32,6.0,True,2.815,1.656,4.968,True,20.0,481.0
salesny01w,Nykesha Sales,2002,ORL,32,,True,1.552,2.388,,False,34.0,796.0
zakalok01w,Oksana Zakaluzhnaya,2002,"DET,PHO",8,,False,-2.673,-4.113,,False,,
scottol01w,Olympia Scott,2002,IND,31,3.0,True,1.045,2.039,-0.8,False,43.0,957.0
sauerpa01w,Paige Sauer,2002,CLE,1,,False,-2.624,-4.037,,False,,
taylope01w,Penny Taylor,2002,CLE,30,,True,2.003,3.082,,False,27.0,679.0
johnspo01w,Pollyanna Johns Kimbrough,2002,MIA,31,,True,-0.176,-0.271,,False,65.0,1438.0
barnequ01w,Quacy Barnes,2002,PHO,2,,False,-2.706,-4.163,,False,,
lobore01w,Rebecca Lobo,2002,HOU,21,,False,-2.073,-3.189,,False,,
williri01w,Rita Williams,2002,"HOU,IND",29,3.0,True,-1.758,-1.608,-2.039,False,110.0,2399.0
brownru01w,Rushia Brown,2002,CLE,28,,True,-1.26,-1.939,,False,92.0,2045.0
rileyru01w,Ruth Riley,2002,MIA,26,,True,-0.674,-1.038,,False,75.0,1678.0
boltoru01w,Ruthie Bolton,2002,SAC,32,,True,0.285,0.439,,False,57.0,1238.0
brondsa01w,Sandy Brondello,2002,MIA,30,,True,-0.298,-0.458,,False,66.0,1487.0
randase01w,Semeka Randall,2002,"SEA,UTA",29,5.0,True,-0.793,0.023,-2.309,False,77.0,1751.0
enissh01w,Shalonda Enis,2002,CHA,4,1.0,False,-2.139,-1.453,-3.413,False,,
stiresh01w,Shanele Stires,2002,MIN,9,,False,-2.65,-4.077,,False,,
johnssh01w,Shannon Johnson,2002,ORL,31,,True,3.007,4.627,,False,19.0,445.0
owenssh01w,Shantia Owens,2002,CHA,2,,False,-2.797,-4.304,,False,,
gortmsh01w,Shaunzinski Gortman,2002,MIN,29,,True,-1.617,-2.487,,False,104.0,2292.0
mahonsh01w,Shea Mahoney,2002,PHO,3,,False,-2.31,-3.553,,False,,
lambesh01w,Sheila Lambert,2002,CHA,3,,False,-2.423,-3.728,,False,,
samsh01w,Sheri Sam,2002,MIA,32,,True,2.125,3.269,,False,26.0,650.0
swoopsh01w,Sheryl Swoopes,2002,HOU,32,3.0,True,8.292,9.979,5.161,False,3.0,44.0
edwarsi01w,Simone Edwards,2002,SEA,32,2.0,True,-0.369,0.904,-2.732,False,67.0,1522.0
tuvicsl01w,Slobodanka Tuvic,2002,PHO,26,,True,-1.689,-2.599,,False,108.0,2348.0
henniso01w,Sonja Henning,2002,"HOU,SEA",31,3.0,True,-2.3,-1.542,-3.708,False,123.0,2743.0
witheso01w,Sophia Witherspoon,2002,LAS,31,6.0,True,-1.29,-0.946,-1.93,True,95.0,2073.0
dalesst01w,Stacey Dales,2002,WAS,31,5.0,True,1.331,2.183,-0.251,False,40.0,867.0
fordst01w,Stacey Ford,2002,SAC,5,,False,-2.785,-4.284,,False,,
thomast01w,Stacey Thomas,2002,POR,32,,True,-0.996,-1.533,,False,83.0,1867.0
clinest01w,Stacy Clinesmith,2002,DET,12,,False,-2.003,-3.082,,False,,
birdsu01w,Sue Bird,2002,SEA,32,2.0,True,4.095,5.961,0.63,False,12.0,285.0
wickssu01w,Sue Wicks,2002,NYL,30,8.0,True,-2.573,-2.437,-2.826,False,125.0,2862.0
erbsu01w,Summer Erb,2002,CHA,31,2.0,True,-2.729,-2.342,-3.447,False,130.0,2911.0
bonfisu01w,Susanna Bonfiglio,2002,PHO,22,,False,-1.288,-1.981,,False,,
abrossv01w,Svetlana Abrosimova,2002,MIN,27,,True,1.35,2.077,,False,39.0,862.0
cashsw01w,Swin Cash,2002,DET,32,,True,2.4,3.692,,False,23.0,585.0
crawlsy01w,Sylvia Crawley,2002,POR,32,,True,0.16,0.247,,False,61.0,1288.0
mcwilta01w,Taj McWilliams-Franklin,2002,ORL,13,,False,0.6,0.923,,False,,
lewista01w,Takeisha Lewis,2002,SEA,14,,False,-2.222,-3.419,,False,,
mooreta01w,Tamara Moore,2002,"MIA,MIN",31,,True,-0.049,-0.075,,False,64.0,1376.0
dixonta01w,Tamecka Dixon,2002,LAS,30,5.0,True,4.844,4.249,5.949,True,8.0,217.0
jacksta02w,Tamicha Jackson,2002,POR,32,,True,0.435,0.67,,False,52.0,1167.0
catchta01w,Tamika Catchings,2002,IND,32,3.0,True,5.894,7.334,3.22,False,6.0,134.0
whitmta01w,Tamika Whitmore,2002,NYL,32,8.0,True,3.971,3.537,4.776,False,14.0,299.0
willita02w,Tamika Williams,2002,MIN,31,,True,1.445,2.223,,False,35.0,826.0
jacksta01w,Tammy Jackson,2002,HOU,5,,False,-2.1,-3.231,,False,,
suttota01w,Tammy Sutton-Brown,2002,CHA,32,2.0,True,2.386,3.908,-0.44,False,24.0,588.0
smithta01w,Tangela Smith,2002,SAC,32,,True,1.353,2.081,,False,38.0,861.0
phillta01w,Tari Phillips,2002,NYL,32,8.0,True,5.011,5.289,4.495,False,7.0,201.0
millsta01w,Tausha Mills,2002,WAS,4,,False,-2.851,-4.386,,False,,
weathte01w,Teresa Weatherspoon,2002,NYL,32,8.0,True,0.303,-0.314,1.448,False,55.0,1229.0
penicti01w,Ticha Penicheiro,2002,SAC,24,,True,0.546,0.841,,False,50.0,1126.0
johnsti01w,Tiffani Johnson,2002,HOU,32,3.0,True,0.825,2.306,-1.925,False,48.0,1036.0
mccaiti01w,Tiffany McCain,2002,ORL,16,,False,-2.829,-4.352,,False,,
thompti01w,Tina Thompson,2002,HOU,29,3.0,True,7.25,9.569,2.942,False,4.0,73.0
edwarto01w,Tonya Edwards,2002,CHA,29,2.0,True,-2.629,-2.061,-3.682,False,127.0,2881.0
washito01w,Tonya Massaline,2002,WAS,25,4.0,True,-2.71,-2.664,-2.796,False,129.0,2903.0
hendetr01w,Tracy Henderson,2002,CLE,23,,True,-2.287,-3.519,,False,122.0,2733.0
reidtr01w,Tracy Reid,2002,PHO,24,,True,-1.482,-2.28,,False,101.0,2197.0
badertr01w,Tricia Bader Binford,2002,CLE,18,,False,-2.606,-4.01,,False,,
stafftr01w,Trisha Stafford-Odom,2002,MIA,6,,False,-2.374,-3.652,,False,,
beviltu01w,Tully Bevilaqua,2002,POR,27,,True,-1.567,-2.411,,False,102.0,2249.0
lewisty01w,Tynesha Lewis,2002,HOU,17,,False,-1.945,-2.992,,False,,
figgsuk01w,Ukari Figgs,2002,POR,31,,True,0.214,0.329,,False,59.0,1264.0
whitiva01w,Val Whiting-Raymond,2002,MIN,6,,False,-2.013,-3.097,,False,,
nygaava01w,Vanessa Nygaard,2002,MIA,29,,True,-1.382,-2.126,,False,98.0,2129.0
grginve01w,Vedrana Grgin-Fonseca,2002,LAS,12,1.0,False,-3.438,-3.048,-4.163,True,,
hallvi01w,Vicki Hall,2002,LAS,3,,False,-2.017,-3.102,,False,,
johnsvi01w,Vickie Johnson,2002,NYL,31,8.0,True,3.385,3.408,3.343,False,17.0,377.0
bullevi01w,Vicky Bullett,2002,WAS,32,5.0,True,0.979,2.248,-1.378,False,45.0,981.0
palmewe01w,Wendy Palmer,2002,"DET,ORL",32,,True,1.355,2.084,,False,37.0,860.0
griffyo01w,Yolanda Griffith,2002,SAC,17,,False,3.027,4.656,,False,,
klimezu01w,Zuzi Klimesova,2002,IND,11,,False,-2.796,-4.301,,False,,
barnead01w,Adia Barnes,2003,SEA,16,,False,-0.008,-0.013,,False,,
williad01w,Adrian Williams-Strong,2003,PHO,34,,True,0.19,0.293,,False,51.0,1274.0
goodsad01w,Adrienne Goodson,2003,SAS,33,,True,0.71,1.092,,False,43.0,1076.0
johnsad01w,Adrienne Johnson,2003,CON,34,3.0,True,-2.183,-1.914,-2.682,False,105.0,2678.0
smithai01w,Aiysha Smith,2003,WAS,31,,True,-1.961,-3.017,,False,98.0,2544.0
burraal01w,Alisa Burras,2003,SEA,27,,True,-1.392,-2.141,,False,80.0,2139.0
feastal01w,Allison Feaster,2003,CHA,34,2.0,True,1.562,2.969,-1.05,False,33.0,793.0
lassiam01w,Amanda Lassiter,2003,SEA,32,,True,-0.051,-0.078,,False,54.0,1378.0
stinsan01w,Andrea Stinson,2003,CHA,34,2.0,True,2.055,2.833,0.611,False,27.0,667.0
deforan01w,Anna DeForge,2003,PHO,34,,True,0.31,0.476,,False,48.0,1226.0
burgean01w,Annie La Fleur,2003,WAS,34,,True,-1.468,-2.259,,False,82.0,2186.0
jonesas01w,Asjha Jones,2003,WAS,34,,True,-0.304,-0.468,,False,59.0,1491.0
ndiayas01w,Astou Ndiaye-Diatta,2003,DET,11,2.0,False,-3.53,-3.241,-4.067,True,,
walkeay01w,Ayana Walker,2003,DET,34,4.0,True,-3.2,-2.987,-3.596,True,124.0,3050.0
farriba01w,Barbara Farris,2003,DET,34,8.0,True,-1.26,-1.317,-1.155,True,78.0,2044.0
hammobe01w,Becky Hammon,2003,NYL,11,,False,2.302,3.541,,False,,
donapbe01w,Bethany Donaphin,2003,NYL,1,,False,-2.902,-4.464,,False,,
lennobe01w,Betty Lennox,2003,CLE,34,3.0,True,-0.594,-0.017,-1.665,False,65.0,1625.0
pettibr01w,Bridget Pettis,2003,IND,31,,True,-2.309,-3.552,,False,109.0,2747.0
wyckobr01w,Brooke Wyckoff,2003,CON,34,4.0,True,-1.509,-1.22,-2.046,False,84.0,2214.0
holdsch01w,Chamique Holdsclaw,2003,WAS,27,,True,3.48,5.354,,False,17.0,369.0
johnsch01w,Chandra Johnson,2003,LAS,8,,False,-2.478,-3.813,,False,,
anderch01w,Chantelle Anderson,2003,SAC,26,5.0,True,-3.596,-3.427,-3.91,False,128.0,3147.0
smithch02w,Charlotte Smith,2003,CHA,27,2.0,True,-2.626,-2.125,-3.556,False,116.0,2879.0
smithch03w,Charmin Smith,2003,PHO,4,,False,-2.729,-4.198,,False,,
melvich01w,Chasity Melvin,2003,CLE,34,3.0,True,3.572,4.588,1.685,False,15.0,353.0
fordch01w,Cheryl Ford,2003,DET,32,8.0,True,5.231,5.658,4.438,True,7.0,178.0
milleco01w,Coco Miller,2003,WAS,33,,True,0.332,0.512,,False,47.0,1218.0
washico01w,Coquese Washington,2003,IND,20,,False,-1.366,-2.102,,False,,
brownco01w,Coretta Brown,2003,IND,30,,True,-0.746,-1.147,,False,70.0,1718.0
colemco01w,Courtney Coleman,2003,CON,20,,False,-2.169,-3.336,,False,,
robincr01w,Crystal Robinson,2003,NYL,33,,True,1.039,1.598,,False,39.0,962.0
coopecy01w,Cynthia Cooper,2003,HOU,4,,False,3.654,5.622,,False,,
ivanyda01w,Dalma Ivanyi,2003,PHO,4,,False,-2.271,-3.494,,False,,
mcculda01w,Danielle McCulley,2003,SEA,7,,False,-2.836,-4.362,,False,,
staleda01w,Dawn Staley,2003,CHA,34,2.0,True,0.401,1.35,-1.361,False,46.0,1183.0
miltode01w,DeLisha Milton-Jones,2003,LAS,31,9.0,True,5.283,4.797,6.185,False,6.0,173.0
walkede01w,DeMya Walker,2003,SAC,34,6.0,True,1.324,1.897,0.26,False,34.0,868.0
jacksde01w,Deanna Jackson,2003,CLE,34,3.0,True,-0.526,0.36,-2.17,False,63.0,1581.0
nolande01w,Deanna Nolan,2003,DET,32,8.0,True,5.705,4.861,7.273,True,4.0,149.0
blackde01w,Debbie Black,2003,CON,34,4.0,True,-3.279,-3.064,-3.677,False,125.0,3071.0
cantydo01w,Dominique Canty,2003,HOU,32,3.0,True,-0.742,0.014,-2.147,False,69.0,1713.0
campbed01w,Edna Campbell,2003,SAC,34,6.0,True,-0.128,0.554,-1.393,False,55.0,1414.0
curryed01w,Edniesha Curry,2003,PHO,20,,False,-2.294,-3.53,,False,,
browned01w,Edwina Brown,2003,PHO,34,,True,-1.683,-2.589,,False,90.0,2342.0
powelel01w,Elaine Powell,2003,DET,33,8.0,True,2.573,2.888,1.989,True,23.0,545.0
baranel01w,Elena Baranova,2003,NYL,33,,True,0.706,1.086,,False,44.0,1080.0
perpeer01w,Erin Perperoglou,2003,CHA,14,,False,-2.627,-4.042,,False,,
thorner01w,Erin Thorn,2003,NYL,23,,False,-2.148,-3.305,,False,,
raglafe01w,Felicia Ragland,2003,PHO,3,,False,-2.411,-3.71,,False,,
schwege01w,Georgia Schweitzer,2003,MIN,16,,False,-2.354,-3.622,,False,,
slavtge01w,Gergana Slavtcheva,2003,PHO,2,,False,-2.902,-4.464,,False,,
daleygr01w,Grace Daley,2003,PHO,3,,False,-2.506,-3.855,,False,,
jacksgw01w,Gwen Jackson,2003,SAS,33,,True,-0.166,-0.256,,False,57.0,1435.0
maigaha01w,Hamchetou Maiga-Ba,2003,SAC,22,4.0,False,-3.337,-2.987,-3.988,False,,
darlihe01w,Helen Darling,2003,CLE,34,3.0,True,-1.029,-0.487,-2.037,False,75.0,1885.0
luzhe01w,Helen Luz,2003,WAS,20,,False,-1.9,-2.924,,False,,
umohit01w,Itoro Umoh-Coleman,2003,HOU,3,,False,-2.902,-4.464,,False,,
castriz01w,Iziane Castro Marques,2003,PHO,16,,False,-1.7,-2.615,,False,,
burseja01w,Janell Burse,2003,MIN,29,3.0,True,-0.787,0.041,-2.325,False,71.0,1748.0
arcaija01w,Janeth Arcain,2003,HOU,34,3.0,True,3.189,4.306,1.113,False,19.0,409.0
azzije01w,Jennifer Azzi,2003,SAS,34,,True,-0.53,-0.816,,False,64.0,1585.0
gilloje01w,Jennifer Gillom,2003,LAS,33,6.0,True,-2.96,-2.313,-4.16,False,122.0,2978.0
rizzoje01w,Jennifer Rizzotti,2003,CLE,33,3.0,True,-2.819,-2.708,-3.024,False,119.0,2936.0
moweje01w,Jenny Mowe,2003,LAS,1,,False,-2.715,-4.177,,False,,
hicksje01w,Jessie Hicks,2003,CON,27,4.0,True,-2.594,-2.291,-3.156,False,114.0,2868.0
pennjo01w,Jocelyn Penn,2003,WAS,30,,True,-1.832,-2.818,,False,94.0,2439.0
adamsjo01w,Jordan Adams,2003,MIN,10,,False,-1.46,-2.246,,False,,
sunmiju01w,Jung Sun-Min,2003,SEA,17,,False,-2.26,-3.477,,False,,
sharpkb01w,K.B. Sharp,2003,NYL,30,,True,-1.602,-2.465,,False,86.0,2276.0
vodicka01w,Kamila Vodichkova,2003,SEA,28,,True,1.873,2.881,,False,29.0,713.0
lawsoka01w,Kara Lawson,2003,SAC,34,6.0,True,0.24,0.996,-1.164,False,49.0,1255.0
douglka01w,Katie Douglas,2003,CON,28,4.0,True,1.184,2.182,-0.669,False,36.0,907.0
smithka01w,Katie Smith,2003,MIN,34,3.0,True,4.239,5.925,1.108,False,13.0,273.0
chriska01w,Kayte Christensen,2003,PHO,30,,True,-0.853,-1.312,,False,72.0,1791.0
hollake01w,Kedra Holland-Corn,2003,DET,34,8.0,True,1.834,1.831,1.84,True,30.0,722.0
gibsoke01w,Kelley Gibson,2003,HOU,26,2.0,True,-3.629,-3.457,-3.949,False,129.0,3156.0
milleke01w,Kelly Miller,2003,CHA,34,2.0,True,-1.702,-1.032,-2.947,False,91.0,2361.0
schumke01w,Kelly Schumacher,2003,IND,34,,True,-0.645,-0.992,,False,67.0,1654.0
brownki01w,Kiesha Brown,2003,WAS,27,,True,-2.035,-3.13,,False,99.0,2594.0
rasmukr01w,Kristen Rasmussen,2003,IND,33,,True,-0.151,-0.233,,False,56.0,1424.0
harrokr01w,Kristi Harrower,2003,MIN,31,3.0,True,-2.457,-2.205,-2.926,False,111.0,2821.0
frettla01w,La'Keshia Frett,2003,SAC,24,1.0,True,-3.669,-3.42,-4.13,False,130.0,3165.0
barksla01w,LaQuanda Barksdale,2003,SAS,26,,True,-2.097,-3.226,,False,104.0,2639.0
johnsla01w,LaTonya Johnson,2003,SAS,31,,True,-2.31,-3.554,,False,110.0,2748.0
thomala01w,LaToya Thomas,2003,CLE,32,3.0,True,2.248,2.916,1.009,False,26.0,617.0
groomla01w,Lady Grooms,2003,SAC,34,6.0,True,-2.628,-2.289,-3.256,False,117.0,2880.0
byearla01w,Latasha Byears,2003,LAS,5,,False,-0.394,-0.607,,False,,
jacksla01w,Lauren Jackson,2003,SEA,33,,True,6.782,10.434,,False,2.0,90.0
azizle01w,Leigh Aziz,2003,IND,7,,False,-2.29,-3.523,,False,,
frohlli01w,Linda Frohlich,2003,NYL,26,,True,-1.647,-2.534,,False,88.0,2313.0
yamasli01w,Lindsey Yamasaki,2003,NYL,24,,True,-2.587,-3.98,,False,113.0,2867.0
harrili01w,Lisa Harrison,2003,PHO,33,,True,-1.312,-2.018,,False,79.0,2087.0
leslili01w,Lisa Leslie,2003,LAS,23,9.0,False,8.706,7.881,10.24,False,,
berthlu01w,Lucienne Berthieu,2003,CLE,22,3.0,False,-2.605,-2.08,-3.582,False,,
pridely01w,Lynn Pride,2003,"LAS,MIN",17,6.0,False,-3.693,-3.626,-3.819,False,,
amachma01w,Mactabene Amachree,2003,SEA,7,,False,-2.225,-3.423,,False,,
dydekma01w,Margo Dydek,2003,SAS,34,,True,1.178,1.812,,False,37.0,911.0
ferdima01w,Marie Ferdinand-Harris,2003,SAS,34,,True,0.941,1.447,,False,41.0,996.0
brumfma01w,Marla Brumfield,2003,CHA,25,2.0,True,-3.986,-3.874,-4.194,False,131.0,3228.0
jonesme01w,Merlakia Jones,2003,CLE,34,3.0,True,-1.753,-1.006,-3.139,False,93.0,2396.0
udokamf01w,Mfon Udoka,2003,HOU,25,1.0,True,-2.721,-2.203,-3.683,False,118.0,2906.0
pavlimi01w,Michaela Pavlickova,2003,PHO,8,,False,-2.599,-3.998,,False,,
vangomi01w,Michele Van Gorp,2003,MIN,31,3.0,True,-1.625,-0.854,-3.056,False,87.0,2298.0
snowmi01w,Michelle Snow,2003,HOU,34,3.0,True,2.777,3.943,0.609,False,21.0,491.0
pagemu01w,Murriel Page,2003,WAS,34,,True,-1.199,-1.845,,False,77.0,1999.0
mabikmw01w,Mwadi Mabika,2003,LAS,32,9.0,True,4.668,4.226,5.49,False,11.0,233.0
sanfona01w,Nakia Sanford,2003,WAS,17,,False,-1.914,-2.945,,False,,
willina01w,Natalie Williams,2003,IND,34,,True,2.395,3.685,,False,24.0,586.0
yilmane01w,Nevriye Yilmaz,2003,PHO,5,,False,-1.995,-3.069,,False,,
mccrini01w,Nicky McCrimmon,2003,LAS,33,7.0,True,-3.147,-2.931,-3.548,False,123.0,3033.0
iveyni01w,Niele Ivey,2003,IND,27,,True,-0.881,-1.355,,False,73.0,1805.0
mccrani01w,Nikki McCray,2003,IND,34,,True,-1.52,-2.339,,False,85.0,2223.0
teaslni01w,Nikki Teasley,2003,LAS,34,9.0,True,4.327,4.664,3.701,False,12.0,259.0
salesny01w,Nykesha Sales,2003,CON,34,4.0,True,2.795,3.96,0.63,False,20.0,487.0
blueoc01w,Octavia Blue,2003,HOU,16,1.0,False,-4.398,-4.29,-4.598,False,,
taylope01w,Penny Taylor,2003,CLE,34,3.0,True,2.614,3.481,1.004,False,22.0,538.0
ujhelpe01w,Petra Ujhelyi,2003,DET,14,,False,-2.641,-4.064,,False,,
pierspl01w,Plenette Pierson,2003,PHO,33,,True,-1.151,-1.77,,False,76.0,1972.0
johnspo01w,Pollyanna Johns Kimbrough,2003,CLE,30,3.0,True,-2.575,-2.047,-3.555,False,112.0,2863.0
lobore01w,Rebecca Lobo,2003,CON,25,2.0,True,-2.947,-2.993,-2.862,False,121.0,2974.0
mapprh01w,Rhonda Mapp,2003,LAS,24,,True,-1.508,-2.32,,False,83.0,2213.0
williri01w,Rita Williams,2003,SEA,32,,True,-1.709,-2.63,,False,92.0,2366.0
brownru01w,Rushia Brown,2003,CHA,34,2.0,True,-2.294,-1.97,-2.895,False,106.0,2735.0
rileyru01w,Ruth Riley,2003,DET,34,8.0,True,4.76,4.051,6.077,True,9.0,227.0
boltoru01w,Ruthie Bolton,2003,SAC,33,6.0,True,-2.086,-1.62,-2.951,False,103.0,2630.0
brondsa01w,Sandy Brondello,2003,SEA,34,,True,0.802,1.234,,False,42.0,1048.0
randase01w,Semeka Randall,2003,SAS,33,,True,-1.898,-2.92,,False,95.0,2495.0
enissh01w,Shalonda Enis,2003,CHA,29,2.0,True,0.209,1.069,-1.388,False,50.0,1266.0
johnssh01w,Shannon Johnson,2003,CON,34,4.0,True,2.314,3.134,0.791,False,25.0,601.0
willish01w,Shaquala Williams,2003,LAS,25,4.0,True,-3.446,-3.022,-4.233,False,126.0,3116.0
gortmsh01w,Shaunzinski Gortman,2003,MIN,24,,True,-1.949,-2.998,,False,96.0,2539.0
lambesh01w,Sheila Lambert,2003,DET,27,7.0,True,-2.863,-2.398,-3.725,True,120.0,2944.0
samsh01w,Sheri Sam,2003,MIN,34,3.0,True,1.077,2.281,-1.157,False,38.0,940.0
swoopsh01w,Sheryl Swoopes,2003,HOU,31,3.0,True,5.839,7.046,3.597,False,3.0,141.0
edwarsi01w,Simone Edwards,2003,SEA,34,,True,-0.439,-0.676,,False,62.0,1560.0
tuvicsl01w,Slobodanka Tuvic,2003,PHO,17,,False,-0.556,-0.856,,False,,
henniso01w,Sonja Henning,2003,"IND,WAS",24,,True,-2.304,-3.544,,False,107.0,2744.0
malloso01w,Sonja Mallory,2003,PHO,6,,False,-2.209,-3.398,,False,,
witheso01w,Sophia Witherspoon,2003,LAS,23,5.0,False,-3.402,-3.073,-4.014,False,,
dalesst01w,Stacey Dales,2003,WAS,34,,True,-0.208,-0.32,,False,58.0,1448.0
thomast01w,Stacey Thomas,2003,"DET,PHO",30,4.0,True,-3.489,-3.148,-4.121,True,127.0,3124.0
mccarst01w,Stephanie White,2003,IND,28,,True,-0.364,-0.56,,False,61.0,1520.0
birdsu01w,Sue Bird,2003,SEA,34,,True,3.507,5.395,,False,16.0,366.0
abrossv01w,Svetlana Abrosimova,2003,MIN,30,3.0,True,0.993,2.351,-1.531,False,40.0,975.0
cashsw01w,Swin Cash,2003,DET,33,8.0,True,8.583,8.16,9.369,True,1.0,38.0
crawlsy01w,Sylvia Crawley,2003,SAS,33,,True,-1.647,-2.534,,False,89.0,2314.0
dillata01w,Tai Dillard,2003,SAS,24,,True,-2.307,-3.549,,False,108.0,2746.0
mcwilta01w,Taj McWilliams-Franklin,2003,CON,34,4.0,True,1.965,1.847,2.182,False,28.0,688.0
mooreta01w,Tamara Moore,2003,"DET,PHO",26,,True,-2.051,-3.155,,False,100.0,2603.0
dixonta01w,Tamecka Dixon,2003,LAS,30,9.0,True,4.135,4.203,4.007,False,14.0,281.0
jacksta02w,Tamicha Jackson,2003,PHO,34,,True,-0.338,-0.519,,False,60.0,1506.0
catchta01w,Tamika Catchings,2003,IND,34,,True,4.76,7.323,,False,10.0,228.0
whitmta01w,Tamika Whitmore,2003,NYL,33,,True,0.101,0.156,,False,52.0,1307.0
willita02w,Tamika Williams,2003,MIN,34,,True,1.242,1.91,,False,35.0,885.0
suttota01w,Tammy Sutton-Brown,2003,CHA,34,2.0,True,0.001,1.259,-2.337,False,53.0,1349.0
smithta01w,Tangela Smith,2003,SAC,34,6.0,True,3.466,4.242,2.024,False,18.0,370.0
phillta01w,Tari Phillips,2003,NYL,33,,True,1.754,2.698,,False,31.0,733.0
millsta01w,Tausha Mills,2003,SAS,29,,True,-2.051,-3.155,,False,101.0,2604.0
mckivte01w,Teana Miller,2003,CHA,31,2.0,True,-2.595,-1.987,-3.725,False,115.0,2870.0
edwarte01w,Teresa Edwards,2003,MIN,34,3.0,True,-0.595,0.019,-1.737,False,66.0,1626.0
weathte01w,Teresa Weatherspoon,2003,NYL,34,,True,-0.93,-1.431,,False,74.0,1828.0
penicti01w,Ticha Penicheiro,2003,SAC,34,6.0,True,0.538,1.626,-1.483,False,45.0,1131.0
johnsti01w,Tiffani Johnson,2003,HOU,22,3.0,False,-2.303,-1.637,-3.541,False,,
thompti01w,Tina Thompson,2003,HOU,28,3.0,True,5.326,6.882,2.436,False,5.0,169.0
washito01w,Tonya Massaline,2003,"SEA,WAS",24,,True,-2.067,-3.181,,False,102.0,2622.0
hendetr01w,Tracy Henderson,2003,CLE,11,1.0,False,-4.15,-4.066,-4.307,False,,
reidtr01w,Tracy Reid,2003,PHO,2,,False,-2.494,-3.836,,False,,
beviltu01w,Tully Bevilaqua,2003,SEA,31,,True,-1.953,-3.005,,False,97.0,2542.0
lewisty01w,Tynesha Lewis,2003,CHA,23,2.0,False,-2.55,-2.438,-2.759,False,,
figgsuk01w,Ukari Figgs,2003,HOU,34,3.0,True,-0.704,-0.202,-1.638,False,68.0,1695.0
nygaava01w,Vanessa Nygaard,2003,LAS,11,5.0,False,-2.537,-2.083,-3.378,False,,
johnsvi01w,Vickie Johnson,2003,NYL,32,,True,1.691,2.601,,False,32.0,748.0
palmewe01w,Wendy Palmer,2003,CON,32,4.0,True,-1.445,-1.458,-1.42,False,81.0,2176.0
griffyo01w,Yolanda Griffith,2003,SAC,34,6.0,True,4.987,5.594,3.859,False,8.0,204.0
zirkozu01w,Zuzana Zirkova,2003,WAS,6,,False,-2.259,-3.476,,False,,
klimezu01w,Zuzi Klimesova,2003,IND,1,,False,-2.313,-3.559,,False,,
barnead01w,Adia Barnes,2004,SEA,34,6.0,True,-2.896,-2.692,-3.276,True,106.0,2959.0
williad01w,Adrian Williams-Strong,2004,"PHO,SAS",23,,False,-1.274,-1.96,,False,,
goodsad01w,Adrienne Goodson,2004,SAS,34,,True,0.273,0.421,,False,44.0,1243.0
bibrzag01w,Agnieszka Bibrzycka,2004,SAS,24,,True,-1.15,-1.769,,False,66.0,1971.0
smithai01w,Aiysha Smith,2004,WAS,29,3.0,True,-2.378,-2.111,-2.874,False,99.0,2779.0
beardal01w,Alana Beard,2004,WAS,34,3.0,True,1.393,1.888,0.474,False,34.0,847.0
thompal01w,Alicia Thompson,2004,SEA,23,8.0,False,-2.088,-3.041,-0.318,True,,
feastal01w,Allison Feaster,2004,CHA,33,,True,0.485,0.746,,False,41.0,1152.0
lassiam01w,Amanda Lassiter,2004,MIN,33,2.0,True,-1.924,-1.556,-2.609,False,87.0,2519.0
jacobam01w,Amber Jacobs,2004,MIN,32,2.0,True,-2.595,-2.323,-3.1,False,103.0,2869.0
carteam01w,Amisha Carter,2004,DET,2,,False,-2.439,-3.752,,False,,
stinsan01w,Andrea Stinson,2004,CHA,34,,True,-0.706,-1.087,,False,59.0,1696.0
wautean01w,Ann Wauters,2004,NYL,13,,False,-0.216,-0.332,,False,,
deforan01w,Anna DeForge,2004,PHO,34,,True,2.68,4.124,,False,20.0,515.0
robinas01w,Ashley Robinson,2004,PHO,19,,False,-2.538,-3.905,,False,,
jonesas01w,Asjha Jones,2004,CON,34,8.0,True,0.172,0.004,0.485,False,45.0,1283.0
ndiayas01w,Astou Ndiaye-Diatta,2004,IND,10,,False,-2.403,-3.697,,False,,
walkeay01w,Ayana Walker,2004,DET,18,2.0,False,-3.902,-3.664,-4.345,False,,
farriba01w,Barbara Farris,2004,DET,26,3.0,True,-1.824,-1.624,-2.195,False,83.0,2435.0
hammobe01w,Becky Hammon,2004,NYL,34,5.0,True,2.277,3.248,0.472,False,24.0,611.0
donapbe01w,Bethany Donaphin,2004,NYL,26,5.0,True,-1.868,-1.577,-2.407,False,85.0,2466.0
lennobe01w,Betty Lennox,2004,SEA,32,8.0,True,6.12,4.383,9.345,True,4.0,117.0
futreca01w,Candace Futrell,2004,CON,20,2.0,False,-3.472,-3.176,-4.022,False,,
holdsch01w,Chamique Holdsclaw,2004,WAS,23,,False,3.671,5.648,,False,,
jonesch01w,Chandi Jones,2004,DET,31,2.0,True,-2.78,-2.254,-3.758,False,105.0,2929.0
anderch01w,Chantelle Anderson,2004,SAC,30,2.0,True,-3.267,-2.955,-3.847,False,110.0,3068.0
smithch02w,Charlotte Smith,2004,CHA,34,,True,-0.22,-0.338,,False,50.0,1453.0
melvich01w,Chasity Melvin,2004,WAS,34,3.0,True,-0.411,-0.405,-0.421,False,53.0,1543.0
fordch01w,Cheryl Ford,2004,DET,31,3.0,True,2.711,3.39,1.452,False,19.0,509.0
thomach01w,Christi Thomas,2004,LAS,31,3.0,True,-0.552,-0.125,-1.345,False,55.0,1602.0
milleco01w,Coco Miller,2004,WAS,33,3.0,True,-2.128,-1.711,-2.901,False,93.0,2653.0
brownco01w,Coretta Brown,2004,IND,26,,True,-1.24,-1.907,,False,68.0,2030.0
robincr01w,Crystal Robinson,2004,NYL,28,5.0,True,1.895,2.066,1.579,False,29.0,708.0
staleda01w,Dawn Staley,2004,CHA,34,,True,0.084,0.13,,False,46.0,1313.0
miltode01w,DeLisha Milton-Jones,2004,LAS,19,,False,1.854,2.852,,False,,
walkede01w,DeMya Walker,2004,SAC,34,6.0,True,1.601,1.722,1.375,False,31.0,783.0
whitede01w,DeTrina White,2004,NYL,31,5.0,True,-2.768,-2.228,-3.769,False,104.0,2925.0
jacksde01w,Deanna Jackson,2004,IND,34,,True,0.012,0.018,,False,47.0,1346.0
nolande01w,Deanna Nolan,2004,DET,34,3.0,True,3.045,3.814,1.617,False,15.0,436.0
blackde01w,Debbie Black,2004,CON,31,8.0,True,-3.077,-2.953,-3.308,False,108.0,3012.0
tauradi01w,Diana Taurasi,2004,PHO,34,,True,3.78,5.816,,False,12.0,323.0
cantydo01w,Dominique Canty,2004,HOU,32,,True,-0.398,-0.613,,False,52.0,1537.0
hodgedo01w,Doneeka Lewis,2004,LAS,24,3.0,True,-3.395,-3.223,-3.715,False,112.0,3101.0
hoffmeb01w,Ebony Hoffman,2004,IND,30,,True,-1.738,-2.673,,False,82.0,2389.0
campbed01w,Edna Campbell,2004,SAC,22,6.0,False,-2.469,-2.493,-2.425,False,,
powelel01w,Elaine Powell,2004,DET,30,3.0,True,-0.735,-0.475,-1.218,False,60.0,1710.0
baranel01w,Elena Baranova,2004,NYL,34,5.0,True,1.943,2.805,0.342,False,28.0,692.0
thorner01w,Erin Thorn,2004,NYL,17,2.0,False,-3.67,-3.474,-4.036,False,,
raglafe01w,Felicia Ragland,2004,HOU,34,,True,-1.356,-2.087,,False,71.0,2113.0
mendigi01w,Giuliana Mendiola,2004,SAC,6,,False,-2.167,-3.334,,False,,
grubigo01w,Gordana Grubin,2004,HOU,5,,False,-2.84,-4.369,,False,,
jacksgw01w,Gwen Jackson,2004,"PHO,SAS",33,,True,-1.458,-2.243,,False,74.0,2183.0
slauggw01w,Gwen Slaughter,2004,MIN,3,,False,-2.702,-4.157,,False,,
maigaha01w,Hamchetou Maiga-Ba,2004,SAC,34,6.0,True,-2.402,-1.734,-3.643,False,100.0,2794.0
darlihe01w,Helen Darling,2004,MIN,33,2.0,True,-1.206,-0.48,-2.555,False,67.0,2004.0
tilliic01w,Iciss Tillis,2004,DET,31,3.0,True,-3.216,-2.825,-3.942,False,109.0,3054.0
sanchis01w,Isabel Sanchez,2004,DET,10,,False,-2.131,-3.278,,False,,
kingija01w,Jae Kingi-Cross,2004,"DET,PHO",18,,False,-2.285,-3.516,,False,,
burseja01w,Janell Burse,2004,SEA,29,8.0,True,-0.661,-0.438,-1.075,True,58.0,1665.0
derevje01w,Jennifer Derevjanik,2004,CON,23,1.0,False,-4.092,-3.926,-4.401,False,,
brungje01w,Jessica Brungo,2004,CON,33,8.0,True,-3.37,-3.324,-3.454,False,111.0,3094.0
hicksje01w,Jessie Hicks,2004,SAS,27,,True,-1.393,-2.143,,False,73.0,2140.0
perkiji01w,Jia Perkins,2004,CHA,4,,False,-2.637,-4.057,,False,,
pennjo01w,Jocelyn Penn,2004,SAS,1,,False,-1.502,-2.31,,False,,
sharpkb01w,K.B. Sharp,2004,NYL,30,5.0,True,-3.77,-3.662,-3.97,False,113.0,3192.0
choneka01w,Kaayla Chones,2004,WAS,13,2.0,False,-3.52,-3.167,-4.177,False,,
vodicka01w,Kamila Vodichkova,2004,SEA,34,8.0,True,2.259,2.186,2.395,True,25.0,613.0
lawsoka01w,Kara Lawson,2004,SAC,34,6.0,True,0.892,1.248,0.232,False,37.0,1013.0
starbka01w,Kate Starbird,2004,IND,12,,False,-2.203,-3.389,,False,,
douglka01w,Katie Douglas,2004,CON,34,8.0,True,2.669,2.494,2.994,False,21.0,520.0
smithka01w,Katie Smith,2004,MIN,23,,False,4.488,6.904,,False,,
chriska01w,Kayte Christensen,2004,PHO,32,,True,-2.011,-3.095,,False,90.0,2569.0
hollake01w,Kedra Holland-Corn,2004,HOU,27,,True,-0.127,-0.195,,False,49.0,1412.0
mazzake01w,Kelly Mazzante,2004,CHA,34,,True,-2.155,-3.315,,False,95.0,2671.0
milleke01w,Kelly Miller,2004,IND,34,,True,1.564,2.406,,False,32.0,792.0
schumke01w,Kelly Schumacher,2004,IND,32,,True,-0.046,-0.071,,False,48.0,1374.0
brownki01w,Kiesha Brown,2004,WAS,26,2.0,True,-2.364,-1.724,-3.552,False,98.0,2771.0
rasmukr01w,Kristen Rasmussen,2004,IND,33,,True,-0.575,-0.885,,False,56.0,1617.0
frettla01w,La'Keshia Frett,2004,"CHA,NYL",26,5.0,True,-1.561,-1.848,-1.027,False,76.0,2246.0
johnsla01w,LaTonya Johnson,2004,HOU,6,,False,-2.633,-4.051,,False,,
thomala01w,LaToya Thomas,2004,SAS,31,,True,0.717,1.104,,False,38.0,1072.0
groomla01w,Lady Grooms,2004,SAC,28,1.0,True,-3.803,-3.529,-4.313,False,114.0,3199.0
macchla01w,Laura Macchi,2004,LAS,25,1.0,True,-1.275,-0.468,-2.773,False,69.0,2058.0
jacksla01w,Lauren Jackson,2004,SEA,31,8.0,True,11.94,10.517,14.582,True,1.0,6.0
willile01w,Le'coe Willingham,2004,CON,23,8.0,False,-2.544,-2.433,-2.751,False,,
tayloli01w,Lindsay Taylor,2004,PHO,5,,False,-2.621,-4.032,,False,,
whaleli01w,Lindsay Whalen,2004,CON,31,8.0,True,3.068,2.094,4.878,False,14.0,433.0
leslili01w,Lisa Leslie,2004,LAS,34,3.0,True,6.952,9.526,2.172,False,2.0,84.0
berthlu01w,Lucienne Berthieu,2004,HOU,16,,False,-1.952,-3.003,,False,,
stevema01w,Mandisa Stevenson,2004,SAS,29,,True,-2.459,-3.783,,False,101.0,2823.0
dydekma01w,Margo Dydek,2004,SAS,34,,True,-0.836,-1.286,,False,63.0,1780.0
ferdima01w,Marie Ferdinand-Harris,2004,SAS,17,,False,0.358,0.551,,False,,
jonesme01w,Merlakia Jones,2004,DET,33,3.0,True,-1.579,-1.393,-1.923,False,78.0,2256.0
andrame01w,Mery Andrade,2004,CHA,12,,False,-2.574,-3.96,,False,,
udokamf01w,Mfon Udoka,2004,LAS,3,,False,-2.741,-4.217,,False,,
vangomi01w,Michele Van Gorp,2004,MIN,8,,False,-1.828,-2.812,,False,,
grecomi01w,Michelle Greco,2004,SEA,13,4.0,False,-3.354,-3.001,-4.01,True,,
snowmi01w,Michelle Snow,2004,HOU,31,,True,1.424,2.191,,False,33.0,833.0
cokermo01w,Monique Coker,2004,LAS,3,,False,-2.333,-3.589,,False,,
pagemu01w,Murriel Page,2004,WAS,33,3.0,True,-1.983,-1.563,-2.762,False,89.0,2557.0
mabikmw01w,Mwadi Mabika,2004,LAS,31,3.0,True,4.241,5.625,1.67,False,9.0,272.0
sanfona01w,Nakia Sanford,2004,WAS,31,3.0,True,-1.572,-1.081,-2.484,False,77.0,2255.0
willina01w,Natalie Williams,2004,IND,34,,True,1.962,3.019,,False,27.0,689.0
yilmane01w,Nevriye Yilmaz,2004,SAS,7,,False,-1.974,-3.037,,False,,
ohldeni01w,Nicole Ohlde,2004,MIN,34,2.0,True,2.808,3.734,1.088,False,17.0,484.0
powelni01w,Nicole Powell,2004,CHA,31,,True,-1.336,-2.056,,False,70.0,2097.0
iveyni01w,Niele Ivey,2004,IND,15,,False,-1.982,-3.049,,False,,
mccrani01w,Nikki McCray,2004,PHO,27,,True,-1.92,-2.953,,False,86.0,2512.0
teaslni01w,Nikki Teasley,2004,LAS,34,3.0,True,2.652,4.394,-0.582,False,22.0,525.0
salesny01w,Nykesha Sales,2004,CON,34,8.0,True,4.989,4.696,5.534,False,6.0,203.0
blueoc01w,Octavia Blue,2004,HOU,13,,False,-1.587,-2.442,,False,,
scottol01w,Olympia Scott,2004,CHA,34,,True,-2.09,-3.215,,False,92.0,2632.0
taylope01w,Penny Taylor,2004,PHO,33,,True,2.51,3.861,,False,23.0,562.0
pierspl01w,Plenette Pierson,2004,PHO,31,,True,0.684,1.053,,False,40.0,1093.0
johnspo01w,Pollyanna Johns Kimbrough,2004,HOU,19,,False,-2.331,-3.585,,False,,
mascira01w,Raffaella Masciadri,2004,LAS,17,1.0,False,-3.795,-3.55,-4.251,False,,
brunsre01w,Rebekkah Brunson,2004,SAC,34,6.0,True,-1.53,-1.053,-2.416,False,75.0,2226.0
rileyru01w,Ruth Riley,2004,DET,34,3.0,True,1.773,2.75,-0.042,False,30.0,730.0
boltoru01w,Ruthie Bolton,2004,SAC,34,6.0,True,-2.24,-1.587,-3.452,False,96.0,2712.0
randase01w,Semeka Randall,2004,SAS,29,,True,-1.659,-2.552,,False,80.0,2324.0
chrissh01w,Shameka Christon,2004,NYL,33,5.0,True,-1.627,-1.467,-1.923,False,79.0,2299.0
johnssh01w,Shannon Johnson,2004,SAS,31,,True,-0.415,-0.639,,False,54.0,1546.0
gortmsh01w,Shaunzinski Gortman,2004,WAS,4,1.0,False,-4.368,-4.276,-4.541,False,,
lambesh01w,Sheila Lambert,2004,HOU,34,,True,-0.256,-0.393,,False,51.0,1471.0
wrighsh01w,Shereka Wright,2004,PHO,24,,True,-1.975,-3.039,,False,88.0,2550.0
samsh01w,Sheri Sam,2004,SEA,34,8.0,True,3.709,3.197,4.66,True,13.0,332.0
swoopsh01w,Sheryl Swoopes,2004,HOU,31,,True,3.002,4.619,,False,16.0,446.0
edwarsi01w,Simone Edwards,2004,SEA,23,7.0,False,-2.662,-2.703,-2.586,True,,
tuvicsl01w,Slobodanka Tuvic,2004,PHO,33,,True,-1.359,-2.091,,False,72.0,2115.0
dalesst01w,Stacey Dales,2004,WAS,31,3.0,True,-0.772,-0.271,-1.701,False,62.0,1736.0
lovelst01w,Stacey Lovelace,2004,MIN,34,2.0,True,-2.534,-2.174,-3.202,False,102.0,2848.0
thomast01w,Stacey Thomas,2004,DET,1,3.0,False,-4.506,-4.562,-4.402,False,,
stephst01w,Stacy Stephens,2004,DET,7,,False,-2.5,-3.847,,False,,
mccarst01w,Stephanie White,2004,IND,22,,False,-0.992,-1.526,,False,,
birdsu01w,Sue Bird,2004,SEA,34,8.0,True,6.665,6.42,7.12,True,3.0,93.0
abrossv01w,Svetlana Abrosimova,2004,MIN,22,2.0,False,-0.158,0.324,-1.054,False,,
cashsw01w,Swin Cash,2004,DET,32,,True,4.12,6.338,,False,10.0,283.0
dillata01w,Tai Dillard,2004,SAS,23,,False,-2.396,-3.686,,False,,
mcwilta01w,Taj McWilliams-Franklin,2004,CON,34,8.0,True,4.006,3.924,4.158,False,11.0,293.0
mooreta01w,Tamara Moore,2004,PHO,32,,True,-1.715,-2.638,,False,81.0,2373.0
dixonta01w,Tamecka Dixon,2004,LAS,32,3.0,True,2.136,3.301,-0.027,False,26.0,643.0
jacksta02w,Tamicha Jackson,2004,WAS,25,3.0,True,-1.833,-1.406,-2.625,False,84.0,2440.0
catchta01w,Tamika Catchings,2004,IND,34,,True,4.269,6.567,,False,8.0,266.0
whitmta01w,Tamika Whitmore,2004,LAS,34,3.0,True,-0.876,-0.009,-2.485,False,64.0,1802.0
willita02w,Tamika Williams,2004,MIN,34,,True,1.168,1.797,,False,35.0,912.0
suttota01w,Tammy Sutton-Brown,2004,CHA,34,,True,0.363,0.559,,False,43.0,1201.0
smithta01w,Tangela Smith,2004,SAC,34,6.0,True,2.767,2.736,2.824,False,18.0,494.0
phillta01w,Tari Phillips,2004,NYL,13,,False,-0.015,-0.023,,False,,
buttsta01w,Tasha Butts,2004,MIN,30,1.0,True,-2.987,-2.52,-3.853,False,107.0,2990.0
mckivte01w,Teana Miller,2004,CHA,9,,False,-1.51,-2.323,,False,,
bjorkte01w,Tera Bjorklund,2004,CHA,4,,False,-2.84,-4.369,,False,,
edwarte01w,Teresa Edwards,2004,MIN,34,2.0,True,-1.042,-0.296,-2.429,False,65.0,1894.0
weathte01w,Teresa Weatherspoon,2004,LAS,34,2.0,True,-3.925,-3.753,-4.244,False,115.0,3217.0
penicti01w,Ticha Penicheiro,2004,SAC,33,6.0,True,0.405,1.073,-0.834,False,42.0,1180.0
johnsti01w,Tiffani Johnson,2004,HOU,33,,True,-0.765,-1.178,,False,61.0,1732.0
thompti01w,Tina Thompson,2004,HOU,26,,True,4.553,7.005,,False,7.0,242.0
willito01w,Toccara Williams,2004,SAS,26,,True,-2.14,-3.293,,False,94.0,2663.0
friertr01w,Trina Frierson,2004,SEA,5,,False,-2.381,-3.663,,False,,
beviltu01w,Tully Bevilaqua,2004,SEA,34,8.0,True,-2.324,-2.801,-1.439,True,97.0,2756.0
lewisty01w,Tynesha Lewis,2004,CHA,34,,True,-0.615,-0.946,,False,57.0,1639.0
haydeva01w,Vanessa Hayden,2004,MIN,29,2.0,True,-2.045,-1.408,-3.229,False,91.0,2599.0
johnsvi01w,Vickie Johnson,2004,NYL,34,5.0,True,0.695,1.097,-0.052,False,39.0,1088.0
palmewe01w,Wendy Palmer,2004,CON,33,8.0,True,1.109,1.651,0.103,False,36.0,933.0
griffyo01w,Yolanda Griffith,2004,SAC,34,6.0,True,5.025,5.825,3.538,False,5.0,199.0
goodsad01w,Adrienne Goodson,2005,"CHA,HOU",33,,True,-1.354,-2.083,,False,73.0,2110.0
beardal01w,Alana Beard,2005,WAS,30,,True,2.011,3.094,,False,27.0,677.0
thompal01w,Alicia Thompson,2005,SEA,30,1.0,True,-3.131,-2.771,-3.798,False,108.0,3025.0
feastal01w,Allison Feaster,2005,CHA,21,,False,-0.41,-0.63,,False,,
lassiam01w,Amanda Lassiter,2005,MIN,31,,True,-1.666,-2.562,,False,79.0,2329.0
jacobam01w,Amber Jacobs,2005,MIN,33,,True,-1.527,-2.349,,False,77.0,2225.0
carteam01w,Amisha Carter,2005,NYL,3,,False,-2.948,-4.535,,False,,
stinsan01w,Andrea Stinson,2005,DET,18,,False,-2.458,-3.781,,False,,
willian01w,Angelina Williams,2005,PHO,16,,False,-1.982,-3.049,,False,,
wautean01w,Ann Wauters,2005,NYL,28,,True,3.068,4.72,,False,13.0,434.0
deforan01w,Anna DeForge,2005,PHO,33,,True,2.179,3.353,,False,22.0,630.0
battlas01w,Ashley Battle,2005,SEA,2,,False,-2.561,-3.94,,False,,
robinas01w,Ashley Robinson,2005,PHO,34,,True,-1.387,-2.135,,False,74.0,2134.0
jonesas01w,Asjha Jones,2005,CON,33,8.0,True,2.046,2.353,1.475,False,25.0,669.0
walkeay01w,Ayana Walker,2005,"CHA,DET",21,,False,-1.275,-1.962,,False,,
farriba01w,Barbara Farris,2005,DET,34,2.0,True,-3.128,-2.575,-4.155,False,107.0,3023.0
hammobe01w,Becky Hammon,2005,NYL,34,2.0,True,3.043,4.753,-0.133,False,15.0,437.0
snellbe01w,Belinda Snell,2005,PHO,20,,False,-1.533,-2.359,,False,,
ngoyibe01w,Bernadette Ngoyisa,2005,SAS,26,,True,-1.443,-2.22,,False,76.0,2173.0
lennobe01w,Betty Lennox,2005,SEA,28,3.0,True,2.67,3.692,0.772,False,18.0,518.0
wyckobr01w,Brooke Wyckoff,2005,CON,34,8.0,True,-2.034,-1.697,-2.659,False,94.0,2593.0
matteca01w,Caity Matter,2005,CHA,10,,False,-2.695,-4.146,,False,,
kraayca01w,Cathrine Kraayeveld,2005,NYL,17,2.0,False,-2.477,-2.121,-3.139,False,,
holdsch01w,Chamique Holdsclaw,2005,LAS,33,2.0,True,3.948,5.776,0.554,False,11.0,301.0
jonesch01w,Chandi Jones,2005,"DET,MIN",31,,True,-0.331,-0.509,,False,56.0,1503.0
anderch01w,Chantelle Anderson,2005,SAS,34,,True,-1.315,-2.023,,False,72.0,2089.0
smithch02w,Charlotte Smith,2005,WAS,34,,True,-0.08,-0.123,,False,49.0,1394.0
melvich01w,Chasity Melvin,2005,WAS,34,,True,1.356,2.087,,False,35.0,858.0
newtoch01w,Chelsea Newton,2005,SAC,34,8.0,True,-0.446,-0.679,-0.014,True,58.0,1563.0
fordch01w,Cheryl Ford,2005,DET,33,2.0,True,2.047,3.3,-0.28,False,24.0,668.0
thomach01w,Christi Thomas,2005,LAS,32,2.0,True,-2.411,-1.921,-3.321,False,102.0,2804.0
milleco01w,Coco Miller,2005,WAS,34,,True,-1.29,-1.984,,False,70.0,2070.0
brownco01w,Coretta Brown,2005,IND,6,,False,-2.587,-3.98,,False,,
robincr01w,Crystal Robinson,2005,NYL,32,2.0,True,-0.667,0.321,-2.501,False,60.0,1670.0
ivanyda01w,Dalma Ivanyi,2005,SAS,30,,True,-1.986,-3.055,,False,92.0,2559.0
staleda01w,Dawn Staley,2005,"CHA,HOU",33,5.0,True,-1.7,-1.551,-1.977,False,82.0,2357.0
miltode01w,DeLisha Milton-Jones,2005,WAS,33,,True,1.462,2.25,,False,32.0,816.0
walkede01w,DeMya Walker,2005,SAC,22,6.0,False,5.858,6.659,4.37,True,,
whitede01w,DeTrina White,2005,NYL,13,,False,-2.359,-3.629,,False,,
jacksde01w,Deanna Jackson,2005,IND,34,4.0,True,-1.134,-1.485,-0.483,False,68.0,1961.0
nolande01w,Deanna Nolan,2005,DET,33,2.0,True,4.512,5.913,1.912,False,9.0,246.0
tauradi01w,Diana Taurasi,2005,PHO,33,,True,3.68,5.662,,False,12.0,336.0
cantydo01w,Dominique Canty,2005,HOU,33,5.0,True,0.819,1.083,0.327,False,40.0,1037.0
hodgedo01w,Doneeka Lewis,2005,LAS,32,2.0,True,-2.01,-1.263,-3.398,False,93.0,2568.0
hoffmeb01w,Ebony Hoffman,2005,IND,33,,True,-1.225,-1.885,,False,69.0,2025.0
campbed01w,Edna Campbell,2005,SAS,28,,True,-2.475,-3.808,,False,103.0,2827.0
curryed01w,Edniesha Curry,2005,LAS,13,2.0,False,-3.778,-3.432,-4.42,False,,
lawsoed01w,Edwige Lawson-Wade,2005,"HOU,NYL",19,1.0,False,-4.124,-3.869,-4.599,False,,
powelel01w,Elaine Powell,2005,DET,29,2.0,True,-1.115,0.002,-3.19,False,67.0,1944.0
baranel01w,Elena Baranova,2005,NYL,33,2.0,True,0.912,2.338,-1.738,False,38.0,1004.0
perpeer01w,Erin Perperoglou,2005,SAC,23,,False,-1.417,-2.18,,False,,
thorner01w,Erin Thorn,2005,NYL,21,2.0,False,-3.469,-3.056,-4.236,False,,
raglafe01w,Felicia Ragland,2005,HOU,4,,False,-3.08,-4.739,,False,,
zarafr01w,Francesca Zara,2005,SEA,34,3.0,True,-2.934,-2.61,-3.536,False,106.0,2973.0
grubigo01w,Gordana Grubin,2005,LAS,9,,False,-2.889,-4.445,,False,,
jacksgw01w,Gwen Jackson,2005,PHO,11,,False,-1.723,-2.651,,False,,
maigaha01w,Hamchetou Maiga-Ba,2005,SAC,34,8.0,True,-1.677,-1.774,-1.497,True,80.0,2339.0
darlihe01w,Helen Darling,2005,CHA,31,,True,-1.776,-2.732,,False,86.0,2405.0
castriz01w,Iziane Castro Marques,2005,SEA,33,3.0,True,-0.226,0.863,-2.25,False,53.0,1456.0
batteja01w,Jacqueline Batteast,2005,MIN,8,,False,-2.96,-4.554,,False,,
careyja01w,Jamie Carey,2005,CON,15,6.0,False,-3.943,-3.861,-4.094,False,,
mccarja01w,Janel McCarville,2005,CHA,28,,True,-2.125,-3.269,,False,96.0,2652.0
burseja01w,Janell Burse,2005,SEA,34,3.0,True,1.568,2.735,-0.598,False,30.0,791.0
arcaija01w,Janeth Arcain,2005,HOU,34,5.0,True,0.846,1.405,-0.191,False,39.0,1025.0
bennije01w,Jenni Benningfield,2005,IND,10,,False,-2.606,-4.009,,False,,
derevje01w,Jennifer Derevjanik,2005,CON,34,8.0,True,-3.65,-3.625,-3.696,False,109.0,3161.0
smithje01w,Jennifer Smith,2005,NYL,2,,False,-3.08,-4.739,,False,,
brungje01w,Jessica Brungo,2005,CON,12,,False,-2.938,-4.52,,False,,
mooreje01w,Jessica Moore,2005,"CHA,LAS",21,,False,-2.781,-4.278,,False,,
perkiji01w,Jia Perkins,2005,CHA,30,,True,-1.604,-2.467,,False,78.0,2281.0
streiju01w,Jurgita Streimikyte,2005,IND,34,4.0,True,-0.893,-0.606,-1.425,False,65.0,1811.0
choneka01w,Kaayla Chones,2005,WAS,12,,False,-2.623,-4.036,,False,,
vodicka01w,Kamila Vodichkova,2005,PHO,28,,True,2.166,3.332,,False,23.0,634.0
braxtka01w,Kara Braxton,2005,DET,33,2.0,True,-0.999,-0.397,-2.116,False,66.0,1870.0
lawsoka01w,Kara Lawson,2005,SAC,24,8.0,True,2.877,1.356,5.701,True,17.0,470.0
douglka01w,Katie Douglas,2005,CON,32,8.0,True,4.409,4.377,4.468,False,10.0,254.0
matteka01w,Katie Mattera,2005,SAS,34,,True,-0.426,-0.655,,False,57.0,1554.0
smithka01w,Katie Smith,2005,"DET,MIN",36,2.0,True,1.052,2.052,-0.806,False,37.0,955.0
chriska01w,Kayte Christensen,2005,PHO,11,,False,-2.054,-3.16,,False,,
mazzake01w,Kelly Mazzante,2005,CHA,27,,True,-2.252,-3.465,,False,98.0,2718.0
milleke01w,Kelly Miller,2005,IND,34,4.0,True,2.025,2.602,0.953,False,26.0,676.0
schumke01w,Kelly Schumacher,2005,IND,34,4.0,True,-2.094,-2.045,-2.185,False,95.0,2635.0
weckeke01w,Kendra Wecker,2005,SAS,1,,False,-1.727,-2.657,,False,,
brownki01w,Kiesha Brown,2005,"HOU,WAS",6,1.0,False,-4.589,-4.531,-4.697,False,,
mannkr01w,Kristen Mann,2005,MIN,24,,True,-1.822,-2.803,,False,87.0,2433.0
rasmukr01w,Kristen Rasmussen,2005,"CHA,HOU",27,,True,-0.797,-1.226,,False,63.0,1756.0
harrokr01w,Kristi Harrower,2005,MIN,34,,True,-0.835,-1.285,,False,64.0,1779.0
haynikr01w,Kristin Haynie,2005,SAC,30,8.0,True,-1.923,-1.731,-2.281,True,91.0,2517.0
frettla01w,La'Keshia Frett,2005,NYL,33,2.0,True,-2.881,-2.759,-3.109,False,105.0,2953.0
thomala01w,LaToya Thomas,2005,SAS,21,,False,-0.19,-0.292,,False,,
macchla01w,Laura Macchi,2005,LAS,13,2.0,False,-2.455,-1.895,-3.493,False,,
summela01w,Laura Summerton,2005,CON,11,2.0,False,-4.166,-3.912,-4.637,False,,
jacksla01w,Lauren Jackson,2005,SEA,34,3.0,True,5.95,8.13,1.902,False,6.0,131.0
koehnla01w,Laurie Koehn,2005,WAS,30,,True,-1.738,-2.673,,False,84.0,2388.0
willile01w,Le'coe Willingham,2005,CON,18,3.0,False,-3.928,-3.654,-4.437,False,,
whaleli01w,Lindsay Whalen,2005,CON,34,7.0,True,5.271,6.321,3.321,False,7.0,175.0
harrili01w,Lisa Harrison,2005,PHO,27,,True,-2.251,-3.463,,False,97.0,2717.0
leslili01w,Lisa Leslie,2005,LAS,34,2.0,True,3.048,4.727,-0.071,False,14.0,435.0
moorelo01w,Loree Moore,2005,NYL,24,1.0,True,-4.024,-3.735,-4.561,False,111.0,3235.0
amachma01w,Mactabene Amachree,2005,WAS,3,,False,-2.874,-4.421,,False,,
stevema01w,Mandisa Stevenson,2005,SEA,4,,False,-2.381,-3.664,,False,,
dydekma01w,Margo Dydek,2005,CON,31,8.0,True,1.549,2.42,-0.069,False,31.0,797.0
stepama01w,Maria Stepanova,2005,PHO,15,,False,1.623,2.497,,False,,
ferdima01w,Marie Ferdinand-Harris,2005,SAS,31,,True,0.203,0.312,,False,44.0,1269.0
nieuwma01w,Marlous Nieuwveen,2005,LAS,7,,False,-2.837,-4.364,,False,,
miaomi01w,Miao Lijie,2005,SAC,18,,False,-2.322,-3.573,,False,,
snowmi01w,Michelle Snow,2005,HOU,33,5.0,True,3.008,3.827,1.488,False,16.0,444.0
pagemu01w,Murriel Page,2005,WAS,34,,True,-1.683,-2.589,,False,81.0,2343.0
mabikmw01w,Mwadi Mabika,2005,LAS,17,1.0,False,-2.033,-1.328,-3.342,False,,
sanfona01w,Nakia Sanford,2005,WAS,27,,True,-1.757,-2.703,,False,85.0,2398.0
vodopna01w,Natalia Vodopyanova,2005,SEA,17,1.0,False,-3.825,-3.49,-4.447,False,,
willina01w,Natalie Williams,2005,IND,34,4.0,True,1.448,1.073,2.143,False,33.0,824.0
ohldeni01w,Nicole Ohlde,2005,MIN,34,,True,1.657,2.549,,False,29.0,759.0
powelni01w,Nicole Powell,2005,SAC,34,8.0,True,4.777,4.378,5.519,True,8.0,223.0
iveyni01w,Niele Ivey,2005,"DET,PHO",26,,True,-2.278,-3.505,,False,99.0,2725.0
mccrani01w,Nikki McCray,2005,SAS,23,,False,-2.509,-3.86,,False,,
teaslni01w,Nikki Teasley,2005,LAS,19,2.0,False,-0.26,0.408,-1.5,False,,
martinu01w,Nuria Martinez,2005,MIN,1,,False,-3.08,-4.739,,False,,
salesny01w,Nykesha Sales,2005,CON,34,8.0,True,6.485,7.034,5.467,False,4.0,101.0
scottol01w,Olympia Scott,2005,SAC,18,7.0,False,-3.174,-3.057,-3.392,True,,
taylope01w,Penny Taylor,2005,PHO,29,,True,2.651,4.078,,False,19.0,527.0
pierspl01w,Plenette Pierson,2005,"DET,PHO",35,2.0,True,-0.755,0.31,-2.734,False,61.0,1724.0
mascira01w,Raffaella Masciadri,2005,LAS,33,2.0,True,-2.333,-2.391,-2.224,False,101.0,2759.0
brunsre01w,Rebekkah Brunson,2005,SAC,34,8.0,True,2.613,2.465,2.887,True,21.0,539.0
hodgero01w,Roneeka Hodges,2005,HOU,26,2.0,True,-4.177,-3.924,-4.647,False,112.0,3246.0
rileyru01w,Ruth Riley,2005,DET,33,2.0,True,0.168,0.983,-1.346,False,45.0,1286.0
lyttlsa01w,Sancho Lyttle,2005,HOU,33,5.0,True,-1.868,-1.257,-3.002,False,89.0,2467.0
irvinsa01w,Sandora Irvin,2005,PHO,12,,False,-1.349,-2.076,,False,,
chrissh01w,Shameka Christon,2005,NYL,34,2.0,True,-0.141,0.959,-2.186,False,51.0,1421.0
johnssh01w,Shannon Johnson,2005,SAS,34,,True,-0.301,-0.464,,False,54.0,1489.0
lambesh01w,Sheila Lambert,2005,DET,12,,False,-1.672,-2.573,,False,,
wrighsh01w,Shereka Wright,2005,PHO,25,,True,-1.299,-1.999,,False,71.0,2077.0
samsh01w,Sheri Sam,2005,CHA,34,,True,0.123,0.19,,False,46.0,1296.0
swoopsh01w,Sheryl Swoopes,2005,HOU,33,5.0,True,6.249,6.955,4.938,False,5.0,113.0
elysh01w,Shyra Ely-Gash,2005,SAS,31,,True,-1.715,-2.638,,False,83.0,2374.0
edwarsi01w,Simone Edwards,2005,SEA,28,2.0,True,-3.731,-3.341,-4.456,False,110.0,3181.0
lovelst01w,Stacey Lovelace,2005,MIN,34,,True,-0.525,-0.808,,False,59.0,1580.0
thomast01w,Stacey Thomas,2005,"DET,MIN",18,,False,-2.594,-3.991,,False,,
birdsu01w,Sue Bird,2005,SEA,30,3.0,True,2.629,4.387,-0.636,False,20.0,533.0
feifesu01w,Sui Feifei,2005,SAC,5,,False,-2.463,-3.789,,False,,
kingbsu01w,Susan King Borchardt,2005,MIN,3,,False,-2.644,-4.068,,False,,
batkosu01w,Suzy Batkovic-Brown,2005,SEA,29,3.0,True,-0.78,0.098,-2.409,False,62.0,1742.0
abrossv01w,Svetlana Abrosimova,2005,MIN,31,,True,0.696,1.071,,False,41.0,1087.0
cashsw01w,Swin Cash,2005,DET,21,2.0,False,-0.6,-0.088,-1.55,False,,
dillata01w,Tai Dillard,2005,SAS,10,,False,-2.727,-4.196,,False,,
mcwilta01w,Taj McWilliams-Franklin,2005,CON,34,8.0,True,7.521,7.431,7.69,False,2.0,64.0
mooreta01w,Tamara Moore,2005,NYL,7,,False,-2.166,-3.333,,False,,
dixonta01w,Tamecka Dixon,2005,LAS,30,2.0,True,-1.857,-1.038,-3.376,False,88.0,2456.0
jacksta02w,Tamicha Jackson,2005,WAS,8,,False,-2.561,-3.94,,False,,
catchta01w,Tamika Catchings,2005,IND,34,4.0,True,6.581,6.994,5.814,False,3.0,98.0
whitmta01w,Tamika Whitmore,2005,LAS,34,2.0,True,0.084,1.036,-1.685,False,48.0,1314.0
willita02w,Tamika Williams,2005,MIN,34,,True,-0.219,-0.337,,False,52.0,1452.0
suttota01w,Tammy Sutton-Brown,2005,CHA,34,,True,-0.306,-0.471,,False,55.0,1492.0
whiteta01w,Tan White,2005,IND,34,4.0,True,-1.391,-0.178,-3.643,False,75.0,2138.0
smithta01w,Tangela Smith,2005,CHA,31,,True,0.581,0.894,,False,42.0,1118.0
wrighta01w,Tanisha Wright,2005,SEA,34,3.0,True,-2.294,-1.852,-3.115,False,100.0,2736.0
phillta01w,Tari Phillips,2005,HOU,32,5.0,True,-2.496,-2.152,-3.135,False,104.0,2836.0
mckivte01w,Teana Miller,2005,CHA,31,,True,-1.89,-2.907,,False,90.0,2483.0
johnste01w,Temeka Johnson,2005,WAS,34,,True,1.074,1.652,,False,36.0,944.0
penicti01w,Ticha Penicheiro,2005,SAC,34,6.0,True,1.673,1.951,1.157,True,28.0,753.0
thompti01w,Tina Thompson,2005,HOU,15,5.0,False,1.762,1.646,1.976,False,,
beviltu01w,Tully Bevilaqua,2005,IND,31,4.0,True,0.088,0.403,-0.497,False,47.0,1310.0
lewisty01w,Tynesha Lewis,2005,"CHA,MIN",21,,False,-1.806,-2.778,,False,,
haydeva01w,Vanessa Hayden,2005,MIN,31,,True,0.238,0.367,,False,43.0,1257.0
johnsvi01w,Vickie Johnson,2005,NYL,34,2.0,True,1.415,2.432,-0.474,False,34.0,839.0
palmewe01w,Wendy Palmer,2005,SAS,34,,True,-0.09,-0.139,,False,50.0,1402.0
griffyo01w,Yolanda Griffith,2005,SAC,34,8.0,True,8.645,7.081,11.549,True,1.0,35.0
paigeyo01w,Yolanda Paige,2005,IND,13,,False,-2.409,-3.707,,False,,
williad01w,Adrian Williams-Strong,2006,MIN,32,,True,-1.065,-1.639,,False,79.0,1914.0
bibrzag01w,Agnieszka Bibrzycka,2006,SAS,32,,True,0.594,0.915,,False,42.0,1115.0
beardal01w,Alana Beard,2006,WAS,32,2.0,True,4.588,6.587,0.876,False,11.0,238.0
feastal01w,Allison Feaster,2006,CHA,32,,True,-2.503,-3.851,,False,108.0,2841.0
lassiam01w,Amanda Lassiter,2006,CHI,32,,True,-1.182,-1.818,,False,85.0,1992.0
jacobam01w,Amber Jacobs,2006,MIN,34,,True,-0.268,-0.412,,False,54.0,1474.0
anderam01w,Ambrosia Anderson,2006,"CON,NYL",4,,False,-2.964,-4.56,,False,,
kostaan01w,Anastasia Kostaki,2006,HOU,32,2.0,True,-3.695,-3.486,-4.082,False,120.0,3174.0
willian01w,Angelina Williams,2006,DET,21,6.0,False,-3.719,-3.577,-3.982,True,,
strotan01w,Ann Strother,2006,PHO,8,,False,-2.373,-3.651,,False,,
deforan01w,Anna DeForge,2006,IND,34,2.0,True,1.076,2.501,-1.57,False,36.0,941.0
battlas01w,Ashley Battle,2006,NYL,33,,True,-1.643,-2.528,,False,96.0,2310.0
robinas01w,Ashley Robinson,2006,"CHI,SEA",29,2.0,True,-3.788,-3.408,-4.495,False,121.0,3196.0
jonesas01w,Asjha Jones,2006,CON,34,5.0,True,2.552,4.023,-0.18,False,21.0,554.0
ndiayas01w,Astou Ndiaye-Diatta,2006,HOU,11,,False,-1.585,-2.438,,False,,
walkeay01w,Ayana Walker,2006,CHA,25,,True,-2.39,-3.678,,False,107.0,2784.0
farriba01w,Barbara Farris,2006,NYL,34,,True,-0.848,-1.304,,False,68.0,1788.0
turneba01w,Barbara Turner,2006,SEA,34,3.0,True,-1.391,-0.573,-2.91,False,90.0,2137.0
hammobe01w,Becky Hammon,2006,NYL,22,,False,1.181,1.817,,False,,
snellbe01w,Belinda Snell,2006,PHO,30,,True,-1.809,-2.784,,False,99.0,2427.0
ngoyibe01w,Bernadette Ngoyisa,2006,CHI,30,,True,-0.052,-0.08,,False,53.0,1379.0
lennobe01w,Betty Lennox,2006,SEA,34,3.0,True,2.471,3.566,0.438,False,23.0,572.0
davisbr01w,Brandi Davis,2006,LAS,14,,False,-2.052,-3.157,,False,,
pettibr01w,Bridget Pettis,2006,PHO,11,,False,-2.525,-3.884,,False,,
wilkibr01w,Brittany Wilkins,2006,SAC,4,,False,-2.672,-4.11,,False,,
queenbr01w,Brooke Queenan,2006,CON,4,,False,-2.992,-4.602,,False,,
wyckobr01w,Brooke Wyckoff,2006,CHI,15,,False,-1.978,-3.043,,False,,
dupreca01w,Candice Dupree,2006,CHI,34,,True,0.371,0.571,,False,44.0,1196.0
pondeca01w,Cappie Pondexter,2006,PHO,32,,True,3.646,5.609,,False,14.0,345.0
kraayca01w,Cathrine Kraayeveld,2006,NYL,34,,True,-0.678,-1.043,,False,66.0,1680.0
holdsch01w,Chamique Holdsclaw,2006,LAS,25,3.0,True,3.287,5.552,-0.92,False,16.0,398.0
jonesch01w,Chandi Jones,2006,MIN,6,,False,-2.061,-3.17,,False,,
anderch01w,Chantelle Anderson,2006,SAS,23,,False,-0.446,-0.685,,False,,
smithch02w,Charlotte Smith,2006,IND,18,1.0,False,-3.772,-3.433,-4.401,False,,
melvich01w,Chasity Melvin,2006,WAS,34,2.0,True,1.656,3.076,-0.982,False,25.0,761.0
newtoch01w,Chelsea Newton,2006,CHI,27,,True,-1.556,-2.393,,False,92.0,2242.0
fordch01w,Cheryl Ford,2006,DET,32,10.0,True,7.657,7.082,8.724,True,1.0,58.0
ngarsch01w,Christelle N'Garsanet,2006,NYL,15,,False,-2.515,-3.87,,False,,
thomach01w,Christi Thomas,2006,LAS,27,5.0,True,-0.425,0.071,-1.348,False,58.0,1553.0
greenci01w,Cisti Greenwalt,2006,SEA,5,,False,-2.84,-4.37,,False,,
milleco01w,Coco Miller,2006,WAS,34,2.0,True,-1.209,-0.633,-2.279,False,88.0,2008.0
brownco01w,Coretta Brown,2006,CHI,15,,False,-1.987,-3.058,,False,,
robincr01w,Crystal Robinson,2006,WAS,27,2.0,True,-1.034,-0.307,-2.384,False,72.0,1887.0
smithcr01w,Crystal Smith,2006,PHO,22,,False,-1.966,-3.025,,False,,
vilipda01w,Daliborka Vilipic,2006,LAS,2,,False,-2.959,-4.552,,False,,
ivanyda01w,Dalma Ivanyi,2006,SAS,31,,True,-2.271,-3.494,,False,105.0,2724.0
staleda01w,Dawn Staley,2006,HOU,34,2.0,True,-0.397,0.9,-2.806,False,57.0,1536.0
miltode01w,DeLisha Milton-Jones,2006,WAS,23,2.0,False,2.947,4.163,0.689,False,,
walkede01w,DeMya Walker,2006,SAC,23,9.0,False,1.64,1.063,2.712,False,,
jacksde01w,Deanna Jackson,2006,CHI,22,,False,-1.292,-1.987,,False,,
nolande01w,Deanna Nolan,2006,DET,34,10.0,True,6.999,5.558,9.675,True,3.0,83.0
tauradi01w,Diana Taurasi,2006,PHO,34,,True,5.783,8.896,,False,6.0,143.0
cantydo01w,Dominique Canty,2006,HOU,15,2.0,False,1.102,2.43,-1.364,False,,
hodgedo01w,Doneeka Lewis,2006,LAS,34,5.0,True,-2.63,-2.148,-3.525,False,109.0,2882.0
hoffmeb01w,Ebony Hoffman,2006,IND,34,2.0,True,-0.371,0.616,-2.206,False,55.0,1525.0
lawsoed01w,Edwige Lawson-Wade,2006,SEA,26,3.0,True,-3.822,-3.54,-4.345,False,122.0,3201.0
browned01w,Edwina Brown,2006,HOU,4,,False,-2.658,-4.09,,False,,
powelel01w,Elaine Powell,2006,"CHI,DET",25,,True,-1.751,-2.693,,False,97.0,2395.0
gomisem01w,Emilie Gomis,2006,NYL,2,,False,-2.849,-4.382,,False,,
ndongem01w,Emmeline Ndongue,2006,LAS,17,,False,-2.537,-3.903,,False,,
perpeer01w,Erin Perperoglou,2006,SAC,34,,True,1.233,1.896,,False,32.0,890.0
philler01w,Erin Phillips,2006,CON,34,5.0,True,-0.641,-0.172,-1.512,False,60.0,1650.0
thorner01w,Erin Thorn,2006,NYL,27,,True,-1.12,-1.723,,False,81.0,1948.0
maigaha01w,Hamchetou Maiga-Ba,2006,SAC,34,9.0,True,-1.599,-1.43,-1.912,False,94.0,2274.0
darlihe01w,Helen Darling,2006,CHA,29,,True,-0.916,-1.409,,False,70.0,1825.0
tilliic01w,Iciss Tillis,2006,NYL,25,,True,-1.895,-2.916,,False,100.0,2489.0
osipoir01w,Irina Osipova,2006,DET,2,9.0,False,-3.761,-4.17,-3.002,True,,
castriz01w,Iziane Castro Marques,2006,SEA,34,3.0,True,-0.672,-0.28,-1.4,False,64.0,1675.0
batteja01w,Jacqueline Batteast,2006,DET,26,4.0,True,-4.166,-3.873,-4.71,True,124.0,3245.0
kingija01w,Jae Kingi-Cross,2006,SAS,18,,False,-2.532,-3.895,,False,,
careyja01w,Jamie Carey,2006,CON,24,5.0,True,-3.259,-2.82,-4.074,False,114.0,3067.0
mccarja01w,Janel McCarville,2006,CHA,30,,True,-1.165,-1.792,,False,83.0,1983.0
burseja01w,Janell Burse,2006,SEA,27,3.0,True,1.609,2.862,-0.719,False,26.0,780.0
derevje01w,Jennifer Derevjanik,2006,PHO,31,,True,-1.559,-2.399,,False,93.0,2245.0
lacyje01w,Jennifer Lacy,2006,PHO,33,,True,-1.11,-1.707,,False,80.0,1940.0
brungje01w,Jessica Brungo,2006,CON,4,,False,-3.149,-4.844,,False,,
mooreje01w,Jessica Moore,2006,LAS,34,5.0,True,-1.788,-1.584,-2.167,False,98.0,2410.0
perkiji01w,Jia Perkins,2006,CHI,30,,True,-0.782,-1.204,,False,67.0,1745.0
sharpkb01w,K.B. Sharp,2006,IND,23,,False,-2.649,-4.075,,False,,
choneka01w,Kaayla Chones,2006,SEA,3,,False,-3.149,-4.844,,False,,
vodicka01w,Kamila Vodichkova,2006,PHO,28,,True,1.12,1.724,,False,35.0,929.0
braxtka01w,Kara Braxton,2006,DET,34,10.0,True,-1.133,-1.442,-0.561,True,82.0,1959.0
lawsoka01w,Kara Lawson,2006,SAC,34,9.0,True,1.502,0.527,3.311,False,28.0,806.0
terryka01w,Kasha Terry,2006,IND,10,,False,-2.179,-3.352,,False,,
cronika01w,Katie Cronin,2006,CHI,11,,False,-2.42,-3.723,,False,,
douglka01w,Katie Douglas,2006,CON,32,4.0,True,5.333,7.214,1.839,False,7.0,168.0
matteka01w,Katie Mattera,2006,SAS,34,,True,0.119,0.183,,False,48.0,1300.0
smithka01w,Katie Smith,2006,DET,34,10.0,True,5.203,4.122,7.211,True,9.0,182.0
chriska01w,Kayte Christensen,2006,"HOU,PHO",17,,False,-2.366,-3.639,,False,,
hollake01w,Kedra Holland-Corn,2006,DET,34,8.0,True,-2.777,-1.968,-4.28,True,111.0,2927.0
mazzake01w,Kelly Mazzante,2006,CHA,34,,True,-0.044,-0.067,,False,52.0,1372.0
milleke01w,Kelly Miller,2006,PHO,27,,True,1.441,2.217,,False,29.0,827.0
schumke01w,Kelly Schumacher,2006,NYL,21,,False,-0.538,-0.827,,False,,
weckeke01w,Kendra Wecker,2006,SAS,34,,True,-1.05,-1.616,,False,77.0,1901.0
brownki01w,Kiesha Brown,2006,NYL,16,,False,-2.647,-4.072,,False,,
smithki01w,Kim Smith,2006,SAC,31,5.0,True,-3.591,-3.24,-4.242,False,118.0,3144.0
mannkr01w,Kristen Mann,2006,MIN,33,,True,-0.663,-1.02,,False,63.0,1668.0
rasmukr01w,Kristen Rasmussen,2006,PHO,34,,True,-0.674,-1.036,,False,65.0,1677.0
haynikr01w,Kristin Haynie,2006,SAC,34,9.0,True,-1.404,-1.744,-0.772,False,91.0,2149.0
atkinla01w,La'Tangela Atkinson,2006,IND,33,2.0,True,-2.731,-2.517,-3.128,False,110.0,2913.0
bondla01w,LaToya Bond,2006,CHA,34,,True,-1.042,-1.603,,False,75.0,1893.0
thomala01w,LaToya Thomas,2006,SAS,19,,False,0.164,0.253,,False,,
byearla01w,Latasha Byears,2006,WAS,26,,True,-1.182,-1.818,,False,84.0,1991.0
summela01w,Laura Summerton,2006,CON,33,2.0,True,-3.437,-3.014,-4.224,False,117.0,3115.0
jacksla01w,Lauren Jackson,2006,SEA,30,3.0,True,6.0,7.731,2.786,False,4.0,125.0
koehnla01w,Laurie Koehn,2006,WAS,32,2.0,True,-3.901,-3.548,-4.557,False,123.0,3213.0
willile01w,Le'coe Willingham,2006,CON,29,3.0,True,-3.283,-2.932,-3.934,False,115.0,3072.0
frohlli01w,Linda Frohlich,2006,IND,20,,False,-1.719,-2.645,,False,,
whaleli01w,Lindsay Whalen,2006,CON,33,5.0,True,2.886,3.533,1.685,False,18.0,467.0
leslili01w,Lisa Leslie,2006,LAS,34,5.0,True,7.256,9.423,3.23,False,2.0,72.0
willili01w,Lisa Willis,2006,LAS,24,5.0,True,-2.252,-1.956,-2.802,False,104.0,2719.0
moeggli01w,Liz Moeggenberg,2006,CHI,27,,True,-2.332,-3.588,,False,106.0,2758.0
moorelo01w,Loree Moore,2006,NYL,34,,True,-1.051,-1.616,,False,78.0,1902.0
stevema01w,Mandisa Stevenson,2006,PHO,2,,False,-2.6,-3.999,,False,,
dydekma01w,Margo Dydek,2006,CON,34,5.0,True,2.489,3.023,1.498,False,22.0,569.0
duffyme01w,Megan Duffy,2006,MIN,31,,True,-1.938,-2.982,,False,101.0,2528.0
mahonme01w,Megan Mahoney,2006,CON,31,4.0,True,-3.295,-2.721,-4.362,False,116.0,3076.0
snowmi01w,Michelle Snow,2006,HOU,34,2.0,True,3.0,4.473,0.264,False,17.0,448.0
bassmi01w,Mistie Bass,2006,HOU,27,2.0,True,-3.127,-2.618,-4.073,False,113.0,3022.0
currimo01w,Monique Currie,2006,CHA,34,,True,0.351,0.54,,False,46.0,1209.0
pagemu01w,Murriel Page,2006,LAS,34,5.0,True,-1.046,-0.712,-1.667,False,76.0,1898.0
mabikmw01w,Mwadi Mabika,2006,LAS,32,5.0,True,0.909,0.521,1.63,False,37.0,1005.0
sanfona01w,Nakia Sanford,2006,WAS,34,2.0,True,0.351,1.394,-1.587,False,45.0,1208.0
ohldeni01w,Nicole Ohlde,2006,MIN,34,,True,0.038,0.059,,False,49.0,1334.0
powelni01w,Nicole Powell,2006,SAC,34,9.0,True,2.727,2.145,3.807,False,20.0,505.0
blueni01w,Nikki Blue,2006,WAS,24,1.0,True,-3.602,-3.23,-4.294,False,119.0,3148.0
mccrani01w,Nikki McCray,2006,CHI,11,,False,-2.489,-3.829,,False,,
teaslni01w,Nikki Teasley,2006,WAS,34,2.0,True,1.267,2.397,-0.831,False,30.0,879.0
salesny01w,Nykesha Sales,2006,CON,22,5.0,False,2.99,4.564,0.068,False,,
scottol01w,Olympia Scott,2006,IND,21,2.0,False,-3.329,-3.21,-3.551,False,,
taylope01w,Penny Taylor,2006,PHO,20,,False,2.492,3.834,,False,,
pierspl01w,Plenette Pierson,2006,DET,34,10.0,True,1.143,0.08,3.115,True,34.0,915.0
brunsre01w,Rebekkah Brunson,2006,SAC,34,9.0,True,0.255,0.539,-0.273,False,47.0,1249.0
hodgero01w,Roneeka Hodges,2006,HOU,33,2.0,True,-1.037,-0.19,-2.611,False,73.0,1889.0
rileyru01w,Ruth Riley,2006,DET,34,10.0,True,0.559,1.17,-0.577,True,43.0,1122.0
paliesa01w,Sabrina Palie,2006,DET,11,,False,-2.745,-4.223,,False,,
lyttlsa01w,Sancho Lyttle,2006,HOU,29,2.0,True,-2.236,-1.87,-2.917,False,103.0,2711.0
irvinsa01w,Sandora Irvin,2006,PHO,7,,False,-2.653,-4.082,,False,,
dorresc01w,Scholanda Dorrell,2006,SAC,33,,True,-1.261,-1.939,,False,89.0,2046.0
augusse01w,Seimone Augustus,2006,MIN,34,,True,2.8,4.308,,False,19.0,486.0
chrissh01w,Shameka Christon,2006,NYL,34,,True,0.036,0.055,,False,50.0,1335.0
zolmash01w,Shanna Zolman,2006,SAS,34,,True,-0.903,-1.39,,False,69.0,1818.0
johnssh01w,Shannon Johnson,2006,SAS,32,,True,0.672,1.034,,False,40.0,1095.0
gortmsh01w,Shaunzinski Gortman,2006,SEA,20,,False,-1.718,-2.644,,False,,
samsh01w,Sheri Sam,2006,CHA,34,,True,0.628,0.966,,False,41.0,1105.0
bakersh01w,Sherill Baker,2006,NYL,34,,True,-1.185,-1.823,,False,86.0,1994.0
swoopsh01w,Sheryl Swoopes,2006,HOU,31,2.0,True,3.539,5.65,-0.382,False,15.0,358.0
thorbsh01w,Shona Thorburn,2006,MIN,22,,False,-2.706,-4.162,,False,,
elysh01w,Shyra Ely-Gash,2006,SAS,12,,False,-1.659,-2.552,,False,,
youngso01w,Sophia Young-Malcolm,2006,SAS,34,,True,1.548,2.381,,False,27.0,798.0
dalesst01w,Stacey Dales,2006,CHI,23,,False,-1.358,-2.089,,False,,
lovelst01w,Stacey Lovelace,2006,CHI,34,,True,-0.998,-1.535,,False,71.0,1869.0
birdsu01w,Sue Bird,2006,SEA,34,3.0,True,1.932,3.088,-0.215,False,24.0,697.0
abrossv01w,Svetlana Abrosimova,2006,MIN,34,,True,-0.604,-0.93,,False,59.0,1630.0
cashsw01w,Swin Cash,2006,DET,34,10.0,True,3.684,3.747,3.567,True,13.0,335.0
mcwilta01w,Taj McWilliams-Franklin,2006,CON,32,5.0,True,5.871,7.092,3.605,False,5.0,137.0
jamesta01w,Tamara James,2006,WAS,21,,False,-2.174,-3.344,,False,,
mooreta01w,Tamara Moore,2006,LAS,34,4.0,True,-0.652,-0.417,-1.089,False,62.0,1660.0
dixonta01w,Tamecka Dixon,2006,HOU,23,2.0,False,-0.878,-0.044,-2.428,False,,
jacksta02w,Tamicha Jackson,2006,PHO,3,,False,-0.354,-0.545,,False,,
catchta01w,Tamika Catchings,2006,IND,32,2.0,True,5.223,7.322,1.325,False,8.0,180.0
whitmta01w,Tamika Whitmore,2006,IND,34,2.0,True,4.414,5.492,2.413,False,12.0,252.0
willita02w,Tamika Williams,2006,MIN,31,,True,-1.04,-1.599,,False,74.0,1890.0
suttota01w,Tammy Sutton-Brown,2006,CHA,30,,True,0.88,1.354,,False,39.0,1018.0
whiteta01w,Tan White,2006,IND,34,2.0,True,-0.384,0.762,-2.512,False,56.0,1531.0
smithta01w,Tangela Smith,2006,CHA,34,,True,1.178,1.813,,False,33.0,910.0
wrighta01w,Tanisha Wright,2006,SEA,33,2.0,True,-2.917,-2.272,-4.115,False,112.0,2969.0
phillta01w,Tari Phillips,2006,HOU,21,,False,-1.859,-2.86,,False,,
johnste01w,Temeka Johnson,2006,LAS,32,5.0,True,1.239,1.818,0.164,False,31.0,886.0
penicti01w,Ticha Penicheiro,2006,SAC,34,9.0,True,-0.023,0.074,-0.202,False,51.0,1365.0
johnsti01w,Tiffani Johnson,2006,SEA,32,3.0,True,-1.633,-1.334,-2.189,False,95.0,2303.0
stansti01w,Tiffany Stansbury,2006,LAS,4,2.0,False,-3.892,-3.565,-4.499,False,,
thompti01w,Tina Thompson,2006,HOU,21,2.0,False,4.477,6.696,0.355,False,,
beviltu01w,Tully Bevilaqua,2006,IND,34,2.0,True,-0.646,0.384,-2.56,False,61.0,1656.0
flukety01w,Tye'sha Fluker,2006,CHA,31,,True,-2.123,-3.266,,False,102.0,2651.0
lewisty01w,Tynesha Lewis,2006,MIN,19,,False,-2.125,-3.269,,False,,
haydeva01w,Vanessa Hayden,2006,MIN,33,,True,-1.205,-1.854,,False,87.0,2002.0
johnsvi01w,Vickie Johnson,2006,SAS,34,,True,0.901,1.387,,False,38.0,1009.0
palmewe01w,Wendy Palmer,2006,SEA,5,,False,1.253,1.928,,False,,
leuchye01w,Yelena Leuchanka,2006,CHA,4,,False,-1.946,-2.993,,False,,
griffyo01w,Yolanda Griffith,2006,SAC,34,9.0,True,4.889,4.166,6.234,False,10.0,211.0
teilaza01w,Zane Tamane,2006,WAS,16,2.0,False,-3.852,-3.493,-4.52,False,,
williad01w,Adrian Williams-Strong,2007,SAC,34,3.0,True,-0.986,-0.289,-2.281,False,71.0,1859.0
moisead01w,Adriana Moises,2007,PHO,4,,False,-2.112,-3.249,,False,,
beardal01w,Alana Beard,2007,WAS,33,,True,2.887,4.442,,False,18.0,466.0
balesal01w,Alison Bales,2007,IND,17,4.0,False,-3.085,-2.466,-4.235,False,,
jacobam01w,Amber Jacobs,2007,MIN,29,,True,-1.979,-3.044,,False,98.0,2554.0
sandeam01w,Amy Sanders,2007,DET,6,,False,-2.976,-4.579,,False,,
strotan01w,Ann Strother,2007,IND,12,3.0,False,-3.654,-3.491,-3.957,False,,
deforan01w,Anna DeForge,2007,IND,34,6.0,True,1.911,1.565,2.553,False,26.0,701.0
pricear01w,Armintie Herrington,2007,CHI,34,,True,-0.02,-0.03,,False,50.0,1362.0
battlas01w,Ashley Battle,2007,NYL,34,3.0,True,-1.223,-0.471,-2.619,False,76.0,2022.0
robinas01w,Ashley Robinson,2007,SEA,33,2.0,True,-3.145,-3.196,-3.051,False,112.0,3030.0
shielas01w,Ashley Shields,2007,HOU,26,,True,-1.548,-2.381,,False,84.0,2237.0
jonesas01w,Asjha Jones,2007,CON,30,3.0,True,3.926,5.388,1.212,False,11.0,304.0
ndiayas01w,Astou Ndiaye-Diatta,2007,SEA,4,1.0,False,-3.652,-3.276,-4.351,False,,
walkeay01w,Ayana Walker,2007,DET,2,5.0,False,-2.673,-2.029,-3.868,False,,
farriba01w,Barbara Farris,2007,NYL,28,3.0,True,-3.727,-3.517,-4.118,False,117.0,3180.0
turneba01w,Barbara Turner,2007,HOU,22,,False,-1.533,-2.358,,False,,
hammobe01w,Becky Hammon,2007,SAS,28,5.0,True,5.766,6.628,4.164,False,6.0,144.0
snellbe01w,Belinda Snell,2007,PHO,30,8.0,True,-2.757,-2.392,-3.435,True,108.0,2921.0
mosbybe01w,Bernice Mosby,2007,WAS,28,,True,-1.741,-2.679,,False,91.0,2392.0
lennobe01w,Betty Lennox,2007,SEA,34,2.0,True,2.852,4.076,0.58,False,19.0,473.0
wyckobr01w,Brooke Wyckoff,2007,CHI,34,,True,-1.721,-2.648,,False,89.0,2376.0
littlca01w,Camille Smith,2007,SAS,34,5.0,True,-1.941,-1.5,-2.759,False,97.0,2532.0
dupreca01w,Candice Dupree,2007,CHI,33,,True,2.225,3.423,,False,25.0,622.0
pondeca01w,Cappie Pondexter,2007,PHO,31,9.0,True,7.449,5.306,11.429,True,2.0,66.0
thomaca01w,Carla Thomas,2007,CHI,17,,False,-2.112,-3.249,,False,,
kraayca01w,Cathrine Kraayeveld,2007,NYL,34,3.0,True,0.836,1.154,0.247,False,36.0,1031.0
joensca01w,Cathy Joens,2007,CHI,19,,False,-1.19,-1.831,,False,,
holdsch01w,Chamique Holdsclaw,2007,LAS,5,,False,2.467,3.795,,False,,
anderch01w,Chantelle Anderson,2007,SAS,11,2.0,False,-3.436,-3.052,-4.15,False,,
melvich01w,Chasity Melvin,2007,"CHI,WAS",32,,True,0.467,0.718,,False,45.0,1161.0
newtoch01w,Chelsea Newton,2007,SAC,34,3.0,True,-1.581,-0.835,-2.966,False,85.0,2259.0
fordch01w,Cheryl Ford,2007,DET,15,10.0,False,4.657,6.4,1.42,False,,
thomach01w,Christi Thomas,2007,LAS,34,,True,-0.329,-0.507,,False,57.0,1501.0
coggicl01w,Claire Coggins,2007,CHI,20,,False,-2.379,-3.661,,False,,
milleco01w,Coco Miller,2007,WAS,30,,True,-1.701,-2.616,,False,88.0,2358.0
chambco01w,Cori Chambers,2007,CON,1,,False,-3.114,-4.791,,False,,
robincr01w,Crystal Robinson,2007,WAS,2,,False,-2.635,-4.054,,False,,
smithcr01w,Crystal Smith,2007,HOU,27,,True,-0.937,-1.442,,False,69.0,1832.0
miltode01w,DeLisha Milton-Jones,2007,WAS,34,,True,1.392,2.142,,False,29.0,848.0
walkede01w,DeMya Walker,2007,SAC,5,,False,0.452,0.695,,False,,
nolande01w,Deanna Nolan,2007,DET,34,11.0,True,7.262,7.485,6.849,False,4.0,71.0
davisde01w,Dee Davis,2007,HOU,3,,False,-2.568,-3.951,,False,,
tauradi01w,Diana Taurasi,2007,PHO,32,9.0,True,7.203,6.371,8.748,True,5.0,75.0
cantydo01w,Dominique Canty,2007,CHI,30,,True,-0.112,-0.172,,False,53.0,1408.0
hodgedo01w,Doneeka Lewis,2007,SEA,7,,False,-2.523,-3.882,,False,,
hoffmeb01w,Ebony Hoffman,2007,IND,34,4.0,True,-1.907,-1.231,-3.161,False,95.0,2501.0
powelel01w,Elaine Powell,2007,DET,32,11.0,True,-3.327,-3.104,-3.742,False,115.0,3085.0
desouer01w,Erika de Souza,2007,CON,32,1.0,True,-2.404,-1.707,-3.698,False,104.0,2796.0
granter01w,Erin Grant,2007,HOU,17,,False,-2.199,-3.383,,False,,
perpeer01w,Erin Perperoglou,2007,SAS,18,,False,1.82,2.8,,False,,
thorner01w,Erin Thorn,2007,NYL,29,3.0,True,-0.235,0.615,-1.812,False,56.0,1460.0
maltsev01w,Evanthia Maltsi,2007,CON,26,3.0,True,-1.888,-0.908,-3.706,False,94.0,2481.0
goringi01w,Gillian Goring,2007,WAS,21,,False,-2.053,-3.159,,False,,
maigaha01w,Hamchetou Maiga-Ba,2007,HOU,34,,True,-0.02,-0.031,,False,51.0,1363.0
darlihe01w,Helen Darling,2007,SAS,33,5.0,True,-1.119,-1.394,-0.609,False,73.0,1946.0
tilliic01w,Iciss Tillis,2007,"DET,LAS",11,,False,-2.864,-4.406,,False,,
lattaiv01w,Ivory Latta,2007,DET,31,10.0,True,-3.229,-2.935,-3.776,False,113.0,3057.0
castriz01w,Iziane Castro Marques,2007,SEA,34,2.0,True,1.651,3.069,-0.984,False,27.0,765.0
careyja01w,Jamie Carey,2007,CON,33,3.0,True,-2.975,-2.67,-3.541,False,110.0,2986.0
mccarja01w,Janel McCarville,2007,NYL,32,3.0,True,0.859,1.013,0.571,False,35.0,1022.0
burseja01w,Janell Burse,2007,SEA,29,,True,0.818,1.258,,False,37.0,1038.0
derevje01w,Jennifer Derevjanik,2007,PHO,23,1.0,False,-3.833,-3.543,-4.372,True,,
lacyje01w,Jennifer Lacy,2007,PHO,20,1.0,False,-3.957,-3.734,-4.37,True,,
davenje01w,Jessica Davenport,2007,NYL,33,2.0,True,-2.392,-1.745,-3.594,False,103.0,2785.0
mooreje01w,Jessica Moore,2007,LAS,28,,True,-1.444,-2.221,,False,81.0,2175.0
perkiji01w,Jia Perkins,2007,CHI,33,,True,0.708,1.089,,False,40.0,1077.0
sharpkb01w,K.B. Sharp,2007,IND,34,6.0,True,-2.951,-2.462,-3.858,False,109.0,2975.0
hairska01w,Kamesha Hairston,2007,CON,17,,False,-2.253,-3.467,,False,,
braxtka01w,Kara Braxton,2007,DET,31,11.0,True,0.469,0.718,0.007,False,44.0,1160.0
lawsoka01w,Kara Lawson,2007,SAC,34,3.0,True,1.139,1.808,-0.103,False,32.0,917.0
terryka01w,Kasha Terry,2007,IND,9,,False,-2.552,-3.926,,False,,
reisska01w,Kathrin Ress,2007,MIN,28,,True,-1.828,-2.813,,False,92.0,2436.0
douglka01w,Katie Douglas,2007,CON,34,3.0,True,4.605,6.315,1.429,False,9.0,237.0
gearlka01w,Katie Gearlds,2007,SEA,33,2.0,True,-2.742,-2.256,-3.644,False,107.0,2919.0
matteka01w,Katie Mattera,2007,DET,34,,True,-0.161,-0.248,,False,55.0,1432.0
smithka01w,Katie Smith,2007,DET,34,11.0,True,4.842,5.677,3.291,False,8.0,218.0
chriska01w,Kayte Christensen,2007,CHI,23,,False,-2.238,-3.443,,False,,
mazzake01w,Kelly Mazzante,2007,PHO,34,9.0,True,-1.218,-1.643,-0.431,True,74.0,2018.0
milleke01w,Kelly Miller,2007,PHO,34,9.0,True,2.676,1.756,4.384,True,23.0,516.0
schumke01w,Kelly Schumacher,2007,PHO,34,9.0,True,-2.079,-1.546,-3.07,True,99.0,2627.0
weckeke01w,Kendra Wecker,2007,SAS,14,2.0,False,-4.211,-4.105,-4.409,False,,
brownki01w,Kiesha Brown,2007,"LAS,MIN",30,,True,-1.363,-2.096,,False,80.0,2117.0
smithki01w,Kim Smith,2007,SAC,3,,False,-2.992,-4.603,,False,,
mannkr01w,Kristen Mann,2007,MIN,34,,True,-0.84,-1.292,,False,67.0,1782.0
rasmukr01w,Kristen Rasmussen,2007,CON,33,2.0,True,-2.356,-1.952,-3.108,False,102.0,2768.0
haynikr01w,Kristin Haynie,2007,SAC,34,3.0,True,-2.434,-2.274,-2.732,False,105.0,2813.0
atkinla01w,La'Tangela Atkinson,2007,SAC,28,2.0,True,-3.648,-3.254,-4.38,False,116.0,3160.0
thomala01w,LaToya Thomas,2007,LAS,27,,True,-0.828,-1.274,,False,66.0,1778.0
byearla01w,Latasha Byears,2007,HOU,30,,True,-1.321,-2.032,,False,79.0,2093.0
jacksla01w,Lauren Jackson,2007,SEA,31,2.0,True,8.015,10.65,3.121,False,1.0,50.0
koehnla01w,Laurie Koehn,2007,WAS,28,,True,-2.639,-4.059,,False,106.0,2888.0
willile01w,Le'coe Willingham,2007,CON,28,3.0,True,-2.998,-2.934,-3.118,False,111.0,2995.0
frohlli01w,Linda Frohlich,2007,SAC,10,1.0,False,-4.025,-3.87,-4.311,False,,
bowenli01w,Lindsay Bowen,2007,NYL,6,,False,-2.626,-4.04,,False,,
whaleli01w,Lindsay Whalen,2007,CON,34,3.0,True,3.574,5.049,0.835,False,13.0,352.0
hardili01w,Lindsey Harding,2007,MIN,20,,False,0.795,1.223,,False,,
willili01w,Lisa Willis,2007,"LAS,NYL",24,2.0,True,-3.277,-2.911,-3.958,False,114.0,3070.0
moeggli01w,Liz Moeggenberg,2007,CHI,23,,False,-2.452,-3.772,,False,,
moorelo01w,Loree Moore,2007,NYL,34,3.0,True,0.887,1.328,0.067,False,34.0,1015.0
dydekma01w,Margo Dydek,2007,CON,32,3.0,True,-0.145,0.75,-1.806,False,54.0,1422.0
ferdima01w,Marie Ferdinand-Harris,2007,SAS,34,5.0,True,-1.733,-1.796,-1.615,False,90.0,2387.0
fernama01w,Marta Fernandez,2007,LAS,34,,True,-0.752,-1.157,,False,65.0,1721.0
weberma01w,Martina Weber,2007,NYL,2,,False,-3.026,-4.656,,False,,
duffyme01w,Megan Duffy,2007,MIN,5,,False,-2.369,-3.644,,False,,
mahonme01w,Megan Mahoney,2007,CON,18,2.0,False,-3.831,-3.719,-4.041,False,,
snowmi01w,Michelle Snow,2007,HOU,34,,True,0.776,1.193,,False,39.0,1057.0
bassmi01w,Mistie Bass,2007,HOU,19,,False,-2.563,-3.943,,False,,
currimo01w,Monique Currie,2007,"CHI,WAS",33,,True,0.638,0.982,,False,41.0,1101.0
pagemu01w,Murriel Page,2007,LAS,34,,True,-1.451,-2.232,,False,82.0,2181.0
mabikmw01w,Mwadi Mabika,2007,LAS,33,,True,-0.643,-0.99,,False,60.0,1651.0
sanfona01w,Nakia Sanford,2007,WAS,34,,True,1.028,1.582,,False,33.0,964.0
moorena01w,Navonda Moore,2007,MIN,19,,False,-2.671,-4.109,,False,,
ohldeni01w,Nicole Ohlde,2007,MIN,34,,True,0.599,0.922,,False,42.0,1112.0
powelni01w,Nicole Powell,2007,SAC,34,3.0,True,2.695,3.605,1.006,False,21.0,512.0
blueni01w,Nikki Blue,2007,WAS,30,,True,-1.635,-2.515,,False,87.0,2306.0
teaslni01w,Nikki Teasley,2007,WAS,33,,True,-0.881,-1.356,,False,68.0,1806.0
quinnno01w,Noelle Quinn,2007,MIN,34,,True,-1.505,-2.315,,False,83.0,2210.0
salesny01w,Nykesha Sales,2007,CON,26,3.0,True,2.499,3.903,-0.108,False,24.0,565.0
scottol01w,Olympia Scott,2007,PHO,8,1.0,False,-4.342,-4.164,-4.672,True,,
taylope01w,Penny Taylor,2007,PHO,34,9.0,True,7.387,6.113,9.753,True,3.0,67.0
pierspl01w,Plenette Pierson,2007,DET,34,11.0,True,3.986,4.531,2.973,False,10.0,297.0
brunsre01w,Rebekkah Brunson,2007,SAC,33,3.0,True,2.681,3.679,0.827,False,22.0,514.0
hodgero01w,Roneeka Hodges,2007,HOU,29,,True,-1.933,-2.974,,False,96.0,2523.0
rileyru01w,Ruth Riley,2007,SAS,30,5.0,True,-0.673,-0.353,-1.266,False,61.0,1676.0
lyttlsa01w,Sancho Lyttle,2007,HOU,31,,True,-0.689,-1.06,,False,64.0,1685.0
irvinsa01w,Sandora Irvin,2007,SAS,23,3.0,False,-4.013,-3.784,-4.438,False,,
dorresc01w,Scholanda Dorrell,2007,SAC,34,,True,-1.007,-1.549,,False,72.0,1873.0
augusse01w,Seimone Augustus,2007,MIN,34,,True,3.365,5.177,,False,15.0,382.0
chrissh01w,Shameka Christon,2007,NYL,33,3.0,True,1.217,1.311,1.043,False,30.0,892.0
zolmash01w,Shanna Zolman,2007,SAS,34,,True,0.08,0.123,,False,49.0,1316.0
johnssh01w,Shannon Johnson,2007,DET,33,11.0,True,-0.68,-0.407,-1.189,False,62.0,1681.0
doronsh01w,Shay Doron,2007,NYL,7,1.0,False,-4.302,-4.111,-4.655,False,,
murphsh01w,Shay Murphy,2007,MIN,32,,True,-1.221,-1.879,,False,75.0,2020.0
samsh01w,Sheri Sam,2007,IND,33,6.0,True,-0.98,-1.215,-0.543,False,70.0,1857.0
bakersh01w,Sherill Baker,2007,"LAS,NYL",27,,True,-0.606,-0.932,,False,59.0,1634.0
swoopsh01w,Sheryl Swoopes,2007,HOU,3,,False,0.513,0.789,,False,,
thorbsh01w,Shona Thorburn,2007,SEA,2,,False,-2.731,-4.201,,False,,
elysh01w,Shyra Ely-Gash,2007,SEA,29,,True,-2.15,-3.308,,False,101.0,2669.0
spencsi01w,Sidney Spencer,2007,LAS,34,,True,-0.411,-0.632,,False,58.0,1542.0
youngso01w,Sophia Young-Malcolm,2007,SAS,33,5.0,True,5.001,5.367,4.32,False,7.0,202.0
dalesst01w,Stacey Dales,2007,CHI,31,,True,-0.046,-0.071,,False,52.0,1375.0
lovelst01w,Stacey Lovelace,2007,WAS,9,,False,-2.116,-3.255,,False,,
raymost01w,Stephanie Raymond,2007,CHI,20,,False,-1.968,-3.028,,False,,
birdsu01w,Sue Bird,2007,SEA,29,2.0,True,1.46,2.48,-0.434,False,28.0,819.0
abrossv01w,Svetlana Abrosimova,2007,MIN,34,,True,0.239,0.368,,False,47.0,1256.0
cashsw01w,Swin Cash,2007,DET,31,11.0,True,3.425,4.678,1.098,False,14.0,373.0
mcwilta01w,Taj McWilliams-Franklin,2007,LAS,29,,True,0.254,0.391,,False,46.0,1251.0
jamesta01w,Tamara James,2007,WAS,31,,True,-1.248,-1.92,,False,77.0,2036.0
mooreta01w,Tamara Moore,2007,HOU,15,,False,-1.368,-2.105,,False,,
dixonta01w,Tamecka Dixon,2007,HOU,18,,False,0.841,1.294,,False,,
catchta01w,Tamika Catchings,2007,IND,21,6.0,False,7.337,8.415,5.335,False,,
whitmta01w,Tamika Whitmore,2007,IND,34,6.0,True,3.593,3.722,3.353,False,12.0,351.0
willita02w,Tamika Williams,2007,MIN,21,,False,-2.347,-3.611,,False,,
suttota01w,Tammy Sutton-Brown,2007,IND,34,6.0,True,2.746,4.329,-0.193,False,20.0,499.0
whiteta01w,Tan White,2007,IND,34,5.0,True,0.8,2.526,-2.406,False,38.0,1049.0
smithta01w,Tangela Smith,2007,PHO,34,9.0,True,3.259,2.575,4.528,True,16.0,402.0
wrighta01w,Tanisha Wright,2007,SEA,34,2.0,True,-2.093,-1.846,-2.552,False,100.0,2634.0
phillta01w,Tari Phillips,2007,HOU,6,,False,-2.507,-3.857,,False,,
millsta01w,Tausha Mills,2007,DET,5,,False,-1.495,-2.3,,False,,
mckivte01w,Teana Miller,2007,PHO,2,,False,-3.021,-4.647,,False,,
johnste01w,Temeka Johnson,2007,LAS,11,,False,-0.794,-1.222,,False,,
penicti01w,Ticha Penicheiro,2007,SAC,32,3.0,True,-0.688,-0.024,-1.92,False,63.0,1683.0
jacksti02w,Tiffany Jackson-Jones,2007,NYL,34,3.0,True,-1.857,-1.863,-1.847,False,93.0,2457.0
stansti01w,Tiffany Stansbury,2007,MIN,30,,True,-1.274,-1.96,,False,78.0,2057.0
thompti01w,Tina Thompson,2007,HOU,34,,True,2.979,4.582,,False,17.0,450.0
beviltu01w,Tully Bevilaqua,2007,IND,34,6.0,True,0.182,0.609,-0.611,False,48.0,1279.0
flukety01w,Tye'sha Fluker,2007,"LAS,SEA",21,,False,-2.425,-3.73,,False,,
smithty01w,Tyresa Smith,2007,DET,1,1.0,False,-4.207,-3.991,-4.608,False,,
johnsvi01w,Vickie Johnson,2007,SAS,30,5.0,True,1.2,1.581,0.494,False,31.0,903.0
palmewe01w,Wendy Palmer,2007,SEA,34,2.0,True,-1.631,-1.167,-2.491,False,86.0,2301.0
leuchye01w,Yelena Leuchanka,2007,WAS,6,,False,-2.788,-4.289,,False,,
griffyo01w,Yolanda Griffith,2007,SAC,32,3.0,True,0.597,1.366,-0.832,False,43.0,1114.0
frankaq01w,A'Quonesia Franklin,2008,SAC,34,3.0,True,-3.616,-3.26,-4.277,False,132.0,3154.0
williad01w,Adrian Williams-Strong,2008,SAC,34,3.0,True,-1.145,-0.722,-1.93,False,77.0,1966.0
rossad01w,Adrianne Ross,2008,SAS,4,2.0,False,-4.521,-4.399,-4.748,False,,
beardal01w,Alana Beard,2008,WAS,33,,True,1.612,2.48,,False,32.0,779.0
hornbal01w,Alexis Hornbuckle,2008,DET,34,9.0,True,0.905,0.288,2.051,True,41.0,1008.0
balesal01w,Alison Bales,2008,"ATL,IND",31,,True,-1.71,-2.631,,False,100.0,2368.0
quiglal01w,Allie Quigley,2008,PHO,14,,False,-2.317,-3.565,,False,,
feastal01w,Allison Feaster,2008,IND,33,2.0,True,-3.503,-3.078,-4.291,False,129.0,3127.0
holtam01w,Amber Holt,2008,CON,34,3.0,True,-0.505,0.521,-2.411,False,68.0,1574.0
jacobam01w,Amber Jacobs,2008,"LAS,WAS",11,,False,-2.153,-3.313,,False,,
gardnan01w,Andrea Gardner,2008,WAS,22,,False,-1.999,-3.075,,False,,
strotan01w,Ann Strother,2008,ATL,21,,False,-2.395,-3.685,,False,,
wautean01w,Ann Wauters,2008,SAS,32,9.0,True,4.737,6.026,2.344,False,9.0,230.0
deforan01w,Anna DeForge,2008,MIN,34,,True,0.068,0.104,,False,59.0,1322.0
pricear01w,Armintie Herrington,2008,CHI,34,,True,-0.197,-0.303,,False,65.0,1444.0
battlas01w,Ashley Battle,2008,NYL,34,6.0,True,-2.576,-2.453,-2.806,False,123.0,2864.0
robinas01w,Ashley Robinson,2008,SEA,33,3.0,True,-3.538,-3.537,-3.54,False,130.0,3135.0
shielas01w,Ashley Shields,2008,"DET,HOU",10,3.0,False,-3.811,-3.517,-4.357,True,,
jonesas01w,Asjha Jones,2008,CON,33,3.0,True,5.111,7.098,1.421,False,7.0,193.0
farriba01w,Barbara Farris,2008,PHO,34,,True,-1.539,-2.368,,False,90.0,2232.0
turneba01w,Barbara Turner,2008,CON,34,3.0,True,-0.014,1.126,-2.133,False,61.0,1358.0
hammobe01w,Becky Hammon,2008,SAS,33,9.0,True,5.986,7.015,4.075,False,4.0,127.0
ngoyibe01w,Bernadette Ngoyisa,2008,IND,31,1.0,True,-3.322,-2.904,-4.097,False,127.0,3083.0
mosbybe01w,Bernice Mosby,2008,WAS,24,,True,-2.18,-3.353,,False,114.0,2676.0
lennobe01w,Betty Lennox,2008,ATL,34,,True,0.812,1.249,,False,42.0,1042.0
wilkibr01w,Brittany Wilkins,2008,SAS,1,2.0,False,-4.728,-4.669,-4.837,False,,
queenbr01w,Brooke Queenan,2008,CHI,8,,False,-2.889,-4.445,,False,,
smithbr01w,Brooke Smith,2008,PHO,10,,False,-1.087,-1.672,,False,,
wyckobr01w,Brooke Wyckoff,2008,CHI,34,,True,-1.753,-2.697,,False,102.0,2397.0
littlca01w,Camille Smith,2008,"ATL,SEA",32,3.0,True,-0.135,0.259,-0.866,False,64.0,1418.0
parkeca01w,Candace Parker,2008,LAS,33,6.0,True,7.65,8.973,5.192,False,1.0,59.0
dupreca01w,Candice Dupree,2008,CHI,34,,True,3.307,5.088,,False,19.0,395.0
wiggica01w,Candice Wiggins,2008,MIN,30,,True,2.576,3.963,,False,24.0,544.0
pondeca01w,Cappie Pondexter,2008,PHO,32,,True,3.709,5.707,,False,14.0,331.0
kraayca01w,Cathrine Kraayeveld,2008,NYL,34,6.0,True,1.46,1.876,0.688,False,33.0,820.0
joensca01w,Cathy Joens,2008,CHI,26,,True,-1.624,-2.498,,False,94.0,2297.0
houstch01w,Charde Houston,2008,MIN,33,,True,0.335,0.515,,False,55.0,1216.0
allench01w,Charel Allen,2008,SAC,6,2.0,False,-3.53,-3.106,-4.319,False,,
melvich01w,Chasity Melvin,2008,CHI,34,,True,0.382,0.588,,False,51.0,1189.0
newtoch01w,Chelsea Newton,2008,SAC,26,3.0,True,-2.457,-2.101,-3.117,False,121.0,2820.0
fordch01w,Cheryl Ford,2008,DET,24,,True,2.322,3.572,,False,26.0,600.0
nnamach01w,Chioma Nnamaka,2008,ATL,12,,False,-2.563,-3.943,,False,,
givench01w,Chrissy Givens,2008,DET,3,,False,-2.737,-4.211,,False,,
thomach01w,Christi Thomas,2008,LAS,20,,False,-2.182,-3.356,,False,,
milleco01w,Coco Miller,2008,WAS,34,,True,-1.349,-2.076,,False,87.0,2104.0
kellycr01w,Crystal Kelly,2008,SAC,33,3.0,True,-0.546,-0.433,-0.758,False,69.0,1596.0
langhcr01w,Crystal Langhorne,2008,WAS,34,,True,-1.181,-1.818,,False,79.0,1990.0
smithcr01w,Crystal Smith,2008,"MIN,WAS",29,,True,-1.814,-2.791,,False,105.0,2429.0
pageda01w,Danielle Page,2008,CON,3,,False,-2.043,-3.144,,False,,
miltode01w,DeLisha Milton-Jones,2008,LAS,31,6.0,True,4.298,5.437,2.181,False,11.0,263.0
walkede01w,DeMya Walker,2008,SAC,7,3.0,False,-3.408,-3.731,-2.808,False,,
nolande01w,Deanna Nolan,2008,DET,34,9.0,True,7.577,6.622,9.351,True,2.0,62.0
tauradi01w,Diana Taurasi,2008,PHO,34,,True,4.881,7.509,,False,8.0,214.0
cantydo01w,Dominique Canty,2008,CHI,28,,True,0.352,0.541,,False,54.0,1207.0
hodgedo01w,Doneeka Lewis,2008,IND,8,2.0,False,-3.694,-3.577,-3.912,False,,
hoffmeb01w,Ebony Hoffman,2008,IND,33,3.0,True,1.829,3.021,-0.384,False,29.0,725.0
lawsoed01w,Edwige Lawson-Wade,2008,SAS,30,5.0,True,-2.535,-2.477,-2.641,False,122.0,2849.0
powelel01w,Elaine Powell,2008,DET,16,9.0,False,-1.086,-1.281,-0.723,True,,
whiteer01w,Erica White,2008,HOU,34,,True,-1.589,-2.445,,False,93.0,2268.0
desouer01w,Erika de Souza,2008,ATL,12,,False,0.363,0.558,,False,,
perpeer01w,Erin Perperoglou,2008,SAS,34,,True,0.545,0.838,,False,47.0,1128.0
philler01w,Erin Phillips,2008,CON,8,3.0,False,-2.101,-1.499,-3.218,False,,
thorner01w,Erin Thorn,2008,NYL,32,6.0,True,-2.86,-2.816,-2.941,False,125.0,2942.0
larkier01w,Erlana Larkins,2008,NYL,27,6.0,True,-1.7,-1.564,-1.951,False,99.0,2356.0
carsoes01w,Essence Carson,2008,NYL,34,6.0,True,-1.306,-0.964,-1.942,False,85.0,2082.0
pascafl01w,Florina Pascalau,2008,SEA,3,,False,-2.973,-4.574,,False,,
maigaha01w,Hamchetou Maiga-Ba,2008,HOU,26,,True,-0.083,-0.127,,False,63.0,1396.0
darlihe01w,Helen Darling,2008,SAS,31,6.0,True,-2.26,-1.692,-3.315,False,116.0,2720.0
lattaiv01w,Ivory Latta,2008,ATL,34,,True,-0.745,-1.147,,False,72.0,1717.0
castriz01w,Iziane Castro Marques,2008,ATL,29,,True,-1.342,-2.065,,False,86.0,2099.0
careyja01w,Jamie Carey,2008,CON,33,1.0,True,-2.416,-1.685,-3.775,False,119.0,2807.0
mccarja01w,Janel McCarville,2008,NYL,31,6.0,True,3.36,3.92,2.319,False,17.0,383.0
derevje01w,Jennifer Derevjanik,2008,PHO,17,,False,-2.417,-3.718,,False,,
lacyje01w,Jennifer Lacy,2008,ATL,33,,True,-1.665,-2.562,,False,97.0,2328.0
davenje01w,Jessica Davenport,2008,NYL,14,4.0,False,-2.337,-1.754,-3.419,False,,
mooreje01w,Jessica Moore,2008,LAS,28,6.0,True,-3.553,-3.381,-3.874,False,131.0,3137.0
perkiji01w,Jia Perkins,2008,CHI,34,,True,2.941,4.524,,False,22.0,458.0
anderjo01w,Jolene Anderson,2008,CON,24,,True,-1.219,-1.875,,False,81.0,2019.0
sharpkb01w,K.B. Sharp,2008,CHI,34,,True,-1.645,-2.531,,False,96.0,2312.0
gisseka01w,Kamela Gissendanner,2008,LAS,2,,False,-2.85,-4.385,,False,,
braxtka01w,Kara Braxton,2008,DET,33,9.0,True,2.236,1.733,3.169,True,27.0,620.0
lawsoka01w,Kara Lawson,2008,SAC,32,3.0,True,0.974,1.668,-0.315,False,39.0,983.0
terryka01w,Kasha Terry,2008,"ATL,IND",22,,False,-1.488,-2.289,,False,,
douglka01w,Katie Douglas,2008,IND,33,3.0,True,2.659,4.622,-0.986,False,23.0,523.0
gearlka01w,Katie Gearlds,2008,SEA,34,3.0,True,-2.228,-1.523,-3.538,False,115.0,2707.0
matteka01w,Katie Mattera,2008,ATL,33,,True,-1.095,-1.685,,False,75.0,1932.0
smithka01w,Katie Smith,2008,DET,34,9.0,True,6.396,5.59,7.892,True,3.0,105.0
mazzake01w,Kelly Mazzante,2008,PHO,34,,True,-1.138,-1.751,,False,76.0,1965.0
milleke01w,Kelly Miller,2008,PHO,34,,True,0.149,0.23,,False,58.0,1291.0
santoke01w,Kelly Santos,2008,SEA,22,2.0,False,-3.601,-3.253,-4.247,False,,
schumke01w,Kelly Schumacher,2008,DET,7,8.0,False,-2.706,-2.782,-2.566,True,,
weckeke01w,Kendra Wecker,2008,WAS,9,,False,-2.647,-4.072,,False,,
gardike01w,Kerri Gardin,2008,CON,34,3.0,True,-1.806,-1.19,-2.951,False,104.0,2421.0
swanike01w,Ketia Swanier,2008,CON,25,,True,-2.121,-3.263,,False,112.0,2649.0
whittkh01w,Khadijah Whittington,2008,IND,22,3.0,False,-3.576,-3.33,-4.032,False,,
brownki01w,Kiesha Brown,2008,LAS,32,4.0,True,-1.732,-0.985,-3.119,False,101.0,2386.0
smithki01w,Kim Smith,2008,SAC,21,,False,-2.514,-3.868,,False,,
beckki01w,Kimberly Beck,2008,SEA,17,2.0,False,-4.125,-3.882,-4.576,False,,
mannkr01w,Kristen Mann,2008,"ATL,IND",18,3.0,False,-3.476,-3.302,-3.8,False,,
oneilkr01w,Kristen O'Neill,2008,SEA,11,,False,-2.984,-4.591,,False,,
rasmukr01w,Kristen Rasmussen,2008,MIN,31,,True,-1.68,-2.584,,False,98.0,2340.0
haynikr01w,Kristin Haynie,2008,ATL,33,,True,-2.135,-3.284,,False,113.0,2660.0
vaughkr01w,Krystal Vaughn,2008,WAS,15,,False,-2.709,-4.168,,False,,
atkinla01w,La'Tangela Atkinson,2008,SAC,5,,False,-1.521,-2.34,,False,,
bondla01w,LaToya Bond,2008,IND,32,,True,-2.063,-3.173,,False,110.0,2614.0
pringla01w,LaToya Sanders,2008,PHO,29,,True,-1.148,-1.767,,False,78.0,1969.0
thomala01w,LaToya Thomas,2008,"DET,MIN",20,,False,-1.955,-3.008,,False,,
byearla01w,Latasha Byears,2008,HOU,11,,False,-2.371,-3.647,,False,,
harpela01w,Laura Harper,2008,SAC,34,3.0,True,-1.8,-1.171,-2.968,False,103.0,2420.0
jacksla01w,Lauren Jackson,2008,SEA,21,,False,5.272,8.111,,False,,
koehnla01w,Laurie Koehn,2008,WAS,30,,True,-2.333,-3.59,,False,118.0,2760.0
willile01w,Le'coe Willingham,2008,PHO,34,,True,0.606,0.933,,False,45.0,1111.0
rushle01w,Leah Rush,2008,CHI,2,,False,-2.645,-4.07,,False,,
mitchle01w,Leilani Mitchell,2008,NYL,34,6.0,True,-1.924,-1.65,-2.434,False,106.0,2518.0
whaleli01w,Lindsay Whalen,2008,CON,31,3.0,True,4.676,6.524,1.246,False,10.0,232.0
hardili01w,Lindsey Harding,2008,MIN,24,,True,-0.343,-0.528,,False,66.0,1509.0
leslili01w,Lisa Leslie,2008,LAS,33,6.0,True,5.679,6.599,3.97,False,6.0,153.0
willili01w,Lisa Willis,2008,NYL,34,6.0,True,-2.295,-1.414,-3.931,False,117.0,2738.0
moorelo01w,Loree Moore,2008,NYL,29,6.0,True,-0.078,0.084,-0.378,False,62.0,1393.0
walkema01w,Marcedes Walker,2008,HOU,2,,False,-2.412,-3.71,,False,,
dydekma01w,Margo Dydek,2008,LAS,2,1.0,False,-3.781,-3.416,-4.459,False,,
ferdima01w,Marie Ferdinand-Harris,2008,LAS,33,6.0,True,0.361,0.89,-0.622,False,53.0,1203.0
ajavoma01w,Matee Ajavon,2008,HOU,34,,True,-0.36,-0.553,,False,67.0,1516.0
duffyme01w,Megan Duffy,2008,NYL,6,,False,-2.328,-3.582,,False,,
snowmi01w,Michelle Snow,2008,HOU,34,,True,1.12,1.723,,False,37.0,930.0
bassmi01w,Mistie Bass,2008,HOU,32,,True,-1.439,-2.214,,False,88.0,2171.0
currimo01w,Monique Currie,2008,WAS,34,,True,0.592,0.911,,False,46.0,1116.0
atunrmo01w,Morenike Atunrase,2008,SAS,33,8.0,True,-3.347,-3.096,-3.813,False,128.0,3090.0
pagemu01w,Murriel Page,2008,LAS,27,5.0,True,-3.799,-3.444,-4.458,False,133.0,3197.0
mabikmw01w,Mwadi Mabika,2008,HOU,20,,False,-1.347,-2.073,,False,,
sanfona01w,Nakia Sanford,2008,WAS,34,,True,-0.626,-0.963,,False,71.0,1644.0
liebena01w,Nancy Lieberman,2008,DET,1,,False,-3.035,-4.669,,False,,
moorena01w,Navonda Moore,2008,MIN,16,,False,-2.017,-3.103,,False,,
anosini01w,Nicky Anosike,2008,MIN,34,,True,0.938,1.443,,False,40.0,998.0
ohldeni01w,Nicole Ohlde,2008,MIN,34,,True,-0.569,-0.876,,False,70.0,1614.0
powelni01w,Nicole Powell,2008,SAC,34,3.0,True,2.065,2.442,1.364,False,28.0,666.0
blueni01w,Nikki Blue,2008,WAS,26,,True,-1.568,-2.412,,False,91.0,2252.0
quinnno01w,Noelle Quinn,2008,MIN,32,,True,-1.264,-1.944,,False,83.0,2047.0
sanniol01w,Olayinka Sanni,2008,DET,31,9.0,True,-2.419,-2.236,-2.759,True,120.0,2809.0
scottol01w,Olympia Scott,2008,PHO,6,,False,-1.698,-2.612,,False,,
pierspl01w,Plenette Pierson,2008,DET,28,6.0,True,2.945,3.963,1.053,True,21.0,457.0
chanequ01w,Quianna Chaney,2008,CHI,28,,True,-2.082,-3.203,,False,111.0,2629.0
mascira01w,Raffaella Masciadri,2008,LAS,29,5.0,True,-2.055,-1.943,-2.262,False,109.0,2607.0
brunsre01w,Rebekkah Brunson,2008,SAC,30,,True,1.223,1.882,,False,34.0,891.0
hodgero01w,Roneeka Hodges,2008,HOU,15,,False,-0.389,-0.599,,False,,
rileyru01w,Ruth Riley,2008,SAS,30,9.0,True,-1.495,-0.636,-3.088,False,89.0,2203.0
lyttlsa01w,Sancho Lyttle,2008,HOU,27,,True,0.537,0.827,,False,48.0,1132.0
irvinsa01w,Sandora Irvin,2008,SAS,21,3.0,False,-3.861,-3.589,-4.366,False,,
grudasa01w,Sandrine Gruda,2008,CON,31,3.0,True,-1.216,-0.272,-2.968,False,80.0,2013.0
dorresc01w,Scholanda Dorrell,2008,SAC,29,,True,-0.806,-1.24,,False,73.0,1763.0
augusse01w,Seimone Augustus,2008,MIN,31,,True,3.53,5.43,,False,15.0,360.0
holmese01w,Sequoia Holmes,2008,HOU,17,,False,-1.799,-2.768,,False,,
chrissh01w,Shameka Christon,2008,NYL,31,6.0,True,3.254,3.951,1.958,False,20.0,403.0
bobbish01w,Shannon Bobbitt,2008,LAS,26,6.0,True,-1.242,-0.847,-1.974,False,82.0,2034.0
johnssh01w,Shannon Johnson,2008,HOU,33,,True,0.483,0.743,,False,49.0,1153.0
zollsh01w,Sharnee Zoll,2008,MIN,6,,False,-2.383,-3.667,,False,,
murphsh01w,Shay Murphy,2008,"DET,MIN,WAS",17,,False,-2.048,-3.151,,False,,
samsh01w,Sheri Sam,2008,DET,32,6.0,True,-2.596,-1.946,-3.804,True,124.0,2871.0
bakersh01w,Sherill Baker,2008,IND,13,,False,-1.449,-2.229,,False,,
swoopsh01w,Sheryl Swoopes,2008,SEA,29,3.0,True,0.267,1.15,-1.372,False,56.0,1245.0
elysh01w,Shyra Ely-Gash,2008,SEA,34,2.0,True,-2.873,-2.236,-4.057,False,126.0,2946.0
spencsi01w,Sidney Spencer,2008,LAS,33,5.0,True,-2.018,-1.26,-3.425,False,108.0,2576.0
youngso01w,Sophia Young-Malcolm,2008,SAS,33,9.0,True,5.885,6.925,3.956,False,5.0,136.0
lovelst01w,Stacey Lovelace,2008,"ATL,DET",22,,False,-1.414,-2.175,,False,,
birdsu01w,Sue Bird,2008,SEA,33,3.0,True,4.125,5.319,1.909,False,12.0,282.0
abrossv01w,Svetlana Abrosimova,2008,CON,6,3.0,False,-1.158,-0.715,-1.982,False,,
cashsw01w,Swin Cash,2008,SEA,31,3.0,True,1.734,3.6,-1.73,False,31.0,737.0
fowlesy01w,Sylvia Fowles,2008,CHI,17,,False,1.262,1.941,,False,,
mcwilta01w,Taj McWilliams-Franklin,2008,"DET,WAS",33,9.0,True,3.999,2.255,7.238,True,13.0,294.0
dixonta01w,Tamecka Dixon,2008,HOU,24,,True,0.203,0.313,,False,57.0,1268.0
youngta01w,Tamera Young,2008,ATL,33,,True,-1.587,-2.442,,False,92.0,2265.0
catchta01w,Tamika Catchings,2008,IND,25,3.0,True,3.356,4.151,1.88,False,18.0,384.0
whitmta01w,Tamika Whitmore,2008,CON,34,3.0,True,2.528,3.984,-0.175,False,25.0,560.0
willita02w,Tamika Williams,2008,CON,34,,True,-1.637,-2.518,,False,95.0,2309.0
suttota01w,Tammy Sutton-Brown,2008,IND,33,3.0,True,1.75,2.881,-0.349,False,30.0,734.0
whiteta01w,Tan White,2008,IND,33,3.0,True,0.043,1.446,-2.562,False,60.0,1329.0
smithta01w,Tangela Smith,2008,PHO,25,,True,1.13,1.739,,False,36.0,922.0
wrighta01w,Tanisha Wright,2008,SEA,34,3.0,True,0.997,1.428,0.194,False,38.0,973.0
humphta01w,Tasha Humphrey,2008,"DET,WAS",30,,True,0.38,0.585,,False,52.0,1191.0
johnste01w,Temeka Johnson,2008,LAS,23,6.0,False,-1.103,-1.369,-0.61,False,,
penicti01w,Ticha Penicheiro,2008,SAC,33,3.0,True,0.711,1.032,0.114,False,43.0,1075.0
jacksti02w,Tiffany Jackson-Jones,2008,NYL,25,,True,0.706,1.087,,False,44.0,1079.0
thompti01w,Tina Thompson,2008,HOU,30,,True,3.494,5.375,,False,16.0,367.0
beviltu01w,Tully Bevilaqua,2008,IND,30,3.0,True,-1.274,-0.652,-2.428,False,84.0,2056.0
flukety01w,Tye'sha Fluker,2008,CHI,26,,True,-1.999,-3.076,,False,107.0,2561.0
berezva01w,Val Berezhynska,2008,SAS,2,,False,-3.035,-4.669,,False,,
haydeva01w,Vanessa Hayden,2008,MIN,30,,True,-0.827,-1.272,,False,74.0,1777.0
johnsvi01w,Vickie Johnson,2008,SAS,32,9.0,True,1.208,1.547,0.578,False,35.0,898.0
smithwa01w,Wanisha Smith,2008,DET,1,,False,-3.035,-4.669,,False,,
crockwi01w,Willnett Crockett,2008,PHO,5,,False,-2.148,-3.305,,False,,
griffyo01w,Yolanda Griffith,2008,SEA,30,3.0,True,0.479,1.438,-1.301,False,50.0,1154.0
ogayu01w,Yuko Oga,2008,PHO,23,,False,-2.179,-3.352,,False,,
frankaq01w,A'Quonesia Franklin,2009,SEA,2,,False,-3.216,-4.948,,False,,
beardal01w,Alana Beard,2009,WAS,31,2.0,True,2.186,3.806,-0.823,False,24.0,628.0
hornbal01w,Alexis Hornbuckle,2009,DET,32,5.0,True,1.014,0.471,2.022,False,45.0,968.0
quiglal01w,Allie Quigley,2009,PHO,6,,False,-2.679,-4.122,,False,,
holtam01w,Amber Holt,2009,CON,23,,False,-0.674,-1.038,,False,,
jekaban01w,Anete Jekabsone-Zogota,2009,CON,27,,True,0.418,0.644,,False,51.0,1179.0
mccouan01w,Angel McCoughtry,2009,ATL,34,2.0,True,2.132,3.013,0.496,False,28.0,647.0
wautean01w,Ann Wauters,2009,SAS,17,3.0,False,1.339,2.539,-0.889,False,,
deforan01w,Anna DeForge,2009,DET,7,,False,-2.211,-3.401,,False,,
montaan01w,Anna Montanana,2009,MIN,16,,False,-2.263,-3.482,,False,,
pricear01w,Armintie Herrington,2009,"ATL,CHI",33,2.0,True,-3.318,-3.21,-3.52,False,115.0,3082.0
battlas01w,Ashley Battle,2009,NYL,34,,True,-1.103,-1.696,,False,68.0,1934.0
robinas01w,Ashley Robinson,2009,SEA,26,3.0,True,-4.865,-4.764,-5.054,False,122.0,3253.0
walkeas01w,Ashley Walker,2009,SEA,13,1.0,False,-4.185,-3.882,-4.75,False,,
jonesas01w,Asjha Jones,2009,CON,23,,False,3.245,4.993,,False,,
farriba01w,Barbara Farris,2009,DET,13,,False,-2.672,-4.111,,False,,
turneba01w,Barbara Turner,2009,CON,7,,False,-1.606,-2.47,,False,,
hammobe01w,Becky Hammon,2009,SAS,31,3.0,True,3.336,5.042,0.168,False,10.0,390.0
snellbe01w,Belinda Snell,2009,SAS,30,1.0,True,-2.458,-1.678,-3.906,False,102.0,2822.0
mosbybe01w,Bernice Mosby,2009,WAS,24,,True,-2.55,-3.923,,False,105.0,2855.0
lennobe01w,Betty Lennox,2009,LAS,30,6.0,True,1.984,2.278,1.438,False,31.0,684.0
januabr01w,Briann January,2009,IND,33,10.0,True,0.353,-0.15,1.286,False,52.0,1205.0
millebr01w,Britany Miller,2009,DET,1,,False,-3.413,-5.252,,False,,
smithbr01w,Brooke Smith,2009,PHO,21,1.0,False,-4.319,-4.202,-4.535,True,,
wyckobr01w,Brooke Wyckoff,2009,CHI,27,,True,-1.948,-2.997,,False,91.0,2538.0
littlca01w,Camille Smith,2009,SEA,34,3.0,True,1.449,2.927,-1.296,False,38.0,823.0
parkeca01w,Candace Parker,2009,LAS,25,6.0,True,6.104,6.008,6.283,False,4.0,118.0
dupreca01w,Candice Dupree,2009,CHI,34,,True,1.928,2.965,,False,32.0,698.0
wiggica01w,Candice Wiggins,2009,MIN,34,,True,0.261,0.401,,False,53.0,1246.0
pondeca01w,Cappie Pondexter,2009,PHO,34,11.0,True,7.312,6.778,8.304,True,2.0,69.0
kraayca01w,Cathrine Kraayeveld,2009,NYL,34,,True,0.441,0.678,,False,49.0,1166.0
holdsch01w,Chamique Holdsclaw,2009,ATL,25,1.0,True,1.833,3.701,-1.637,False,35.0,724.0
blackch01w,Chante Black,2009,CON,33,,True,-1.908,-2.935,,False,90.0,2503.0
houstch01w,Charde Houston,2009,MIN,34,,True,0.734,1.129,,False,48.0,1069.0
melvich01w,Chasity Melvin,2009,WAS,34,2.0,True,-1.367,-0.933,-2.174,False,76.0,2119.0
newtoch01w,Chelsea Newton,2009,SAC,23,,False,-2.063,-3.173,,False,,
nanch01w,Chen Nan,2009,CHI,26,,True,-1.983,-3.05,,False,93.0,2556.0
fordch01w,Cheryl Ford,2009,DET,29,5.0,True,1.288,1.382,1.114,False,42.0,877.0
thomach01w,Christi Thomas,2009,MIN,11,,False,-3.17,-4.878,,False,,
wirthch01w,Christina Wirth,2009,IND,21,5.0,False,-4.455,-4.347,-4.656,False,,
milleco01w,Coco Miller,2009,ATL,34,2.0,True,-3.073,-2.663,-3.832,False,110.0,3010.0
parisco01w,Courtney Paris,2009,SAC,33,,True,-1.133,-1.743,,False,70.0,1958.0
kellycr01w,Crystal Kelly,2009,"DET,SAC",34,3.0,True,-3.331,-2.958,-4.025,False,116.0,3087.0
langhcr01w,Crystal Langhorne,2009,WAS,34,2.0,True,2.282,3.05,0.858,False,22.0,609.0
miltode01w,DeLisha Milton-Jones,2009,LAS,33,6.0,True,2.583,3.332,1.192,False,19.0,543.0
walkede01w,DeMya Walker,2009,SAC,34,,True,-0.033,-0.051,,False,56.0,1367.0
bonnede01w,DeWanna Bonner,2009,PHO,34,11.0,True,2.135,2.265,1.893,True,27.0,644.0
nolande01w,Deanna Nolan,2009,DET,33,5.0,True,5.536,5.474,5.652,False,6.0,162.0
tauradi01w,Diana Taurasi,2009,PHO,31,11.0,True,9.126,7.718,11.741,True,1.0,26.0
cantydo01w,Dominique Canty,2009,CHI,34,,True,-1.105,-1.7,,False,69.0,1935.0
hoffmeb01w,Ebony Hoffman,2009,IND,34,10.0,True,2.689,2.822,2.443,False,16.0,513.0
lawsoed01w,Edwige Lawson-Wade,2009,SAS,33,3.0,True,-2.074,-1.997,-2.216,False,95.0,2625.0
whiteer01w,Erica White,2009,IND,2,,False,-2.681,-4.125,,False,,
desouer01w,Erika de Souza,2009,ATL,34,2.0,True,2.666,4.146,-0.084,False,17.0,521.0
perpeer01w,Erin Perperoglou,2009,SAS,34,,True,-2.139,-3.291,,False,98.0,2662.0
philler01w,Erin Phillips,2009,CON,32,,True,0.049,0.075,,False,55.0,1326.0
thorner01w,Erin Thorn,2009,CHI,34,,True,-1.305,-2.008,,False,75.0,2081.0
larkier01w,Erlana Larkins,2009,NYL,18,,False,-2.27,-3.492,,False,,
carsoes01w,Essence Carson,2009,NYL,34,,True,0.216,0.333,,False,54.0,1262.0
maigaha01w,Hamchetou Maiga-Ba,2009,SAC,34,,True,-0.401,-0.616,,False,59.0,1538.0
darlihe01w,Helen Darling,2009,SAS,34,3.0,True,-3.342,-2.898,-4.165,False,117.0,3088.0
lattaiv01w,Ivory Latta,2009,ATL,24,2.0,True,-1.766,-1.606,-2.063,False,87.0,2401.0
castriz01w,Iziane Castro Marques,2009,ATL,34,2.0,True,2.158,3.329,-0.017,False,25.0,639.0
mccarja01w,Janel McCarville,2009,NYL,32,,True,1.874,2.884,,False,33.0,712.0
burseja01w,Janell Burse,2009,SEA,34,3.0,True,-1.837,-0.801,-3.761,False,88.0,2444.0
lacyje01w,Jennifer Lacy,2009,ATL,32,2.0,True,-3.62,-3.162,-4.471,False,118.0,3155.0
davenje01w,Jessica Davenport,2009,IND,26,9.0,True,-3.187,-3.274,-3.024,False,112.0,3044.0
mooreje01w,Jessica Moore,2009,IND,31,10.0,True,-2.103,-1.416,-3.38,False,97.0,2641.0
perkiji01w,Jia Perkins,2009,CHI,34,,True,0.785,1.208,,False,46.0,1054.0
sharpkb01w,K.B. Sharp,2009,CHI,27,,True,-2.408,-3.704,,False,100.0,2799.0
braxtka01w,Kara Braxton,2009,DET,28,5.0,True,1.361,1.454,1.188,False,40.0,857.0
lawsoka01w,Kara Lawson,2009,SAC,25,,True,-0.22,-0.338,,False,58.0,1454.0
douglka01w,Katie Douglas,2009,IND,31,10.0,True,6.06,6.78,4.724,False,5.0,122.0
gearlka01w,Katie Gearlds,2009,SEA,20,,False,-1.693,-2.604,,False,,
matteka01w,Katie Mattera,2009,"CHI,SAS",15,,False,-2.222,-3.418,,False,,
smithka01w,Katie Smith,2009,DET,27,,True,2.235,3.438,,False,23.0,621.0
mazzake01w,Kelly Mazzante,2009,PHO,31,4.0,True,-3.645,-3.122,-4.616,True,119.0,3159.0
milleke01w,Kelly Miller,2009,MIN,34,,True,-1.842,-2.834,,False,89.0,2450.0
schumke01w,Kelly Schumacher,2009,DET,1,,False,-3.413,-5.252,,False,,
gardike01w,Kerri Gardin,2009,CON,33,,True,-0.76,-1.169,,False,64.0,1726.0
swanike01w,Ketia Swanier,2009,PHO,33,9.0,True,-3.134,-2.991,-3.4,True,111.0,3026.0
whittkh01w,Khadijah Whittington,2009,IND,3,,False,-1.647,-2.535,,False,,
vaughki01w,Kia Vaughn,2009,NYL,34,,True,-1.445,-2.223,,False,80.0,2178.0
brownki01w,Kiesha Brown,2009,CON,34,,True,-1.747,-2.687,,False,86.0,2394.0
mannkr01w,Kristen Mann,2009,WAS,16,1.0,False,-4.33,-4.203,-4.566,False,,
cironkr01w,Kristi Cirone,2009,CON,4,,False,-2.442,-3.757,,False,,
harrokr01w,Kristi Harrower,2009,LAS,31,5.0,True,-2.767,-2.424,-3.404,False,107.0,2923.0
tolivkr01w,Kristi Toliver,2009,CHI,27,,True,-0.784,-1.206,,False,65.0,1746.0
haynikr01w,Kristin Haynie,2009,"DET,SAC",29,,True,-2.033,-3.128,,False,94.0,2592.0
atkinla01w,La'Tangela Atkinson,2009,SEA,2,,False,-0.546,-0.84,,False,,
pringla01w,LaToya Sanders,2009,MIN,17,,False,-2.286,-3.516,,False,,
harpela01w,Laura Harper,2009,SAC,33,,True,-1.387,-2.134,,False,79.0,2132.0
ervinla01w,Lauren Ervin,2009,CON,8,,False,-2.522,-3.88,,False,,
jacksla01w,Lauren Jackson,2009,SEA,26,,True,5.044,7.76,,False,7.0,198.0
willile01w,Le'coe Willingham,2009,PHO,34,11.0,True,1.448,1.302,1.719,True,39.0,825.0
mitchle01w,Leilani Mitchell,2009,NYL,34,,True,-2.098,-3.228,,False,96.0,2640.0
whaleli01w,Lindsay Whalen,2009,CON,34,,True,2.157,3.318,,False,26.0,640.0
wisdoli01w,Lindsay Wisdom-Hylton,2009,LAS,29,2.0,True,-4.014,-3.634,-4.72,False,121.0,3233.0
hardili01w,Lindsey Harding,2009,WAS,34,2.0,True,1.84,3.166,-0.622,False,34.0,719.0
leslili01w,Lisa Leslie,2009,LAS,23,6.0,False,5.636,5.868,5.205,False,,
willili01w,Lisa Willis,2009,SAC,2,,False,-3.413,-5.252,,False,,
moorelo01w,Loree Moore,2009,NYL,34,,True,-0.09,-0.138,,False,57.0,1401.0
ferdima01w,Marie Ferdinand-Harris,2009,LAS,28,2.0,True,-2.499,-1.861,-3.685,False,103.0,2840.0
colemma01w,Marissa Coleman,2009,WAS,28,2.0,True,-1.648,-1.468,-1.982,False,84.0,2315.0
ajavoma01w,Matee Ajavon,2009,WAS,34,2.0,True,-1.372,-0.946,-2.165,False,78.0,2123.0
frazeme01w,Megan Frazee,2009,SAS,29,1.0,True,-2.697,-2.018,-3.959,False,106.0,2899.0
snowmi01w,Michelle Snow,2009,ATL,34,2.0,True,-1.649,-0.964,-2.923,False,85.0,2317.0
bassmi01w,Mistie Bass,2009,CHI,8,,False,-0.922,-1.419,,False,,
currimo01w,Monique Currie,2009,WAS,34,2.0,True,-0.623,0.237,-2.221,False,63.0,1642.0
sanfona01w,Nakia Sanford,2009,WAS,34,2.0,True,-1.516,-0.841,-2.77,False,81.0,2220.0
anosini01w,Nicky Anosike,2009,MIN,30,,True,1.137,1.75,,False,44.0,919.0
ohldeni01w,Nicole Ohlde,2009,PHO,21,11.0,False,-2.063,-1.855,-2.45,True,,
powelni01w,Nicole Powell,2009,SAC,34,,True,2.505,3.854,,False,21.0,564.0
blueni01w,Nikki Blue,2009,WAS,16,,False,-2.732,-4.203,,False,,
teaslni01w,Nikki Teasley,2009,"ATL,DET",21,5.0,False,-2.26,-2.075,-2.605,False,,
quinnno01w,Noelle Quinn,2009,LAS,34,6.0,True,1.289,2.371,-0.721,False,41.0,876.0
sanniol01w,Olayinka Sanni,2009,DET,31,3.0,True,-3.01,-2.641,-3.695,False,109.0,2999.0
taylope01w,Penny Taylor,2009,PHO,14,11.0,False,3.203,1.798,5.813,True,,
pierspl01w,Plenette Pierson,2009,DET,1,,False,-3.413,-5.252,,False,,
holliqu01w,Quanitra Hollingsworth,2009,MIN,34,,True,-1.595,-2.455,,False,82.0,2271.0
mccanra01w,Rashanda McCants,2009,MIN,34,,True,-1.978,-3.044,,False,92.0,2553.0
brunsre01w,Rebekkah Brunson,2009,SAC,27,,True,1.212,1.864,,False,43.0,895.0
montgre01w,Renee Montgomery,2009,MIN,34,,True,-0.582,-0.895,,False,61.0,1620.0
hodgero01w,Roneeka Hodges,2009,MIN,33,,True,-0.582,-0.896,,False,62.0,1621.0
rileyru01w,Ruth Riley,2009,SAS,31,3.0,True,-2.423,-1.726,-3.718,False,101.0,2810.0
lyttlsa01w,Sancho Lyttle,2009,ATL,34,2.0,True,2.6,4.342,-0.635,False,18.0,541.0
grudasa01w,Sandrine Gruda,2009,CON,26,,True,2.09,3.215,,False,29.0,654.0
dorresc01w,Scholanda Dorrell,2009,SAC,34,,True,-1.24,-1.907,,False,73.0,2032.0
augusse01w,Seimone Augustus,2009,MIN,6,,False,3.819,5.875,,False,,
lehnish01w,Shalee Lehning,2009,ATL,34,,True,-1.194,-1.837,,False,72.0,1995.0
chrissh01w,Shameka Christon,2009,NYL,32,,True,2.821,4.34,,False,14.0,480.0
zolmash01w,Shanna Zolman,2009,SAS,19,,False,-1.708,-2.628,,False,,
bobbish01w,Shannon Bobbitt,2009,LAS,33,3.0,True,-3.894,-3.463,-4.696,False,120.0,3211.0
johnssh01w,Shannon Johnson,2009,SEA,34,3.0,True,-2.54,-1.91,-3.71,False,104.0,2852.0
zellosh01w,Shavonte Zellous,2009,DET,34,5.0,True,2.567,2.149,3.345,False,20.0,547.0
murphsh01w,Shay Murphy,2009,IND,24,4.0,True,-3.225,-2.512,-4.549,False,113.0,3056.0
bakersh01w,Sherill Baker,2009,DET,1,,False,-0.693,-1.067,,False,,
elysh01w,Shyra Ely-Gash,2009,CHI,34,,True,-1.151,-1.77,,False,71.0,1973.0
spencsi01w,Sidney Spencer,2009,NYL,33,,True,-2.197,-3.381,,False,99.0,2692.0
youngso01w,Sophia Young-Malcolm,2009,SAS,33,3.0,True,2.833,4.19,0.314,False,13.0,478.0
birdsu01w,Sue Bird,2009,SEA,31,3.0,True,3.088,4.67,0.151,False,11.0,426.0
batkosu01w,Suzy Batkovic-Brown,2009,SEA,20,3.0,False,-3.115,-3.572,-2.267,False,,
cashsw01w,Swin Cash,2009,SEA,32,3.0,True,3.566,4.524,1.785,False,9.0,354.0
fowlesy01w,Sylvia Fowles,2009,CHI,24,,True,0.765,1.177,,False,47.0,1062.0
mcwilta01w,Taj McWilliams-Franklin,2009,DET,34,5.0,True,2.011,2.724,0.685,False,30.0,678.0
dixonta01w,Tamecka Dixon,2009,IND,32,10.0,True,-2.892,-2.381,-3.841,False,108.0,2955.0
youngta01w,Tamera Young,2009,"ATL,CHI",21,,False,-1.818,-2.798,,False,,
catchta01w,Tamika Catchings,2009,IND,34,10.0,True,7.099,6.635,7.959,False,3.0,78.0
whitmta01w,Tamika Whitmore,2009,CON,24,,True,-1.612,-2.48,,False,83.0,2289.0
suttota01w,Tammy Sutton-Brown,2009,IND,27,10.0,True,2.788,2.413,3.485,False,15.0,489.0
whiteta01w,Tan White,2009,CON,30,,True,0.423,0.651,,False,50.0,1174.0
davista01w,Tanae Davis-Cain,2009,DET,1,,False,-2.719,-4.183,,False,,
smithta01w,Tangela Smith,2009,PHO,34,11.0,True,1.679,0.842,3.234,True,36.0,752.0
wrighta01w,Tanisha Wright,2009,SEA,33,3.0,True,2.88,4.174,0.476,False,12.0,469.0
humphta01w,Tasha Humphrey,2009,"MIN,WAS",28,,True,-1.241,-1.91,,False,74.0,2033.0
johnste01w,Temeka Johnson,2009,PHO,34,11.0,True,1.585,1.817,1.152,True,37.0,787.0
penicti01w,Ticha Penicheiro,2009,SAC,30,,True,-0.816,-1.255,,False,66.0,1770.0
jacksti02w,Tiffany Jackson-Jones,2009,NYL,34,,True,-1.075,-1.654,,False,67.0,1923.0
thompti01w,Tina Thompson,2009,LAS,34,6.0,True,4.98,5.262,4.456,False,8.0,205.0
beviltu01w,Tully Bevilaqua,2009,IND,34,10.0,True,-0.402,0.041,-1.224,False,60.0,1539.0
haydeva01w,Vanessa Hayden,2009,LAS,25,1.0,True,-3.256,-2.681,-4.324,False,114.0,3065.0
johnsvi01w,Vickie Johnson,2009,SAS,32,3.0,True,-1.368,-1.418,-1.276,False,77.0,2120.0
boddiwh01w,Whitney Boddie,2009,SAC,4,,False,-3.247,-4.995,,False,,
griffyo01w,Yolanda Griffith,2009,IND,3,,False,-0.892,-1.373,,False,,
bishoab01w,Abby Bishop,2010,SEA,16,,False,-2.248,-3.459,,False,,
olajuab01w,Abi Olajuwon,2010,CHI,6,,False,-2.916,-4.486,,False,,
hornbal01w,Alexis Hornbuckle,2010,"MIN,TUL",28,,True,-1.568,-2.412,,False,77.0,2251.0
balesal01w,Alison Bales,2010,ATL,34,7.0,True,-2.539,-2.028,-3.486,False,92.0,2851.0
laceyal01w,Alison Lacey,2010,SEA,21,1.0,False,-4.649,-4.515,-4.9,True,,
quiglal01w,Allie Quigley,2010,"IND,SAS",7,,False,-2.401,-3.694,,False,,
hightal01w,Allison Hightower,2010,CON,20,,False,-2.306,-3.548,,False,,
thompam01w,Amanda Thompson,2010,TUL,7,,False,-2.666,-4.101,,False,,
holtam01w,Amber Holt,2010,TUL,33,,True,-1.439,-2.214,,False,71.0,2170.0
rileyan01w,Andrea Riley,2010,LAS,29,1.0,True,-3.67,-3.288,-4.38,False,103.0,3167.0
jekaban01w,Anete Jekabsone-Zogota,2010,CON,19,,False,-0.437,-0.672,,False,,
mccouan01w,Angel McCoughtry,2010,ATL,34,7.0,True,8.137,6.978,10.289,False,2.0,47.0
pricear01w,Armintie Herrington,2010,ATL,34,7.0,True,-1.304,-1.487,-0.964,False,67.0,2080.0
battlas01w,Ashley Battle,2010,SAS,5,2.0,False,-4.011,-3.997,-4.038,False,,
houtsas01w,Ashley Houts,2010,WAS,20,1.0,False,-4.547,-4.404,-4.812,False,,
robinas01w,Ashley Robinson,2010,SEA,30,4.0,True,-4.014,-3.7,-4.596,True,106.0,3232.0
walkeas01w,Ashley Walker,2010,TUL,2,,False,-3.305,-5.085,,False,,
jonesas01w,Asjha Jones,2010,CON,30,,True,1.135,1.746,,False,30.0,921.0
hammobe01w,Becky Hammon,2010,SAS,32,2.0,True,1.74,2.649,0.051,False,24.0,736.0
snellbe01w,Belinda Snell,2010,SAS,2,,False,-1.369,-2.106,,False,,
lennobe01w,Betty Lennox,2010,LAS,11,,False,-1.399,-2.153,,False,,
januabr01w,Briann January,2010,IND,30,3.0,True,-0.677,0.13,-2.176,False,55.0,1679.0
ravenbr01w,Brittainey Raven,2010,ATL,23,4.0,False,-4.331,-4.154,-4.66,False,,
smithbr01w,Brooke Smith,2010,PHO,16,2.0,False,-3.714,-3.36,-4.371,False,,
littlca01w,Camille Smith,2010,SEA,34,7.0,True,3.378,2.643,4.742,True,15.0,380.0
parkeca01w,Candace Parker,2010,LAS,10,,False,4.248,6.535,,False,,
dupreca01w,Candice Dupree,2010,PHO,34,4.0,True,3.931,3.703,4.355,False,11.0,303.0
wiggica01w,Candice Wiggins,2010,MIN,8,,False,1.317,2.027,,False,,
pondeca01w,Cappie Pondexter,2010,NYL,34,5.0,True,7.728,8.196,6.859,False,3.0,55.0
kraayca01w,Cathrine Kraayeveld,2010,CHI,34,,True,-1.209,-1.86,,False,66.0,2009.0
holdsch01w,Chamique Holdsclaw,2010,SAS,29,,True,1.127,1.734,,False,31.0,926.0
mokanch01w,Chanel Mokango,2010,LAS,21,,False,-3.113,-4.789,,False,,
blackch01w,Chante Black,2010,TUL,34,,True,-1.897,-2.919,,False,84.0,2493.0
houstch01w,Charde Houston,2010,MIN,34,,True,0.497,0.764,,False,37.0,1148.0
melvich01w,Chasity Melvin,2010,WAS,34,2.0,True,-1.729,-1.156,-2.793,False,81.0,2382.0
thomach01w,Christi Thomas,2010,CHI,15,,False,-2.651,-4.079,,False,,
milleco01w,Coco Miller,2010,ATL,27,7.0,True,-1.911,-3.379,0.815,False,85.0,2504.0
kellycr01w,Crystal Kelly,2010,SAS,26,1.0,True,-3.761,-3.478,-4.285,False,104.0,3190.0
langhcr01w,Crystal Langhorne,2010,WAS,34,2.0,True,5.144,7.203,1.319,False,8.0,190.0
miltode01w,DeLisha Milton-Jones,2010,LAS,34,2.0,True,1.18,2.305,-0.908,False,29.0,908.0
walkede01w,DeMya Walker,2010,CON,31,,True,-1.631,-2.51,,False,79.0,2302.0
bonnede01w,DeWanna Bonner,2010,PHO,32,4.0,True,0.827,1.736,-0.861,False,33.0,1035.0
tauradi01w,Diana Taurasi,2010,PHO,31,4.0,True,5.693,6.472,4.246,False,6.0,150.0
cantydo01w,Dominique Canty,2010,CHI,34,,True,0.183,0.282,,False,46.0,1278.0
hoffmeb01w,Ebony Hoffman,2010,IND,34,3.0,True,0.081,0.7,-1.068,False,49.0,1315.0
lawsoed01w,Edwige Lawson-Wade,2010,SAS,33,2.0,True,-1.673,-1.44,-2.106,False,80.0,2334.0
princep01w,Epiphanny Prince,2010,CHI,34,,True,0.204,0.314,,False,44.0,1267.0
desouer01w,Erika de Souza,2010,ATL,34,7.0,True,3.288,3.418,3.048,False,16.0,397.0
thorner01w,Erin Thorn,2010,CHI,34,,True,-0.837,-1.288,,False,59.0,1781.0
carsoes01w,Essence Carson,2010,NYL,34,5.0,True,-1.949,-2.821,-0.329,False,86.0,2540.0
margiga01w,Gabriela Marginean,2010,MIN,4,,False,-3.016,-4.64,,False,,
maigaha01w,Hamchetou Maiga-Ba,2010,MIN,34,,True,-2.048,-3.151,,False,87.0,2601.0
darlihe01w,Helen Darling,2010,SAS,33,2.0,True,-4.018,-3.803,-4.417,False,107.0,3234.0
lattaiv01w,Ivory Latta,2010,TUL,18,,False,-0.262,-0.403,,False,,
castriz01w,Iziane Castro Marques,2010,ATL,34,7.0,True,4.31,4.113,4.676,False,10.0,262.0
monroja01w,Jacinta Monroe,2010,WAS,17,2.0,False,-4.136,-3.849,-4.671,False,,
veselja01w,Jana Vesela,2010,SEA,29,6.0,True,-2.584,-2.643,-2.474,True,94.0,2866.0
mccarja01w,Janel McCarville,2010,NYL,34,2.0,True,0.487,1.409,-1.225,False,38.0,1151.0
appelja01w,Jayne Appel-Marinelli,2010,SAS,28,2.0,True,-3.123,-2.978,-3.393,False,99.0,3021.0
morrije01w,Jene Morris,2010,IND,25,1.0,True,-3.852,-3.505,-4.497,False,105.0,3206.0
lacyje01w,Jennifer Lacy,2010,TUL,24,,True,-1.395,-2.145,,False,70.0,2142.0
adairje01w,Jessica Adair,2010,MIN,1,,False,-0.428,-0.659,,False,,
davenje01w,Jessica Davenport,2010,IND,33,3.0,True,-0.947,-0.379,-2.002,False,60.0,1837.0
mooreje01w,Jessica Moore,2010,IND,33,3.0,True,-3.487,-2.944,-4.495,False,101.0,3123.0
perkiji01w,Jia Perkins,2010,CHI,34,,True,0.463,0.713,,False,39.0,1163.0
cheekjo01w,Joy Cheek,2010,IND,7,,False,-2.575,-3.962,,False,,
greenka01w,Kalana Greene,2010,NYL,33,5.0,True,-2.987,-2.276,-4.307,False,98.0,2991.0
braxtka01w,Kara Braxton,2010,"PHO,TUL",35,4.0,True,-0.267,0.056,-0.869,False,53.0,1473.0
lawsoka01w,Kara Lawson,2010,CON,34,,True,0.3,0.461,,False,43.0,1231.0
douglka01w,Katie Douglas,2010,IND,34,3.0,True,2.737,4.116,0.175,False,17.0,501.0
smithka01w,Katie Smith,2010,WAS,33,2.0,True,0.451,1.677,-1.827,False,40.0,1165.0
milleke01w,Kelly Miller,2010,ATL,30,4.0,True,-2.678,-2.276,-3.426,False,95.0,2897.0
griffke01w,Kelsey Griffin,2010,CON,34,,True,-0.956,-1.471,,False,61.0,1842.0
gardike01w,Kerri Gardin,2010,CON,25,,True,-2.705,-4.161,,False,96.0,2900.0
swanike01w,Ketia Swanier,2010,PHO,32,2.0,True,-3.569,-3.151,-4.346,False,102.0,3140.0
vaughki01w,Kia Vaughn,2010,NYL,30,5.0,True,-3.411,-3.737,-2.806,False,100.0,3107.0
brownki01w,Kiesha Brown,2010,TUL,27,,True,-1.79,-2.753,,False,83.0,2412.0
mannkr01w,Kristen Mann,2010,MIN,5,,False,-3.192,-4.911,,False,,
tolivkr01w,Kristi Toliver,2010,LAS,34,2.0,True,-1.499,-0.974,-2.475,False,75.0,2206.0
jacksla01w,Lauren Jackson,2010,SEA,32,7.0,True,10.653,9.683,12.454,True,1.0,15.0
willile01w,Le'coe Willingham,2010,SEA,33,7.0,True,-0.823,-0.832,-0.806,True,58.0,1775.0
mitchle01w,Leilani Mitchell,2010,NYL,34,5.0,True,0.336,1.461,-1.752,False,41.0,1213.0
whaleli01w,Lindsay Whalen,2010,MIN,33,,True,1.336,2.056,,False,27.0,866.0
wisdoli01w,Lindsay Wisdom-Hylton,2010,LAS,32,2.0,True,-2.794,-2.296,-3.72,False,97.0,2930.0
hardili01w,Lindsey Harding,2010,WAS,34,2.0,True,2.067,3.697,-0.962,False,20.0,664.0
ferdima01w,Marie Ferdinand-Harris,2010,LAS,30,2.0,True,-1.364,-0.88,-2.261,False,68.0,2118.0
jonesma01w,Marion Jones,2010,TUL,33,,True,-2.204,-3.391,,False,89.0,2694.0
colemma01w,Marissa Coleman,2010,WAS,34,2.0,True,-0.668,-0.271,-1.404,False,54.0,1672.0
ajavoma01w,Matee Ajavon,2010,WAS,34,2.0,True,-1.609,-1.629,-1.571,False,78.0,2287.0
frazeme01w,Megan Frazee,2010,SAS,10,,False,-1.975,-3.038,,False,,
snowmi01w,Michelle Snow,2010,SAS,34,2.0,True,-0.154,0.892,-2.098,False,51.0,1426.0
bassmi01w,Mistie Bass,2010,CHI,34,,True,-1.072,-1.65,,False,63.0,1920.0
wrighmo01w,Monica Wright,2010,MIN,34,,True,0.043,0.066,,False,50.0,1330.0
currimo01w,Monique Currie,2010,WAS,34,2.0,True,2.549,4.065,-0.268,False,19.0,555.0
sanfona01w,Nakia Sanford,2010,WAS,34,2.0,True,-1.487,-0.82,-2.726,False,74.0,2200.0
lacyna01w,Natasha Lacy,2010,TUL,16,,False,-0.825,-1.269,,False,,
anosini01w,Nicky Anosike,2010,MIN,31,,True,0.326,0.502,,False,42.0,1221.0
ohldeni01w,Nicole Ohlde,2010,"PHO,TUL",32,,True,-1.48,-2.278,,False,72.0,2196.0
powelni01w,Nicole Powell,2010,NYL,34,5.0,True,0.514,1.174,-0.713,False,35.0,1140.0
blueni01w,Nikki Blue,2010,NYL,15,1.0,False,-4.453,-4.26,-4.811,False,,
quinnno01w,Noelle Quinn,2010,LAS,34,2.0,True,-0.689,0.054,-2.067,False,56.0,1684.0
martinu01w,Nuria Martinez,2010,MIN,15,,False,-2.665,-4.099,,False,,
taylope01w,Penny Taylor,2010,PHO,32,4.0,True,3.695,4.13,2.887,False,14.0,333.0
pierspl01w,Plenette Pierson,2010,"NYL,TUL",33,5.0,True,0.162,0.53,-0.522,False,47.0,1287.0
holliqu01w,Quanitra Hollingsworth,2010,MIN,25,,True,-2.551,-3.925,,False,93.0,2856.0
mccanra01w,Rashanda McCants,2010,"MIN,TUL",23,,False,-1.378,-2.121,,False,,
brunsre01w,Rebekkah Brunson,2010,MIN,30,,True,1.211,1.864,,False,28.0,896.0
montgre01w,Renee Montgomery,2010,CON,34,,True,1.893,2.913,,False,22.0,709.0
hodgero01w,Roneeka Hodges,2010,SAS,34,2.0,True,-1.738,-1.329,-2.497,False,82.0,2390.0
rileyru01w,Ruth Riley,2010,SAS,20,2.0,False,-2.927,-2.708,-3.334,False,,
lyttlsa01w,Sancho Lyttle,2010,ATL,32,7.0,True,4.412,4.54,4.175,False,9.0,253.0
irvinsa01w,Sandora Irvin,2010,CHI,18,,False,-2.49,-3.831,,False,,
grudasa01w,Sandrine Gruda,2010,CON,28,,True,1.121,1.725,,False,32.0,928.0
dorresc01w,Scholanda Dorrell,2010,TUL,34,,True,-1.023,-1.575,,False,62.0,1879.0
augusse01w,Seimone Augustus,2010,MIN,25,,True,1.668,2.566,,False,25.0,756.0
holmese01w,Sequoia Holmes,2010,PHO,15,1.0,False,-4.247,-4.005,-4.697,False,,
lehnish01w,Shalee Lehning,2010,ATL,33,7.0,True,-1.521,-1.123,-2.259,False,76.0,2224.0
chrissh01w,Shameka Christon,2010,CHI,10,,False,-0.152,-0.234,,False,,
zolmash01w,Shanna Zolman,2010,TUL,30,,True,-1.486,-2.287,,False,73.0,2199.0
zellosh01w,Shavonte Zellous,2010,"IND,TUL",31,3.0,True,-2.198,-1.665,-3.19,False,88.0,2693.0
murphsh01w,Shay Murphy,2010,"CHI,IND",26,,True,-1.124,-1.729,,False,64.0,1950.0
spencsi01w,Sidney Spencer,2010,NYL,20,3.0,False,-3.975,-3.59,-4.689,False,,
youngso01w,Sophia Young-Malcolm,2010,SAS,34,2.0,True,1.429,2.443,-0.456,False,26.0,830.0
birdsu01w,Sue Bird,2010,SEA,33,7.0,True,5.226,4.407,6.748,True,7.0,179.0
abrossv01w,Svetlana Abrosimova,2010,SEA,34,7.0,True,0.124,0.669,-0.888,True,48.0,1295.0
cashsw01w,Swin Cash,2010,SEA,34,7.0,True,6.532,5.646,8.178,True,4.0,100.0
fowlesy01w,Sylvia Fowles,2010,CHI,34,,True,3.792,5.834,,False,13.0,319.0
mcwilta01w,Taj McWilliams-Franklin,2010,NYL,34,5.0,True,1.802,2.364,0.757,False,23.0,726.0
youngta01w,Tamera Young,2010,CHI,32,,True,-0.734,-1.128,,False,57.0,1709.0
catchta01w,Tamika Catchings,2010,IND,34,3.0,True,6.099,7.722,3.085,False,5.0,119.0
suttota01w,Tammy Sutton-Brown,2010,IND,34,3.0,True,0.189,0.995,-1.308,False,45.0,1276.0
whiteta01w,Tan White,2010,CON,34,,True,0.743,1.142,,False,34.0,1066.0
smithta01w,Tangela Smith,2010,PHO,34,4.0,True,-0.216,-0.358,0.049,False,52.0,1450.0
wrighta01w,Tanisha Wright,2010,SEA,34,7.0,True,2.736,2.584,3.018,True,18.0,503.0
lilleta01w,Taylor Lilley,2010,PHO,21,2.0,False,-3.644,-3.283,-4.315,False,,
johnste01w,Temeka Johnson,2010,PHO,34,4.0,True,0.498,0.482,0.526,False,36.0,1146.0
penicti01w,Ticha Penicheiro,2010,LAS,32,2.0,True,-1.369,-0.677,-2.654,False,69.0,2122.0
jacksti02w,Tiffany Jackson-Jones,2010,"NYL,TUL",34,,True,-1.181,-1.817,,False,65.0,1989.0
stansti01w,Tiffany Stansbury,2010,LAS,5,,False,-3.159,-4.86,,False,,
charlti01w,Tina Charles,2010,CON,34,,True,3.865,5.947,,False,12.0,311.0
thompti01w,Tina Thompson,2010,LAS,33,2.0,True,1.938,2.983,-0.002,False,21.0,695.0
beviltu01w,Tully Bevilaqua,2010,IND,34,3.0,True,-2.368,-1.957,-3.133,False,90.0,2773.0
leuchye01w,Yelena Leuchanka,2010,ATL,32,7.0,True,-2.489,-2.384,-2.683,False,91.0,2834.0
olajuab01w,Abi Olajuwon,2011,TUL,16,,False,-3.023,-4.65,,False,,
montgal01w,Alex Montgomery,2011,NYL,30,2.0,True,-3.734,-3.309,-4.523,False,106.0,3182.0
graylal01w,Alexis Gray-Lawson,2011,PHO,27,2.0,True,-3.216,-2.735,-4.109,False,103.0,3053.0
hornbal01w,Alexis Hornbuckle,2011,MIN,29,4.0,True,-3.887,-4.093,-3.504,True,109.0,3210.0
balesal01w,Alison Bales,2011,ATL,34,8.0,True,-1.381,-1.045,-2.006,False,68.0,2127.0
quiglal01w,Allie Quigley,2011,SEA,7,1.0,False,-4.811,-4.669,-5.074,False,,
hightal01w,Allison Hightower,2011,CON,25,2.0,True,-3.781,-3.846,-3.66,False,107.0,3195.0
harriam01w,Amber Harris,2011,MIN,27,6.0,True,-2.982,-2.615,-3.664,True,97.0,2987.0
holtam01w,Amber Holt,2011,TUL,26,,True,-1.536,-2.362,,False,75.0,2230.0
rileyan01w,Andrea Riley,2011,TUL,33,,True,-1.894,-2.914,,False,83.0,2487.0
mccouan01w,Angel McCoughtry,2011,ATL,33,8.0,True,7.478,7.183,8.026,False,2.0,65.0
bjorkan01w,Angie Bjorklund,2011,CHI,7,,False,-2.933,-4.513,,False,,
pricear01w,Armintie Herrington,2011,ATL,34,8.0,True,0.706,0.567,0.964,False,35.0,1081.0
robinas01w,Ashley Robinson,2011,SEA,34,3.0,True,-2.381,-1.727,-3.596,False,90.0,2780.0
jonesas01w,Asjha Jones,2011,CON,34,2.0,True,2.775,4.109,0.299,False,19.0,492.0
hammobe01w,Becky Hammon,2011,SAS,33,3.0,True,3.621,5.117,0.842,False,15.0,348.0
snellbe01w,Belinda Snell,2011,SEA,21,2.0,False,-4.181,-3.82,-4.852,False,,
lennobe01w,Betty Lennox,2011,TUL,9,,False,-2.656,-4.085,,False,,
januabr01w,Briann January,2011,IND,10,,False,0.485,0.746,,False,,
littlca01w,Camille Smith,2011,SEA,33,3.0,True,1.466,2.132,0.229,False,27.0,815.0
parkeca01w,Candace Parker,2011,LAS,17,,False,3.722,5.726,,False,,
dupreca01w,Candice Dupree,2011,PHO,34,5.0,True,3.241,4.643,0.638,False,16.0,404.0
wiggica01w,Candice Wiggins,2011,MIN,34,8.0,True,-0.805,-0.519,-1.337,True,57.0,1761.0
pondeca01w,Cappie Pondexter,2011,NYL,34,3.0,True,4.253,5.664,1.632,False,10.0,270.0
swordca01w,Carolyn Swords,2011,CHI,29,,True,-2.142,-3.295,,False,87.0,2666.0
kraayca01w,Cathrine Kraayeveld,2011,CHI,33,,True,-0.77,-1.184,,False,56.0,1735.0
houstch01w,Charde Houston,2011,MIN,27,2.0,True,-3.383,-3.13,-3.854,True,104.0,3097.0
reedch01w,Chastity Reed,2011,TUL,11,,False,-2.198,-3.381,,False,,
milleco01w,Coco Miller,2011,ATL,31,8.0,True,-1.809,-0.889,-3.519,False,81.0,2426.0
parisco01w,Courtney Paris,2011,ATL,28,5.0,True,-3.128,-2.512,-4.273,False,99.0,3024.0
vandeco01w,Courtney Vandersloot,2011,CHI,34,,True,-0.367,-0.564,,False,47.0,1521.0
langhcr01w,Crystal Langhorne,2011,WAS,31,,True,2.349,3.614,,False,23.0,594.0
adamsda01w,Danielle Adams,2011,SAS,23,3.0,False,1.109,2.221,-0.957,False,,
mccrada01w,Danielle McCray,2011,CON,34,2.0,True,-1.893,-1.263,-3.063,False,82.0,2486.0
robinda01w,Danielle Robinson,2011,SAS,34,3.0,True,-0.454,0.613,-2.434,False,49.0,1565.0
miltode01w,DeLisha Milton-Jones,2011,LAS,34,,True,0.565,0.869,,False,36.0,1120.0
walkede01w,DeMya Walker,2011,"CON,WAS",30,,True,-1.507,-2.319,,False,74.0,2212.0
bonnede01w,DeWanna Bonner,2011,PHO,34,5.0,True,1.308,2.113,-0.186,False,28.0,872.0
tauradi01w,Diana Taurasi,2011,PHO,32,5.0,True,5.437,7.247,2.075,False,7.0,165.0
cantydo01w,Dominique Canty,2011,CHI,22,,False,-1.646,-2.532,,False,,
hodgedo01w,Doneeka Lewis,2011,TUL,5,,False,-1.284,-1.976,,False,,
hoffmeb01w,Ebony Hoffman,2011,LAS,34,,True,-0.566,-0.871,,False,50.0,1609.0
princep01w,Epiphanny Prince,2011,CHI,34,,True,1.66,2.554,,False,26.0,758.0
desouer01w,Erika de Souza,2011,ATL,32,5.0,True,2.382,2.801,1.604,False,22.0,589.0
philler01w,Erin Phillips,2011,IND,31,6.0,True,0.118,1.024,-1.565,False,39.0,1301.0
thorner01w,Erin Thorn,2011,CHI,34,,True,-0.989,-1.521,,False,61.0,1861.0
carsoes01w,Essence Carson,2011,NYL,32,3.0,True,0.551,1.484,-1.182,False,37.0,1124.0
kobryew01w,Ewelina Kobryn,2011,SEA,18,1.0,False,-4.176,-3.982,-4.536,False,,
chestfe01w,Felicia Chester,2011,NYL,4,,False,-2.833,-4.358,,False,,
ibekwif01w,Ify Ibekwe,2011,SEA,3,,False,-3.126,-4.809,,False,,
lattaiv01w,Ivory Latta,2011,TUL,24,,True,-0.69,-1.061,,False,52.0,1686.0
castriz01w,Iziane Castro Marques,2011,ATL,34,8.0,True,0.078,-0.825,1.754,False,40.0,1319.0
monroja01w,Jacinta Monroe,2011,TUL,4,,False,-3.148,-4.843,,False,,
lavenja01w,Jantel Lavender,2011,LAS,33,,True,-0.886,-1.363,,False,58.0,1807.0
thomaja01w,Jasmine Thomas,2011,WAS,34,,True,-1.289,-1.983,,False,67.0,2069.0
appelja01w,Jayne Appel-Marinelli,2011,SAS,31,3.0,True,-2.863,-2.087,-4.304,False,94.0,2945.0
pohleje01w,Jeanette Pohlen-Mavunga,2011,IND,34,5.0,True,-2.875,-2.335,-3.876,False,95.0,2948.0
oheaje01w,Jenna O'Hea,2011,LAS,31,,True,-1.483,-2.282,,False,72.0,2198.0
lacyje01w,Jennifer Lacy,2011,TUL,34,,True,-1.684,-2.591,,False,79.0,2345.0
adairje01w,Jessica Adair,2011,MIN,31,8.0,True,-1.222,-1.894,0.025,True,64.0,2021.0
brelaje01w,Jessica Breland,2011,"CON,NYL",13,,False,-2.63,-4.047,,False,,
davenje01w,Jessica Davenport,2011,IND,34,6.0,True,1.073,2.205,-1.028,False,32.0,946.0
mooreje01w,Jessica Moore,2011,CON,29,2.0,True,-4.236,-4.049,-4.582,False,112.0,3248.0
perkiji01w,Jia Perkins,2011,SAS,34,3.0,True,1.082,1.881,-0.403,False,31.0,939.0
cheekjo01w,Joy Cheek,2011,WAS,3,,False,-2.91,-4.476,,False,,
greenka01w,Kalana Greene,2011,CON,33,2.0,True,-1.207,-0.62,-2.297,False,63.0,2005.0
braxtka01w,Kara Braxton,2011,"NYL,PHO",31,3.0,True,-0.725,0.033,-2.132,False,55.0,1705.0
lawsoka01w,Kara Lawson,2011,CON,33,2.0,True,0.842,1.972,-1.255,False,33.0,1028.0
chriska02w,Karima Christmas-Kelly,2011,"TUL,WAS",31,,True,-2.315,-3.562,,False,89.0,2750.0
douglka01w,Katie Douglas,2011,IND,32,6.0,True,3.836,4.404,2.779,False,14.0,314.0
smithka01w,Katie Smith,2011,SEA,34,3.0,True,-0.691,0.105,-2.168,False,53.0,1687.0
pederka01w,Kayla Pedersen,2011,TUL,33,,True,-1.702,-2.618,,False,80.0,2360.0
mazzake01w,Kelly Mazzante,2011,ATL,6,,False,-3.231,-4.97,,False,,
milleke01w,Kelly Miller,2011,WAS,34,,True,-0.974,-1.498,,False,60.0,1851.0
griffke01w,Kelsey Griffin,2011,CON,34,2.0,True,-2.992,-2.358,-4.171,False,98.0,2993.0
gardike01w,Kerri Gardin,2011,WAS,28,,True,-2.413,-3.713,,False,93.0,2805.0
swanike01w,Ketia Swanier,2011,PHO,29,5.0,True,-3.207,-2.751,-4.054,False,102.0,3052.0
vaughki01w,Kia Vaughn,2011,NYL,34,3.0,True,1.082,2.039,-0.696,False,30.0,938.0
tolivkr01w,Kristi Toliver,2011,LAS,32,,True,0.335,0.516,,False,38.0,1214.0
thomakr01w,Krystal Thomas,2011,"PHO,SEA",15,4.0,False,-4.243,-4.102,-4.505,False,,
pringla01w,LaToya Sanders,2011,LAS,20,,False,-1.727,-2.657,,False,,
jacksla01w,Lauren Jackson,2011,SEA,13,3.0,False,1.53,2.16,0.361,False,,
willile01w,Le'coe Willingham,2011,SEA,34,3.0,True,-1.234,-0.211,-3.135,False,65.0,2026.0
mitchle01w,Leilani Mitchell,2011,NYL,34,3.0,True,-1.603,-0.979,-2.762,False,77.0,2277.0
whaleli01w,Lindsay Whalen,2011,MIN,34,8.0,True,6.418,6.531,6.208,True,3.0,104.0
wisdoli01w,Lindsay Wisdom-Hylton,2011,CHI,29,,True,-2.392,-3.681,,False,91.0,2786.0
hardili01w,Lindsey Harding,2011,ATL,34,8.0,True,2.664,2.049,3.807,False,20.0,522.0
cambael01w,Liz Cambage,2011,TUL,33,,True,-0.16,-0.246,,False,45.0,1429.0
ferdima01w,Marie Ferdinand-Harris,2011,PHO,34,4.0,True,-1.974,-1.476,-2.9,False,84.0,2549.0
jonesma01w,Marion Jones,2011,TUL,14,,False,-3.09,-4.753,,False,,
colemma01w,Marissa Coleman,2011,WAS,34,,True,-0.428,-0.659,,False,48.0,1556.0
ajavoma01w,Matee Ajavon,2011,WAS,34,,True,0.769,1.184,,False,34.0,1060.0
moorema01w,Maya Moore,2011,MIN,34,8.0,True,6.06,5.001,8.026,True,4.0,123.0
snowmi01w,Michelle Snow,2011,CHI,34,,True,0.044,0.068,,False,41.0,1328.0
ayimmi01w,Miranda Ayim,2011,TUL,3,,False,-2.171,-3.339,,False,,
wrighmo01w,Monica Wright,2011,MIN,29,8.0,True,-2.045,-1.69,-2.703,True,85.0,2598.0
currimo01w,Monique Currie,2011,WAS,4,,False,0.847,1.303,,False,,
sanfona01w,Nakia Sanford,2011,PHO,33,4.0,True,-2.297,-1.861,-3.105,False,88.0,2740.0
lacyna01w,Natasha Lacy,2011,LAS,29,,True,-1.267,-1.949,,False,66.0,2051.0
anosini01w,Nicky Anosike,2011,WAS,34,,True,-0.627,-0.964,,False,51.0,1645.0
powelni01w,Nicole Powell,2011,NYL,33,3.0,True,1.245,1.476,0.817,False,29.0,884.0
quinnno01w,Noelle Quinn,2011,LAS,33,,True,-1.45,-2.231,,False,71.0,2180.0
sanniol01w,Olayinka Sanni,2011,PHO,14,,False,-2.688,-4.136,,False,,
taylope01w,Penny Taylor,2011,PHO,29,5.0,True,3.997,5.7,0.833,False,11.0,296.0
pierspl01w,Plenette Pierson,2011,NYL,33,3.0,True,1.897,3.021,-0.191,False,25.0,707.0
phillpo01w,Porsha Phillips,2011,SAS,31,2.0,True,-4.009,-3.721,-4.545,False,110.0,3231.0
holliqu01w,Quanitra Hollingsworth,2011,NYL,31,3.0,True,-2.132,-1.457,-3.386,False,86.0,2657.0
brunsre01w,Rebekkah Brunson,2011,MIN,34,8.0,True,5.614,4.232,8.181,True,5.0,157.0
montgre01w,Renee Montgomery,2011,CON,34,2.0,True,3.112,4.634,0.284,False,17.0,421.0
hodgero01w,Roneeka Hodges,2011,SAS,28,1.0,True,-3.193,-2.749,-4.017,False,100.0,3047.0
rileyru01w,Ruth Riley,2011,SAS,34,3.0,True,-1.586,-1.002,-2.669,False,76.0,2263.0
lyttlsa01w,Sancho Lyttle,2011,ATL,22,8.0,False,1.833,1.848,1.806,False,,
irvinsa01w,Sandora Irvin,2011,ATL,30,3.0,True,-3.822,-3.48,-4.455,False,108.0,3202.0
dorresc01w,Scholanda Dorrell,2011,SAS,32,,True,-1.617,-2.488,,False,78.0,2294.0
augusse01w,Seimone Augustus,2011,MIN,34,8.0,True,8.885,6.697,12.95,True,1.0,32.0
lehnish01w,Shalee Lehning,2011,ATL,18,,False,-1.993,-3.067,,False,,
bobbish01w,Shannon Bobbitt,2011,IND,31,6.0,True,-2.912,-2.328,-3.998,False,96.0,2967.0
zellosh01w,Shavonte Zellous,2011,IND,33,5.0,True,-1.43,-1.291,-1.689,False,70.0,2160.0
murphsh01w,Shay Murphy,2011,CHI,10,,False,0.583,0.897,,False,,
swoopsh01w,Sheryl Swoopes,2011,TUL,33,,True,-1.384,-2.128,,False,69.0,2130.0
elysh01w,Shyra Ely-Gash,2011,IND,33,3.0,True,-3.421,-3.007,-4.189,False,105.0,3112.0
spencsi01w,Sidney Spencer,2011,"NYL,PHO",24,2.0,True,-4.073,-3.688,-4.787,False,111.0,3241.0
youngso01w,Sophia Young-Malcolm,2011,SAS,33,3.0,True,2.499,3.399,0.827,False,21.0,567.0
birdsu01w,Sue Bird,2011,SEA,34,3.0,True,3.883,5.11,1.605,False,12.0,308.0
cashsw01w,Swin Cash,2011,SEA,34,3.0,True,3.078,4.751,-0.029,False,18.0,430.0
colsosy01w,Sydney Colson,2011,NYL,16,1.0,False,-4.431,-4.187,-4.885,False,,
fowlesy01w,Sylvia Fowles,2011,CHI,34,,True,4.919,7.568,,False,8.0,206.0
phillta02w,Ta'Shia Phillips,2011,"NYL,WAS",15,,False,-2.672,-4.111,,False,,
mcwilta01w,Taj McWilliams-Franklin,2011,MIN,34,8.0,True,3.882,3.082,5.368,True,13.0,309.0
youngta01w,Tamera Young,2011,CHI,33,,True,-0.081,-0.125,,False,43.0,1395.0
catchta01w,Tamika Catchings,2011,IND,33,6.0,True,4.553,6.373,1.172,False,9.0,243.0
suttota01w,Tammy Sutton-Brown,2011,IND,34,6.0,True,-0.96,-1.075,-0.745,False,59.0,1845.0
whiteta01w,Tan White,2011,CON,34,2.0,True,-1.489,-0.703,-2.948,False,73.0,2202.0
smithta01w,Tangela Smith,2011,IND,33,6.0,True,-0.294,-0.1,-0.653,False,46.0,1484.0
wrighta01w,Tanisha Wright,2011,SEA,33,3.0,True,2.075,2.367,1.533,False,24.0,660.0
johnste01w,Temeka Johnson,2011,PHO,30,5.0,True,-1.054,-0.336,-2.388,False,62.0,1903.0
penicti01w,Ticha Penicheiro,2011,LAS,34,,True,-0.715,-1.1,,False,54.0,1703.0
jacksti02w,Tiffany Jackson-Jones,2011,TUL,34,,True,-0.01,-0.016,,False,42.0,1356.0
charlti01w,Tina Charles,2011,CON,34,2.0,True,5.609,7.75,1.633,False,6.0,158.0
thompti01w,Tina Thompson,2011,LAS,34,,True,-0.109,-0.167,,False,44.0,1406.0
beviltu01w,Tully Bevilaqua,2011,SAS,34,3.0,True,-3.194,-2.866,-3.803,False,101.0,3049.0
dunlavi01w,Victoria Dunlap,2011,WAS,26,,True,-2.407,-3.703,,False,92.0,2798.0
beardal01w,Alana Beard,2012,LAS,33,4.0,True,2.367,2.772,1.616,False,20.0,591.0
montgal01w,Alex Montgomery,2012,NYL,26,2.0,True,-3.698,-3.496,-4.075,False,110.0,3175.0
graylal01w,Alexis Gray-Lawson,2012,PHO,19,,False,-1.853,-2.85,,False,,
hornbal01w,Alexis Hornbuckle,2012,PHO,34,,True,-1.488,-2.289,,False,72.0,2201.0
hightal01w,Allison Hightower,2012,CON,34,5.0,True,-0.526,-0.45,-0.667,False,53.0,1583.0
clarkal01w,Alysha Clark,2012,SEA,23,,False,-1.847,-2.841,,False,,
harriam01w,Amber Harris,2012,MIN,27,6.0,True,-3.176,-2.619,-4.209,False,103.0,3041.0
holtam01w,Amber Holt,2012,TUL,24,,True,-1.438,-2.212,,False,71.0,2169.0
rileyan01w,Andrea Riley,2012,"LAS,PHO",11,,False,-2.46,-3.784,,False,,
henryan01w,Aneika Henry-Morello,2012,ATL,34,3.0,True,-2.216,-1.422,-3.69,False,92.0,2702.0
mccouan01w,Angel McCoughtry,2012,ATL,24,3.0,True,5.552,7.586,1.775,False,7.0,161.0
wautean01w,Ann Wauters,2012,SEA,25,3.0,True,-0.004,1.519,-2.831,False,43.0,1354.0
sykesap01w,April Sykes,2012,LAS,30,1.0,True,-3.607,-3.112,-4.525,False,107.0,3149.0
pricear01w,Armintie Herrington,2012,ATL,34,3.0,True,0.021,1.02,-1.836,False,42.0,1342.0
robinas01w,Ashley Robinson,2012,WAS,33,,True,-2.059,-3.168,,False,88.0,2611.0
jonesas01w,Asjha Jones,2012,CON,20,5.0,False,2.969,3.365,2.233,False,,
warleav01w,Avery Warley-Talbert,2012,PHO,28,,True,-1.9,-2.923,,False,82.0,2499.0
hammobe01w,Becky Hammon,2012,SAS,33,2.0,True,3.313,4.877,0.409,False,17.0,394.0
gilbrbr01w,Briana Gilbreath-Butler,2012,PHO,11,,False,-0.911,-1.402,,False,,
januabr01w,Briann January,2012,IND,31,10.0,True,3.181,2.441,4.554,True,18.0,411.0
littlca01w,Camille Smith,2012,SEA,34,3.0,True,1.426,2.388,-0.362,False,26.0,832.0
parkeca01w,Candace Parker,2012,LAS,33,4.0,True,8.142,8.103,8.214,False,2.0,46.0
dupreca01w,Candice Dupree,2012,PHO,13,,False,0.489,0.753,,False,,
wiggica01w,Candice Wiggins,2012,MIN,34,9.0,True,-1.208,0.023,-3.495,False,65.0,2007.0
pondeca01w,Cappie Pondexter,2012,NYL,34,2.0,True,3.758,5.333,0.835,False,14.0,326.0
swordca01w,Carolyn Swords,2012,CHI,30,,True,-1.506,-2.317,,False,73.0,2211.0
kraayca01w,Cathrine Kraayeveld,2012,ATL,33,3.0,True,-2.548,-1.753,-4.026,False,98.0,2854.0
blackch01w,Chante Black,2012,TUL,29,,True,-2.064,-3.175,,False,89.0,2615.0
houstch01w,Charde Houston,2012,PHO,27,,True,-0.072,-0.112,,False,44.0,1389.0
shegoch01w,Chay Shegog,2012,CON,3,,False,-2.916,-4.486,,False,,
milleco01w,Coco Miller,2012,LAS,10,,False,-1.851,-2.848,,False,,
parisco01w,Courtney Paris,2012,"ATL,TUL",27,,True,-1.917,-2.949,,False,83.0,2508.0
vandeco01w,Courtney Vandersloot,2012,CHI,34,,True,0.626,0.963,,False,34.0,1107.0
langhcr01w,Crystal Langhorne,2012,WAS,31,,True,0.887,1.364,,False,33.0,1016.0
adamsda01w,Danielle Adams,2012,SAS,34,2.0,True,1.479,2.544,-0.501,False,25.0,813.0
mccrada01w,Danielle McCray,2012,CON,28,4.0,True,-2.798,-1.961,-4.352,False,100.0,2932.0
robinda01w,Danielle Robinson,2012,SAS,34,2.0,True,0.967,2.003,-0.958,False,30.0,986.0
evansda01w,Dawn Evans,2012,LAS,3,,False,-3.006,-4.625,,False,,
miltode01w,DeLisha Milton-Jones,2012,LAS,34,4.0,True,0.962,2.133,-1.212,False,31.0,989.0
walkede01w,DeMya Walker,2012,NYL,33,2.0,True,-3.411,-2.949,-4.269,False,106.0,3106.0
bonnede01w,DeWanna Bonner,2012,PHO,32,,True,2.166,3.333,,False,23.0,633.0
peterde01w,Devereaux Peters,2012,MIN,30,9.0,True,-1.769,-0.81,-3.549,False,78.0,2402.0
tauradi01w,Diana Taurasi,2012,PHO,8,,False,0.915,1.408,,False,,
cantydo01w,Dominique Canty,2012,WAS,6,,False,-2.306,-3.548,,False,,
simondy01w,Dymond Simon,2012,PHO,8,,False,-1.927,-2.965,,False,,
hoffmeb01w,Ebony Hoffman,2012,LAS,20,2.0,False,-3.728,-3.199,-4.711,False,,
princep01w,Epiphanny Prince,2012,CHI,26,,True,3.381,5.202,,False,16.0,378.0
desouer01w,Erika de Souza,2012,ATL,15,3.0,False,1.652,3.175,-1.177,False,,
philler01w,Erin Phillips,2012,IND,29,10.0,True,0.536,-0.502,2.462,True,36.0,1134.0
thorner01w,Erin Thorn,2012,MIN,26,6.0,True,-3.74,-3.582,-4.033,False,111.0,3185.0
larkier01w,Erlana Larkins,2012,IND,34,10.0,True,1.085,-1.268,5.453,True,29.0,937.0
carsoes01w,Essence Carson,2012,NYL,34,2.0,True,-0.417,0.631,-2.364,False,51.0,1547.0
kobryew01w,Ewelina Kobryn,2012,SEA,33,,True,-1.407,-2.165,,False,69.0,2150.0
johnsgl01w,Glory Johnson,2012,TUL,34,,True,-0.158,-0.243,,False,48.0,1428.0
lattaiv01w,Ivory Latta,2012,TUL,34,,True,0.153,0.236,,False,39.0,1290.0
castriz01w,Iziane Castro Marques,2012,WAS,11,,False,-2.346,-3.609,,False,,
lavenja01w,Jantel Lavender,2012,LAS,34,4.0,True,-1.703,-0.83,-3.323,False,77.0,2362.0
thomaja01w,Jasmine Thomas,2012,WAS,34,,True,-1.057,-1.626,,False,61.0,1905.0
appelja01w,Jayne Appel-Marinelli,2012,SAS,33,2.0,True,-1.891,-1.109,-3.343,False,81.0,2485.0
pohleje01w,Jeanette Pohlen-Mavunga,2012,IND,34,6.0,True,-2.377,-1.956,-3.161,True,96.0,2778.0
morrije01w,Jene Morris,2012,TUL,9,,False,-2.592,-3.988,,False,,
oheaje01w,Jenna O'Hea,2012,LAS,8,4.0,False,-2.007,-1.304,-3.311,False,,
lacyje01w,Jennifer Lacy,2012,TUL,26,,True,-1.07,-1.646,,False,62.0,1917.0
adairje01w,Jessica Adair,2012,MIN,19,4.0,False,-3.736,-3.267,-4.607,False,,
davenje01w,Jessica Davenport,2012,IND,34,7.0,True,-1.049,-0.457,-2.149,True,60.0,1900.0
mooreje01w,Jessica Moore,2012,"ATL,CON",16,1.0,False,-4.356,-3.978,-5.057,False,,
perkiji01w,Jia Perkins,2012,SAS,33,2.0,True,0.428,1.448,-1.466,False,38.0,1170.0
wojtaju01w,Julie Wojta,2012,MIN,1,,False,-2.919,-4.491,,False,,
greenka01w,Kalana Greene,2012,CON,34,5.0,True,-2.656,-2.051,-3.779,False,99.0,2892.0
braxtka01w,Kara Braxton,2012,NYL,34,2.0,True,-1.676,-1.035,-2.866,False,76.0,2337.0
lawsoka01w,Kara Lawson,2012,CON,34,5.0,True,4.437,5.133,3.144,False,9.0,250.0
chriska02w,Karima Christmas-Kelly,2012,"IND,TUL",30,3.0,True,-3.268,-3.009,-3.748,True,104.0,3069.0
redmoka01w,Katelan Redmon,2012,NYL,7,,False,-2.873,-4.42,,False,,
douglka01w,Katie Douglas,2012,IND,32,7.0,True,4.763,5.623,3.168,True,8.0,226.0
smithka01w,Katie Smith,2012,SEA,34,3.0,True,-0.795,-0.259,-1.788,False,56.0,1752.0
pederka01w,Kayla Pedersen,2012,TUL,27,,True,-1.946,-2.993,,False,85.0,2536.0
cainke01w,Kelley Cain,2012,NYL,20,,False,-2.714,-4.175,,False,,
milleke01w,Kelly Miller,2012,NYL,11,,False,-2.911,-4.479,,False,,
griffke01w,Kelsey Griffin,2012,CON,31,1.0,True,-3.388,-2.8,-4.48,False,105.0,3098.0
swanike01w,Ketia Swanier,2012,ATL,34,2.0,True,-3.616,-3.157,-4.469,False,108.0,3153.0
vaughki01w,Kia Vaughn,2012,NYL,31,2.0,True,-1.568,-1.031,-2.564,False,74.0,2250.0
tolivkr01w,Kristi Toliver,2012,LAS,34,4.0,True,5.841,6.988,3.712,False,5.0,140.0
thomakr01w,Krystal Thomas,2012,PHO,29,,True,-0.963,-1.481,,False,58.0,1846.0
jacksla01w,Lauren Jackson,2012,SEA,9,3.0,False,0.295,0.993,-1.001,False,,
koehnla01w,Laurie Koehn,2012,ATL,23,,False,-2.686,-4.133,,False,,
willile01w,Le'coe Willingham,2012,CHI,33,,True,-1.587,-2.441,,False,75.0,2264.0
mitchle01w,Leilani Mitchell,2012,NYL,34,2.0,True,-1.978,-1.068,-3.667,False,87.0,2552.0
whaleli01w,Lindsay Whalen,2012,MIN,33,9.0,True,4.385,5.137,2.99,False,10.0,256.0
wisdoli01w,Lindsay Wisdom-Hylton,2012,WAS,34,,True,-1.818,-2.798,,False,80.0,2432.0
hardili01w,Lindsey Harding,2012,ATL,34,3.0,True,2.217,3.101,0.575,False,22.0,623.0
kizerly01w,Lynetta Kizer,2012,"PHO,TUL",22,,False,-1.372,-2.111,,False,,
colemma01w,Marissa Coleman,2012,LAS,34,4.0,True,-2.919,-2.384,-3.914,False,101.0,2970.0
ajavoma01w,Matee Ajavon,2012,WAS,33,,True,-1.343,-2.067,,False,67.0,2101.0
moorema01w,Maya Moore,2012,MIN,34,9.0,True,6.88,7.952,4.89,False,3.0,87.0
snowmi01w,Michelle Snow,2012,WAS,32,,True,-1.128,-1.735,,False,63.0,1953.0
bassmi01w,Mistie Bass,2012,CON,32,5.0,True,-0.37,0.528,-2.039,False,50.0,1524.0
wrighmo01w,Monica Wright,2012,MIN,34,9.0,True,0.113,0.945,-1.432,False,40.0,1303.0
currimo01w,Monique Currie,2012,WAS,34,,True,-0.074,-0.114,,False,45.0,1391.0
sanfona01w,Nakia Sanford,2012,PHO,30,,True,-1.951,-3.001,,False,86.0,2541.0
novosna01w,Natalie Novosel,2012,WAS,31,,True,-2.236,-3.44,,False,93.0,2710.0
lacyna01w,Natasha Lacy,2012,WAS,20,,False,-1.786,-2.747,,False,,
anosini01w,Nicky Anosike,2012,LAS,10,3.0,False,-4.199,-4.145,-4.3,False,,
powelni01w,Nicole Powell,2012,NYL,34,2.0,True,-1.432,-0.892,-2.436,False,70.0,2161.0
ogwumnn01w,Nneka Ogwumike,2012,LAS,33,4.0,True,3.391,4.987,0.429,False,15.0,376.0
quinnno01w,Noelle Quinn,2012,WAS,30,,True,-1.266,-1.948,,False,66.0,2049.0
pierspl01w,Plenette Pierson,2012,NYL,26,2.0,True,0.559,1.694,-1.549,False,35.0,1121.0
brunsre01w,Rebekkah Brunson,2012,MIN,31,9.0,True,4.189,4.649,3.334,False,12.0,278.0
montgre01w,Renee Montgomery,2012,CON,34,5.0,True,0.915,1.897,-0.909,False,32.0,1001.0
williri02w,Riquna Williams,2012,TUL,33,,True,-0.814,-1.253,,False,57.0,1768.0
hodgero01w,Roneeka Hodges,2012,"IND,TUL",32,,True,-1.138,-1.751,,False,64.0,1964.0
rileyru01w,Ruth Riley,2012,CHI,33,,True,-1.935,-2.977,,False,84.0,2524.0
prahasa01w,Samantha Prahalis,2012,PHO,28,,True,-0.192,-0.295,,False,49.0,1442.0
lyttlsa01w,Sancho Lyttle,2012,ATL,34,3.0,True,2.849,4.608,-0.417,False,19.0,476.0
goodlsa01w,Sasha Goodlett,2012,IND,26,1.0,True,-3.676,-3.159,-4.635,True,109.0,3169.0
dorresc01w,Scholanda Dorrell,2012,TUL,26,,True,-2.087,-3.211,,False,90.0,2631.0
augusse01w,Seimone Augustus,2012,MIN,29,9.0,True,5.809,6.339,4.826,False,6.0,142.0
chrissh01w,Shameka Christon,2012,SAS,34,2.0,True,-0.966,-0.211,-2.366,False,59.0,1848.0
bobbish01w,Shannon Bobbitt,2012,WAS,28,,True,-2.094,-3.222,,False,91.0,2636.0
zellosh01w,Shavonte Zellous,2012,IND,31,10.0,True,1.128,0.126,2.988,True,28.0,924.0
murphsh01w,Shay Murphy,2012,CHI,29,,True,-0.114,-0.175,,False,47.0,1409.0
stricsh01w,Shekinna Stricklen,2012,SEA,34,3.0,True,-0.605,0.153,-2.011,False,55.0,1631.0
johnssh02w,Shenise Johnson,2012,SAS,34,2.0,True,-1.793,-0.968,-3.324,False,79.0,2415.0
petroso01w,Sonja Petrovic,2012,CHI,30,,True,-1.351,-2.079,,False,68.0,2107.0
youngso01w,Sophia Young-Malcolm,2012,SAS,33,2.0,True,4.32,6.031,1.142,False,11.0,260.0
birdsu01w,Sue Bird,2012,SEA,29,3.0,True,2.301,3.011,0.982,False,21.0,604.0
abrossv01w,Svetlana Abrosimova,2012,SEA,19,2.0,False,-2.676,-1.886,-4.143,False,,
cashsw01w,Swin Cash,2012,CHI,34,,True,1.361,2.094,,False,27.0,856.0
cartesy01w,Sydney Carter,2012,CHI,1,,False,-2.336,-3.594,,False,,
fowlesy01w,Sylvia Fowles,2012,CHI,25,,True,3.825,5.885,,False,13.0,316.0
mcwilta01w,Taj McWilliams-Franklin,2012,MIN,33,9.0,True,1.67,2.774,-0.38,False,24.0,754.0
youngta01w,Tamera Young,2012,CHI,33,,True,0.099,0.152,,False,41.0,1308.0
catchta01w,Tamika Catchings,2012,IND,34,10.0,True,8.935,7.565,11.478,True,1.0,31.0
suttota01w,Tammy Sutton-Brown,2012,IND,33,7.0,True,-2.324,-2.13,-2.685,True,95.0,2755.0
whiteta01w,Tan White,2012,CON,31,5.0,True,-2.286,-1.935,-2.936,False,94.0,2732.0
smithta01w,Tangela Smith,2012,SAS,15,2.0,False,-3.777,-3.387,-4.501,False,,
wrighta01w,Tanisha Wright,2012,SEA,32,3.0,True,0.431,0.844,-0.336,False,37.0,1169.0
johnste01w,Temeka Johnson,2012,TUL,29,,True,-0.087,-0.133,,False,46.0,1399.0
penicti01w,Ticha Penicheiro,2012,CHI,19,,False,-2.239,-3.445,,False,,
hayesti01w,Tiffany Hayes,2012,ATL,34,3.0,True,-0.504,0.706,-2.752,False,52.0,1573.0
charlti01w,Tina Charles,2012,CON,33,5.0,True,6.617,7.547,4.889,False,4.0,96.0
thompti01w,Tina Thompson,2012,SEA,29,3.0,True,-0.59,0.103,-1.877,False,54.0,1623.0
beviltu01w,Tully Bevilaqua,2012,SAS,28,,True,-3.146,-4.841,,False,102.0,3032.0
dunlavi01w,Victoria Dunlap,2012,SEA,5,,False,-2.161,-3.324,,False,,
leuchye01w,Yelena Leuchanka,2012,ATL,19,,False,-1.806,-2.778,,False,,
teilaza01w,Zane Tamane,2012,PHO,2,,False,-3.063,-4.712,,False,,
morrizi01w,Ziomara Morrison,2012,SAS,30,,True,-2.466,-3.793,,False,97.0,2826.0
mathiad01w,A'dia Mathies,2013,LAS,30,1.0,True,-3.833,-3.451,-4.54,False,102.0,3203.0
beardal01w,Alana Beard,2013,LAS,32,3.0,True,-0.979,-0.475,-1.916,False,61.0,1856.0
bentlal01w,Alex Bentley,2013,ATL,34,8.0,True,-0.548,-0.008,-1.552,False,50.0,1599.0
montgal01w,Alex Montgomery,2013,NYL,34,,True,-0.702,-1.08,,False,54.0,1691.0
hornbal01w,Alexis Hornbuckle,2013,PHO,30,4.0,True,-3.064,-2.853,-3.457,False,92.0,3007.0
quiglal01w,Allie Quigley,2013,CHI,34,2.0,True,-3.189,-2.748,-4.008,False,95.0,3046.0
hightal01w,Allison Hightower,2013,CON,21,,False,0.319,0.49,,False,,
clarkal01w,Alysha Clark,2013,SEA,33,2.0,True,-2.724,-2.581,-2.99,False,90.0,2907.0
harriam01w,Amber Harris,2013,MIN,30,5.0,True,-3.41,-3.042,-4.094,True,99.0,3105.0
henryan01w,Aneika Henry-Morello,2013,ATL,34,8.0,True,-1.5,-1.896,-0.766,False,69.0,2208.0
goodran01w,Angel Goodrich,2013,TUL,31,,True,-1.497,-2.303,,False,68.0,2204.0
mccouan01w,Angel McCoughtry,2013,ATL,33,8.0,True,6.578,7.662,4.564,False,5.0,99.0
mariean01w,Anne Marie Armstrong,2013,ATL,9,,False,-2.86,-4.4,,False,,
pricear01w,Armintie Herrington,2013,ATL,28,8.0,True,-0.009,-0.036,0.04,False,42.0,1355.0
robinas01w,Ashley Robinson,2013,SEA,21,2.0,False,-4.096,-3.798,-4.649,False,,
walkeas01w,Ashley Walker,2013,CON,7,,False,-2.275,-3.5,,False,,
warleav01w,Avery Warley-Talbert,2013,"CHI,NYL",22,2.0,False,-3.598,-3.194,-4.348,False,,
hammobe01w,Becky Hammon,2013,SAS,1,,False,-2.358,-3.628,,False,,
gilbrbr01w,Briana Gilbreath-Butler,2013,PHO,34,5.0,True,-2.279,-1.968,-2.857,False,84.0,2726.0
januabr01w,Briann January,2013,IND,32,4.0,True,0.626,1.107,-0.268,False,36.0,1106.0
grinebr01w,Brittney Griner,2013,PHO,27,5.0,True,1.706,2.465,0.295,False,24.0,741.0
littlca01w,Camille Smith,2013,SEA,34,2.0,True,-0.034,0.755,-1.498,False,43.0,1368.0
parkeca01w,Candace Parker,2013,LAS,31,3.0,True,7.011,8.551,4.149,False,3.0,81.0
dupreca01w,Candice Dupree,2013,PHO,32,5.0,True,2.883,3.526,1.688,False,15.0,468.0
wiggica01w,Candice Wiggins,2013,TUL,32,,True,-0.347,-0.533,,False,47.0,1512.0
pondeca01w,Cappie Pondexter,2013,NYL,30,,True,2.002,3.081,,False,22.0,680.0
swordca01w,Carolyn Swords,2013,CHI,16,,False,-1.42,-2.185,,False,,
kraayca01w,Cathrine Kraayeveld,2013,SAS,22,,False,-2.318,-3.566,,False,,
blackch01w,Chante Black,2013,SAS,1,,False,-2.286,-3.518,,False,,
houstch01w,Charde Houston,2013,PHO,34,5.0,True,-2.297,-1.591,-3.607,False,85.0,2739.0
hopkich01w,Chelsea Hopkins,2013,SAS,4,,False,-2.335,-3.592,,False,,
poppech01w,Chelsea Poppens,2013,SAS,8,,False,-2.549,-3.922,,False,,
jeffeja01w,Chucky Jeffery,2013,NYL,2,,False,-2.834,-4.36,,False,,
bravaci01w,Cierra Bravard,2013,SEA,6,,False,-2.865,-4.408,,False,,
clemeco01w,Courtney Clements,2013,ATL,26,4.0,True,-4.056,-3.724,-4.671,False,105.0,3239.0
parisco01w,Courtney Paris,2013,TUL,23,,False,-1.333,-2.051,,False,,
vandeco01w,Courtney Vandersloot,2013,CHI,33,2.0,True,1.416,3.02,-1.563,False,28.0,836.0
langhcr01w,Crystal Langhorne,2013,WAS,34,3.0,True,1.561,2.925,-0.973,False,27.0,794.0
adamsda01w,Danielle Adams,2013,SAS,34,,True,0.644,0.99,,False,35.0,1099.0
robinda01w,Danielle Robinson,2013,SAS,25,,True,0.277,0.426,,False,38.0,1241.0
whyteda01w,Davellyn Whyte,2013,SAS,29,,True,-1.724,-2.653,,False,73.0,2377.0
miltode01w,DeLisha Milton-Jones,2013,"NYL,SAS",26,,True,-0.361,-0.556,,False,48.0,1518.0
bonnede01w,DeWanna Bonner,2013,PHO,34,5.0,True,2.13,3.188,0.166,False,21.0,648.0
peterde01w,Devereaux Peters,2013,MIN,34,7.0,True,-0.958,-1.071,-0.748,True,60.0,1844.0
tauradi01w,Diana Taurasi,2013,PHO,32,5.0,True,5.657,6.462,4.163,False,8.0,154.0
hoffmeb01w,Ebony Hoffman,2013,LAS,33,1.0,True,-3.145,-2.555,-4.241,False,93.0,3029.0
delleel01w,Elena Delle Donne,2013,CHI,30,2.0,True,4.902,7.044,0.925,False,10.0,210.0
meessem01w,Emma Meesseman,2013,WAS,34,3.0,True,-2.322,-1.802,-3.287,False,86.0,2753.0
princep01w,Epiphanny Prince,2013,CHI,31,2.0,True,3.094,4.838,-0.145,False,13.0,424.0
desouer01w,Erika de Souza,2013,ATL,34,8.0,True,3.792,4.376,2.706,False,12.0,320.0
philler01w,Erin Phillips,2013,IND,18,4.0,False,-1.767,-1.547,-2.175,False,,
thorner01w,Erin Thorn,2013,IND,6,,False,-2.689,-4.136,,False,,
larkier01w,Erlana Larkins,2013,IND,34,4.0,True,1.703,1.524,2.035,False,25.0,745.0
carsoes01w,Essence Carson,2013,NYL,4,,False,1.807,2.78,,False,,
abdifa01w,Farhiya Abdi,2013,LAS,17,,False,-2.29,-3.523,,False,,
johnsgl01w,Glory Johnson,2013,TUL,29,,True,1.748,2.689,,False,23.0,735.0
lattaiv01w,Ivory Latta,2013,WAS,34,3.0,True,2.164,3.279,0.092,False,18.0,636.0
castriz01w,Iziane Castro Marques,2013,CON,28,,True,-1.275,-1.962,,False,64.0,2059.0
mccarja01w,Janel McCarville,2013,MIN,32,7.0,True,1.592,1.158,2.397,True,26.0,786.0
lavenja01w,Jantel Lavender,2013,LAS,34,3.0,True,-0.728,0.335,-2.701,False,55.0,1706.0
hasseja01w,Jasmine Hassell,2013,"IND,SEA",22,3.0,False,-4.205,-3.953,-4.672,False,,
jamesja01w,Jasmine James,2013,PHO,16,5.0,False,-3.156,-2.78,-3.853,False,,
thomaja01w,Jasmine Thomas,2013,ATL,34,8.0,True,0.013,0.597,-1.073,False,41.0,1345.0
appelja01w,Jayne Appel-Marinelli,2013,SAS,29,,True,-0.329,-0.506,,False,46.0,1500.0
pohleje01w,Jeanette Pohlen-Mavunga,2013,IND,13,3.0,False,-3.17,-2.861,-3.742,False,,
oheaje01w,Jenna O'Hea,2013,LAS,29,2.0,True,-2.984,-2.526,-3.835,False,91.0,2989.0
lacyje01w,Jennifer Lacy,2013,TUL,32,,True,-1.884,-2.898,,False,77.0,2479.0
brelaje01w,Jessica Breland,2013,IND,30,,True,-0.856,-1.317,,False,58.0,1794.0
mooreje01w,Jessica Moore,2013,WAS,2,,False,-2.967,-4.564,,False,,
perkiji01w,Jia Perkins,2013,SAS,34,,True,0.225,0.345,,False,39.0,1259.0
tinkljo01w,Joslyn Tinkle,2013,SEA,6,1.0,False,-4.821,-4.703,-5.039,False,,
wojtaju01w,Julie Wojta,2013,SAS,3,,False,-2.167,-3.334,,False,,
greenka01w,Kalana Greene,2013,CON,34,,True,-1.557,-2.396,,False,71.0,2244.0
willika01w,Kamiko Williams,2013,NYL,34,,True,-2.067,-3.18,,False,81.0,2620.0
braxtka01w,Kara Braxton,2013,NYL,34,,True,0.087,0.134,,False,40.0,1311.0
lawsoka01w,Kara Lawson,2013,CON,9,,False,1.652,2.541,,False,,
chriska02w,Karima Christmas-Kelly,2013,IND,34,4.0,True,0.513,0.396,0.73,False,37.0,1141.0
douglka01w,Katie Douglas,2013,IND,4,,False,1.776,2.732,,False,,
smithka01w,Katie Smith,2013,NYL,34,,True,-1.154,-1.775,,False,63.0,1976.0
alexaka01w,Kayla Alexander,2013,SAS,33,,True,-2.022,-3.111,,False,80.0,2582.0
pederka01w,Kayla Pedersen,2013,"CON,TUL",34,,True,-1.79,-2.753,,False,76.0,2413.0
fariske01w,Kelly Faris,2013,CON,24,,True,-2.207,-3.395,,False,83.0,2696.0
boneke01w,Kelsey Bone,2013,NYL,34,,True,-0.612,-0.941,,False,52.0,1637.0
griffke01w,Kelsey Griffin,2013,CON,34,,True,-0.533,-0.821,,False,49.0,1587.0
vaughki01w,Kia Vaughn,2013,WAS,34,3.0,True,-0.855,-0.322,-1.845,False,57.0,1792.0
tolivkr01w,Kristi Toliver,2013,LAS,34,3.0,True,2.961,4.645,-0.166,False,14.0,455.0
thomakr01w,Krystal Thomas,2013,PHO,34,5.0,True,-3.146,-2.733,-3.912,False,94.0,3031.0
clarela01w,Layshia Clarendon,2013,IND,30,4.0,True,-2.184,-2.169,-2.211,False,82.0,2680.0
willile01w,Le'coe Willingham,2013,ATL,34,4.0,True,-2.389,-1.573,-3.905,False,88.0,2782.0
mitchle01w,Leilani Mitchell,2013,NYL,34,,True,-1.29,-1.985,,False,65.0,2072.0
whaleli01w,Lindsay Whalen,2013,MIN,34,7.0,True,6.766,7.291,5.79,True,4.0,92.0
hardili01w,Lindsey Harding,2013,LAS,33,3.0,True,2.135,3.43,-0.271,False,20.0,645.0
mooreli01w,Lindsey Moore,2013,MIN,23,6.0,False,-4.078,-3.988,-4.245,True,,
cambael01w,Liz Cambage,2013,TUL,20,,False,2.814,4.329,,False,,
kizerly01w,Lynetta Kizer,2013,PHO,27,5.0,True,-3.31,-3.148,-3.611,False,97.0,3080.0
colemma01w,Marissa Coleman,2013,LAS,34,3.0,True,-2.02,-1.331,-3.299,False,79.0,2580.0
ajavoma01w,Matee Ajavon,2013,WAS,34,3.0,True,-0.609,0.282,-2.264,False,51.0,1636.0
moorema01w,Maya Moore,2013,MIN,34,7.0,True,10.521,9.186,13.001,True,1.0,18.0
campbmi02w,Michelle Campbell,2013,CHI,31,1.0,True,-3.896,-3.52,-4.596,False,103.0,3212.0
snowmi01w,Michelle Snow,2013,WAS,34,3.0,True,-1.763,-1.162,-2.88,False,75.0,2400.0
bassmi01w,Mistie Bass,2013,CON,33,,True,-0.765,-1.176,,False,56.0,1730.0
wrighmo01w,Monica Wright,2013,MIN,33,7.0,True,2.162,1.852,2.738,True,19.0,638.0
currimo01w,Monique Currie,2013,WAS,34,3.0,True,0.702,1.595,-0.955,False,34.0,1083.0
mckenna01w,Nadirah McKenith,2013,WAS,32,3.0,True,-3.48,-3.069,-4.243,False,100.0,3120.0
sanfona01w,Nakia Sanford,2013,SEA,15,,False,-2.332,-3.588,,False,,
lacyna01w,Natasha Lacy,2013,CON,3,,False,-1.662,-2.557,,False,,
powelni01w,Nicole Powell,2013,TUL,32,,True,-0.911,-1.401,,False,59.0,1821.0
ogwumnn01w,Nneka Ogwumike,2013,LAS,34,3.0,True,4.114,5.692,1.184,False,11.0,284.0
quinnno01w,Noelle Quinn,2013,SEA,34,2.0,True,-1.922,-1.276,-3.122,False,78.0,2516.0
taylope01w,Penny Taylor,2013,PHO,10,2.0,False,-0.766,-0.05,-2.096,False,,
pierspl01w,Plenette Pierson,2013,NYL,32,,True,0.73,1.123,,False,33.0,1070.0
holliqu01w,Quanitra Hollingsworth,2013,WAS,7,2.0,False,-3.99,-3.623,-4.671,False,,
jarryra01w,Rachel Jarry,2013,MIN,27,5.0,True,-3.953,-3.727,-4.373,True,104.0,3223.0
brunsre01w,Rebekkah Brunson,2013,MIN,33,7.0,True,5.973,5.03,7.723,True,6.0,129.0
montgre01w,Renee Montgomery,2013,CON,23,,False,-0.196,-0.301,,False,,
williri02w,Riquna Williams,2013,TUL,27,,True,1.355,2.084,,False,29.0,859.0
hodgero01w,Roneeka Hodges,2013,TUL,33,,True,-1.515,-2.331,,False,70.0,2218.0
rileyru01w,Ruth Riley,2013,ATL,16,4.0,False,-4.19,-4.121,-4.318,False,,
prahasa01w,Samantha Prahalis,2013,"NYL,PHO",11,,False,-2.337,-3.595,,False,,
lyttlsa01w,Sancho Lyttle,2013,ATL,6,,False,2.94,4.523,,False,,
goodlsa01w,Sasha Goodlett,2013,IND,25,,True,-2.374,-3.652,,False,87.0,2777.0
augusse01w,Seimone Augustus,2013,MIN,31,7.0,True,7.319,6.142,9.505,True,2.0,68.0
chrissh01w,Shameka Christon,2013,SAS,33,,True,-1.333,-2.051,,False,66.0,2096.0
zollsh01w,Sharnee Zoll,2013,CHI,19,,False,-2.487,-3.826,,False,,
zellosh01w,Shavonte Zellous,2013,IND,29,4.0,True,2.615,3.062,1.786,False,16.0,537.0
murphsh01w,Shay Murphy,2013,CHI,34,2.0,True,-3.286,-2.83,-4.132,False,96.0,3075.0
stricsh01w,Shekinna Stricklen,2013,SEA,34,2.0,True,-1.018,-0.034,-2.844,False,62.0,1876.0
johnssh02w,Shenise Johnson,2013,SAS,33,,True,-0.241,-0.371,,False,44.0,1464.0
diggisk01w,Skylar Diggins,2013,TUL,32,,True,-0.672,-1.033,,False,53.0,1674.0
rodgesu01w,Sugar Rodgers,2013,MIN,28,5.0,True,-3.736,-3.361,-4.434,True,101.0,3183.0
cashsw01w,Swin Cash,2013,CHI,34,2.0,True,1.236,2.972,-1.987,False,30.0,889.0
cartesy01w,Sydney Carter,2013,CON,15,,False,-1.552,-2.387,,False,,
fowlesy01w,Sylvia Fowles,2013,CHI,32,2.0,True,5.854,8.156,1.577,False,7.0,138.0
youngta01w,Tamera Young,2013,CHI,33,2.0,True,-1.434,-0.53,-3.114,False,67.0,2166.0
catchta01w,Tamika Catchings,2013,IND,30,4.0,True,5.285,5.541,4.811,False,9.0,172.0
whiteta01w,Tan White,2013,CON,22,,False,-0.587,-0.902,,False,,
wrighta01w,Tanisha Wright,2013,SEA,34,2.0,True,0.741,1.563,-0.786,False,32.0,1067.0
hillta01w,Tayler Hill,2013,WAS,34,3.0,True,-1.702,-1.146,-2.733,False,72.0,2359.0
johnste01w,Temeka Johnson,2013,SEA,32,2.0,True,-0.324,0.601,-2.043,False,45.0,1499.0
hawkiti01w,Tianna Hawkins,2013,SEA,33,1.0,True,-3.408,-2.96,-4.24,False,98.0,3103.0
ruffiti01w,Tierra Ruffin-Pratt,2013,WAS,34,3.0,True,-2.398,-2.039,-3.064,False,89.0,2789.0
hayesti01w,Tiffany Hayes,2013,ATL,23,8.0,False,1.765,1.747,1.798,False,,
jacksti02w,Tiffany Jackson-Jones,2013,TUL,19,,False,-1.116,-1.716,,False,,
charlti01w,Tina Charles,2013,CON,29,,True,2.248,3.458,,False,17.0,618.0
thompti01w,Tina Thompson,2013,SEA,34,2.0,True,1.201,2.34,-0.915,False,31.0,902.0
youngto01w,Toni Young,2013,NYL,31,,True,-1.732,-2.664,,False,74.0,2385.0
ellenaa01w,Aaryn Ellenberg,2014,CHI,2,,False,-3.092,-4.757,,False,,
beardal01w,Alana Beard,2014,LAS,33,2.0,True,-0.864,-0.044,-2.387,False,58.0,1797.0
bentlal01w,Alex Bentley,2014,CON,34,,True,0.856,1.317,,False,32.0,1023.0
montgal01w,Alex Montgomery,2014,NYL,34,,True,-0.79,-1.215,,False,56.0,1749.0
quiglal01w,Allie Quigley,2014,CHI,34,9.0,True,1.051,0.749,1.611,False,28.0,956.0
hightal01w,Allison Hightower,2014,CON,14,,False,-0.435,-0.669,,False,,
clarkal01w,Alysha Clark,2014,SEA,34,,True,-1.63,-2.508,,False,75.0,2300.0
thomaal01w,Alyssa Thomas,2014,CON,34,,True,0.497,0.765,,False,39.0,1147.0
thompam01w,Amanda Thompson,2014,ATL,21,,False,-2.11,-3.247,,False,,
henryan01w,Aneika Henry-Morello,2014,ATL,34,3.0,True,-1.838,-1.494,-2.476,False,79.0,2445.0
jekaban01w,Anete Jekabsone-Zogota,2014,PHO,32,4.0,True,-3.238,-2.967,-3.74,True,103.0,3058.0
goodran01w,Angel Goodrich,2014,TUL,28,,True,-2.635,-4.053,,False,98.0,2885.0
mccouan01w,Angel McCoughtry,2014,ATL,31,3.0,True,5.927,6.942,4.041,False,5.0,132.0
robinan01w,Angel Robinson,2014,SEA,25,,True,-2.192,-3.372,,False,90.0,2687.0
cruzan01w,Anna Cruz,2014,NYL,34,,True,0.196,0.301,,False,44.0,1273.0
pricear01w,Armintie Herrington,2014,LAS,34,2.0,True,-2.488,-1.975,-3.44,False,95.0,2833.0
tayloas01w,Asia Taylor,2014,MIN,22,2.0,False,-3.388,-2.96,-4.183,False,,
ndouras01w,Astou Ndour-Fall,2014,SAS,8,1.0,False,-3.901,-3.586,-4.488,False,,
warleav01w,Avery Warley-Talbert,2014,NYL,28,,True,-1.291,-1.987,,False,66.0,2075.0
hammobe01w,Becky Hammon,2014,SAS,32,2.0,True,-0.556,-0.27,-1.086,False,53.0,1603.0
hartlbr01w,Bria Hartley,2014,WAS,34,2.0,True,0.546,1.788,-1.759,False,38.0,1127.0
gilbrbr01w,Briana Gilbreath-Butler,2014,CON,6,,False,-2.906,-4.47,,False,,
januabr01w,Briann January,2014,IND,31,5.0,True,1.065,0.901,1.369,False,26.0,950.0
grinebr01w,Brittney Griner,2014,PHO,34,7.0,True,8.615,8.083,9.605,True,3.0,36.0
littlca01w,Camille Smith,2014,SEA,33,,True,0.296,0.456,,False,43.0,1233.0
parkeca01w,Candace Parker,2014,LAS,30,2.0,True,4.907,6.462,2.018,False,7.0,208.0
dupreca01w,Candice Dupree,2014,PHO,34,8.0,True,8.409,7.472,10.151,True,4.0,41.0
wiggica01w,Candice Wiggins,2014,LAS,17,2.0,False,-4.025,-3.671,-4.681,False,,
pondeca01w,Cappie Pondexter,2014,NYL,34,,True,1.576,2.424,,False,24.0,788.0
dumercc01w,Celine Dumerc,2014,ATL,28,1.0,True,-1.97,-1.44,-2.955,False,85.0,2548.0
houstch01w,Charde Houston,2014,NYL,17,,False,-1.932,-2.972,,False,,
ogwumch01w,Chiney Ogwumike,2014,CON,31,,True,2.47,3.8,,False,17.0,573.0
jeffeja01w,Chucky Jeffery,2014,NYL,15,,False,-2.632,-4.05,,False,,
clemeco01w,Courtney Clements,2014,CHI,33,5.0,True,-3.579,-3.099,-4.471,False,107.0,3142.0
parisco01w,Courtney Paris,2014,TUL,34,,True,0.995,1.53,,False,29.0,974.0
vandeco01w,Courtney Vandersloot,2014,CHI,18,9.0,False,0.031,0.057,-0.019,False,,
langhcr01w,Crystal Langhorne,2014,SEA,34,,True,0.791,1.217,,False,35.0,1052.0
dantada01w,Damiris Dantas,2014,MIN,30,3.0,True,-0.903,0.39,-3.304,False,59.0,1817.0
adamsda01w,Danielle Adams,2014,SAS,34,2.0,True,0.463,0.647,0.121,False,40.0,1164.0
mccrada01w,Danielle McCray,2014,CON,18,,False,-2.312,-3.557,,False,,
robinda01w,Danielle Robinson,2014,SAS,33,2.0,True,0.898,1.82,-0.814,False,31.0,1011.0
morrida01w,Darxia Morris,2014,LAS,4,,False,-2.543,-3.913,,False,,
whyteda01w,Davellyn Whyte,2014,SAS,2,,False,-3.092,-4.757,,False,,
miltode01w,DeLisha Milton-Jones,2014,"ATL,NYL",21,,False,-1.049,-1.614,,False,,
bonnede01w,DeWanna Bonner,2014,PHO,34,8.0,True,4.183,3.392,5.652,True,10.0,279.0
peterde01w,Devereaux Peters,2014,MIN,28,5.0,True,-1.688,-0.852,-3.241,False,77.0,2346.0
tauradi01w,Diana Taurasi,2014,PHO,33,8.0,True,10.376,8.299,14.233,True,1.0,19.0
hoffmeb01w,Ebony Hoffman,2014,CON,8,,False,-2.344,-3.605,,False,,
delleel01w,Elena Delle Donne,2014,CHI,16,9.0,False,3.699,4.042,3.063,False,,
meessem01w,Emma Meesseman,2014,WAS,34,2.0,True,2.143,3.202,0.176,False,20.0,642.0
princep01w,Epiphanny Prince,2014,CHI,26,9.0,True,1.937,2.917,0.118,False,21.0,696.0
desouer01w,Erika de Souza,2014,ATL,33,3.0,True,3.678,5.236,0.786,False,11.0,337.0
philler01w,Erin Phillips,2014,PHO,33,8.0,True,-0.083,-0.05,-0.147,True,47.0,1397.0
larkier01w,Erlana Larkins,2014,IND,33,5.0,True,2.349,2.581,1.916,False,18.0,595.0
carsoes01w,Essence Carson,2014,NYL,26,,True,-1.809,-2.783,,False,78.0,2425.0
kobryew01w,Ewelina Kobryn,2014,PHO,20,5.0,False,-3.325,-3.745,-2.546,True,,
abdifa01w,Farhiya Abdi,2014,LAS,17,1.0,False,-3.798,-3.522,-4.309,False,,
brandge01w,Gennifer Brandon,2014,CHI,16,2.0,False,-3.669,-3.358,-4.247,False,,
johnsgl01w,Glory Johnson,2014,TUL,33,,True,1.916,2.947,,False,22.0,700.0
butlehe01w,Heather Butler,2014,SAS,11,,False,-2.88,-4.43,,False,,
orekhin01w,Inga Orekhova,2014,ATL,2,,False,-3.001,-4.616,,False,,
lattaiv01w,Ivory Latta,2014,WAS,34,2.0,True,2.635,3.666,0.722,False,16.0,531.0
faulkja01w,Jamierra Faulkner,2014,CHI,34,9.0,True,-1.355,-0.328,-3.262,False,68.0,2112.0
mccarja01w,Janel McCarville,2014,MIN,34,5.0,True,0.99,2.112,-1.093,False,30.0,976.0
lavenja01w,Jantel Lavender,2014,LAS,34,2.0,True,0.855,2.215,-1.67,False,33.0,1024.0
hasseja01w,Jasmine Hassell,2014,IND,2,,False,-2.135,-3.285,,False,,
thomaja01w,Jasmine Thomas,2014,ATL,34,3.0,True,-1.683,-1.465,-2.089,False,76.0,2344.0
appelja01w,Jayne Appel-Marinelli,2014,SAS,34,2.0,True,-1.604,-0.803,-3.091,False,74.0,2283.0
milovje01w,Jelena Milovanovic,2014,WAS,16,,False,-1.501,-2.309,,False,,
oheaje01w,Jenna O'Hea,2014,SEA,29,,True,-1.473,-2.265,,False,72.0,2190.0
lacyje01w,Jennifer Lacy,2014,TUL,34,,True,-1.899,-2.921,,False,83.0,2497.0
brelaje01w,Jessica Breland,2014,CHI,32,7.0,True,-0.003,1.233,-2.297,False,46.0,1352.0
perkiji01w,Jia Perkins,2014,SAS,23,2.0,False,0.462,1.339,-1.167,False,,
hoopejo01w,Jordan Hooper,2014,TUL,34,,True,-1.308,-2.012,,False,67.0,2084.0
greenka01w,Kalana Greene,2014,WAS,20,2.0,False,-4.359,-4.278,-4.51,False,,
braxtka01w,Kara Braxton,2014,NYL,4,,False,-2.091,-3.216,,False,,
lawsoka01w,Kara Lawson,2014,WAS,28,2.0,True,-0.165,-0.054,-0.37,False,48.0,1434.0
chriska02w,Karima Christmas-Kelly,2014,IND,34,5.0,True,-0.713,-0.732,-0.677,False,55.0,1700.0
douglka01w,Katie Douglas,2014,CON,32,,True,1.053,1.62,,False,27.0,954.0
alexaka01w,Kayla Alexander,2014,SAS,33,1.0,True,-3.505,-3.067,-4.317,False,106.0,3130.0
mcbrika01w,Kayla McBride,2014,SAS,34,2.0,True,0.685,0.844,0.39,False,37.0,1092.0
pederka01w,Kayla Pedersen,2014,CON,31,,True,-2.27,-3.492,,False,92.0,2722.0
cainke01w,Kelley Cain,2014,CON,8,,False,-2.495,-3.838,,False,,
fariske01w,Kelly Faris,2014,CON,25,,True,-2.565,-3.946,,False,96.0,2860.0
boneke01w,Kelsey Bone,2014,CON,34,,True,0.389,0.598,,False,42.0,1187.0
griffke01w,Kelsey Griffin,2014,CON,31,,True,-1.088,-1.673,,False,64.0,1927.0
vaughki01w,Kia Vaughn,2014,WAS,33,2.0,True,0.42,1.659,-1.881,False,41.0,1176.0
tolivkr01w,Kristi Toliver,2014,LAS,27,2.0,True,0.804,1.936,-1.297,False,34.0,1046.0
thomakr01w,Krystal Thomas,2014,IND,21,2.0,False,-3.517,-3.176,-4.15,False,,
clarela01w,Layshia Clarendon,2014,IND,29,5.0,True,-2.832,-2.338,-3.749,False,100.0,2939.0
whaleli01w,Lindsay Whalen,2014,MIN,34,5.0,True,5.193,5.794,4.075,False,6.0,183.0
hardili01w,Lindsey Harding,2014,LAS,31,2.0,True,-1.913,-1.32,-3.013,False,84.0,2506.0
mooreli01w,Lindsey Moore,2014,MIN,12,,False,-2.451,-3.771,,False,,
kizerly01w,Lynetta Kizer,2014,IND,31,5.0,True,-2.765,-2.51,-3.237,False,99.0,2922.0
lucasma01w,Maggie Lucas,2014,IND,30,5.0,True,-3.113,-2.805,-3.686,False,102.0,3017.0
colemma01w,Marissa Coleman,2014,IND,34,5.0,True,-0.23,0.092,-0.828,False,49.0,1458.0
gatlima01w,Markeisha Gatling,2014,CHI,29,5.0,True,-2.969,-2.427,-3.975,False,101.0,2982.0
ajavoma01w,Matee Ajavon,2014,ATL,24,2.0,True,-3.753,-3.429,-4.355,False,109.0,3187.0
moorema01w,Maya Moore,2014,MIN,34,5.0,True,9.288,11.51,5.16,False,2.0,23.0
bassmi01w,Mistie Bass,2014,PHO,34,8.0,True,-1.382,-1.343,-1.456,True,69.0,2128.0
wrighmo01w,Monica Wright,2014,MIN,24,5.0,True,-1.42,-0.774,-2.621,False,70.0,2155.0
currimo01w,Monique Currie,2014,WAS,34,2.0,True,0.694,1.801,-1.362,False,36.0,1090.0
colhana01w,Nadia Colhado,2014,ATL,16,,False,-1.96,-3.015,,False,,
mckenna01w,Nadirah McKenith,2014,MIN,6,2.0,False,-4.36,-4.238,-4.588,False,,
howarna01w,Natasha Howard,2014,IND,34,4.0,True,-1.869,-0.937,-3.599,False,81.0,2469.0
lacyna01w,Natasha Lacy,2014,NYL,11,,False,-2.378,-3.658,,False,,
powelni01w,Nicole Powell,2014,SEA,26,,True,-2.21,-3.4,,False,91.0,2698.0
greenni01w,Nikki Greene,2014,LAS,11,1.0,False,-4.486,-4.347,-4.744,False,,
ogwumnn01w,Nneka Ogwumike,2014,LAS,33,2.0,True,2.723,4.24,-0.094,False,15.0,506.0
quinnno01w,Noelle Quinn,2014,SEA,32,,True,-1.568,-2.413,,False,73.0,2253.0
simsod01w,Odyssey Sims,2014,TUL,34,,True,1.78,2.739,,False,23.0,728.0
taylope01w,Penny Taylor,2014,PHO,33,8.0,True,4.583,3.382,6.813,True,9.0,239.0
pierspl01w,Plenette Pierson,2014,NYL,33,,True,-0.44,-0.677,,False,51.0,1561.0
brunsre01w,Rebekkah Brunson,2014,MIN,11,5.0,False,0.662,1.371,-0.655,False,,
montgre01w,Renee Montgomery,2014,CON,33,,True,-0.852,-1.311,,False,57.0,1790.0
williri02w,Riquna Williams,2014,TUL,11,,False,-0.673,-1.035,,False,,
hodgero01w,Roneeka Hodges,2014,TUL,34,,True,-1.461,-2.248,,False,71.0,2184.0
prahasa01w,Samantha Prahalis,2014,LAS,2,,False,-2.267,-3.487,,False,,
lyttlsa01w,Sancho Lyttle,2014,ATL,34,3.0,True,3.34,4.688,0.836,False,13.0,389.0
grudasa01w,Sandrine Gruda,2014,LAS,34,2.0,True,-2.617,-2.274,-3.256,False,97.0,2875.0
goodlsa01w,Sasha Goodlett,2014,CHI,34,7.0,True,-3.241,-2.677,-4.288,False,104.0,3059.0
augusse01w,Seimone Augustus,2014,MIN,24,5.0,True,4.816,5.944,2.722,False,8.0,221.0
chrissh01w,Shameka Christon,2014,SAS,31,1.0,True,-3.344,-2.921,-4.129,False,105.0,3089.0
mckinsh01w,Shanece McKinney,2014,NYL,24,,True,-2.314,-3.561,,False,93.0,2749.0
zellosh01w,Shavonte Zellous,2014,IND,34,5.0,True,1.198,1.064,1.447,False,25.0,904.0
murphsh01w,Shay Murphy,2014,PHO,27,7.0,True,-2.404,-1.905,-3.333,True,94.0,2797.0
stricsh01w,Shekinna Stricklen,2014,SEA,33,,True,-1.061,-1.632,,False,63.0,1908.0
johnssh02w,Shenise Johnson,2014,SAS,30,2.0,True,-2.081,-1.315,-3.505,False,88.0,2628.0
schimsh01w,Shoni Schimmel,2014,ATL,34,3.0,True,0.137,0.923,-1.323,False,45.0,1293.0
diggisk01w,Skylar Diggins,2014,TUL,34,,True,2.802,4.311,,False,14.0,485.0
youngso01w,Sophia Young-Malcolm,2014,SAS,34,2.0,True,-1.028,-0.583,-1.854,False,62.0,1884.0
dolsost01w,Stefanie Dolson,2014,WAS,34,2.0,True,-1.025,-0.16,-2.632,False,61.0,1883.0
birdsu01w,Sue Bird,2014,SEA,33,,True,-0.275,-0.423,,False,50.0,1478.0
rodgesu01w,Sugar Rodgers,2014,NYL,34,,True,-0.98,-1.508,,False,60.0,1858.0
cashsw01w,Swin Cash,2014,"ATL,NYL",32,,True,-1.848,-2.843,,False,80.0,2452.0
cartesy01w,Sydney Carter,2014,IND,23,1.0,False,-3.357,-2.919,-4.171,False,,
fowlesy01w,Sylvia Fowles,2014,CHI,20,9.0,False,3.686,3.598,3.85,False,,
youngta01w,Tamera Young,2014,CHI,34,9.0,True,-0.691,-0.648,-0.771,False,54.0,1688.0
catchta01w,Tamika Catchings,2014,IND,16,5.0,False,4.227,4.296,4.099,False,,
whiteta01w,Tan White,2014,MIN,34,5.0,True,-2.019,-1.31,-3.334,False,86.0,2579.0
wrighta01w,Tanisha Wright,2014,SEA,29,,True,-0.551,-0.848,,False,52.0,1600.0
hillta01w,Tayler Hill,2014,WAS,5,1.0,False,-4.505,-4.375,-4.747,False,,
johnste01w,Temeka Johnson,2014,SEA,34,,True,-1.089,-1.675,,False,65.0,1928.0
plaisth01w,Theresa Plaisance,2014,TUL,19,,False,-2.774,-4.268,,False,,
hawkiti01w,Tianna Hawkins,2014,WAS,34,2.0,True,-2.067,-1.848,-2.473,False,87.0,2619.0
ruffiti01w,Tierra Ruffin-Pratt,2014,WAS,34,2.0,True,-2.184,-1.569,-3.325,False,89.0,2681.0
biasti01w,Tiffany Bias,2014,PHO,17,4.0,False,-4.321,-4.129,-4.679,True,,
hayesti01w,Tiffany Hayes,2014,ATL,34,3.0,True,2.344,3.512,0.176,False,19.0,598.0
jacksti02w,Tiffany Jackson-Jones,2014,TUL,7,,False,-2.174,-3.345,,False,,
charlti01w,Tina Charles,2014,NYL,34,,True,3.431,5.278,,False,12.0,372.0
youngto01w,Toni Young,2014,NYL,8,,False,-2.666,-4.102,,False,,
listotr01w,Tricia Liston,2014,MIN,25,2.0,True,-3.688,-3.281,-4.445,False,108.0,3173.0
baughvi01w,Vicki Baugh,2014,TUL,33,,True,-1.896,-2.918,,False,82.0,2491.0
rollewa01w,Waltiea Rolle,2014,SEA,6,,False,-1.716,-2.641,,False,,
bishoab01w,Abby Bishop,2015,SEA,26,,True,-1.21,-1.861,,False,69.0,2010.0
beardal01w,Alana Beard,2015,LAS,15,3.0,False,-0.896,-0.135,-2.309,False,,
bentlal01w,Alex Bentley,2015,CON,25,,True,1.058,1.627,,False,28.0,952.0
hardeal01w,Alex Harden,2015,PHO,32,2.0,True,-3.977,-3.481,-4.899,False,109.0,3226.0
montgal01w,Alex Montgomery,2015,SAS,14,,False,-1.298,-1.996,,False,,
quiglal01w,Allie Quigley,2015,CHI,32,3.0,True,1.379,1.999,0.227,False,23.0,850.0
malotal01w,Ally Malott,2015,WAS,24,2.0,True,-3.57,-3.143,-4.363,False,105.0,3141.0
clarkal01w,Alysha Clark,2015,SEA,33,,True,-0.881,-1.355,,False,60.0,1804.0
thomaal01w,Alyssa Thomas,2015,CON,24,,True,0.138,0.213,,False,37.0,1292.0
zahuiam01w,Amanda Zahui B.,2015,TUL,31,2.0,True,-3.395,-2.764,-4.568,False,102.0,3100.0
dabovan01w,Ana Dabovic,2015,LAS,24,3.0,True,-0.404,-0.0,-1.153,False,49.0,1540.0
hoovean01w,Andrea Hoover,2015,LAS,12,,False,-1.948,-2.997,,False,,
henryan01w,Aneika Henry-Morello,2015,ATL,29,,True,-1.063,-1.636,,False,63.0,1909.0
goodran01w,Angel Goodrich,2015,SEA,23,,False,-1.727,-2.658,,False,,
mccouan01w,Angel McCoughtry,2015,ATL,34,,True,3.554,5.467,,False,9.0,356.0
cruzan01w,Anna Cruz,2015,MIN,22,10.0,False,1.613,2.289,0.359,True,,
pricear01w,Armintie Herrington,2015,WAS,25,2.0,True,-3.846,-3.511,-4.467,False,107.0,3205.0
jonesas01w,Asjha Jones,2015,MIN,31,4.0,True,-1.898,-0.629,-4.253,True,84.0,2494.0
warleav01w,Avery Warley-Talbert,2015,NYL,26,4.0,True,-3.952,-3.596,-4.612,False,108.0,3222.0
laneybe01w,Betnijah Laney-Hamilton,2015,CHI,32,1.0,True,-3.46,-2.853,-4.587,False,104.0,3117.0
hartlbr01w,Bria Hartley,2015,WAS,25,1.0,True,-3.004,-2.28,-4.349,False,101.0,2996.0
gilbrbr01w,Briana Gilbreath-Butler,2015,IND,3,,False,-3.113,-4.79,,False,,
januabr01w,Briann January,2015,IND,29,11.0,True,1.074,0.378,2.365,False,27.0,945.0
kiesebr01w,Brianna Kiesel,2015,TUL,34,2.0,True,-2.606,-1.999,-3.734,False,95.0,2872.0
boydbr01w,Brittany Boyd,2015,NYL,30,,True,0.041,0.063,,False,40.0,1332.0
hrynkbr01w,Brittany Hrynko,2015,"SAS,TUL",7,,False,-3.308,-5.089,,False,,
grinebr01w,Brittney Griner,2015,PHO,26,4.0,True,6.359,6.745,5.643,False,4.0,109.0
littlca01w,Camille Smith,2015,CON,34,,True,-0.52,-0.8,,False,51.0,1577.0
parkeca01w,Candace Parker,2015,LAS,16,3.0,False,7.314,8.825,4.507,False,,
dupreca01w,Candice Dupree,2015,PHO,33,4.0,True,4.249,5.137,2.599,False,8.0,271.0
wiggica01w,Candice Wiggins,2015,NYL,32,6.0,True,-2.828,-2.823,-2.836,False,99.0,2938.0
pondeca01w,Cappie Pondexter,2015,CHI,29,3.0,True,2.75,5.004,-1.437,False,15.0,497.0
cortica01w,Carla Cortijo,2015,ATL,2,,False,-0.82,-1.262,,False,,
swordca01w,Carolyn Swords,2015,NYL,34,5.0,True,-1.152,-0.946,-1.534,False,67.0,1974.0
francca01w,Cayla George,2015,PHO,34,3.0,True,-1.897,-1.281,-3.041,False,83.0,2492.0
graych01w,Chelsea Gray,2015,CON,34,,True,-0.552,-0.849,,False,52.0,1601.0
parkech01w,Cheyenne Parker-Tyus,2015,CHI,30,2.0,True,-3.681,-3.282,-4.423,False,106.0,3171.0
burdici01w,Cierra Burdick,2015,ATL,11,,False,-1.194,-1.837,,False,,
dossacl01w,Clarissa Dos Santos,2015,CHI,31,3.0,True,-1.624,-0.579,-3.564,False,75.0,2296.0
clemeco01w,Courtney Clements,2015,LAS,1,,False,-3.175,-4.884,,False,,
parisco01w,Courtney Paris,2015,TUL,34,2.0,True,0.012,1.3,-2.381,False,41.0,1347.0
vandeco01w,Courtney Vandersloot,2015,CHI,34,3.0,True,3.073,4.329,0.74,False,12.0,432.0
bradfcr01w,Crystal Bradford,2015,LAS,15,,False,-2.272,-3.495,,False,,
langhcr01w,Crystal Langhorne,2015,SEA,34,,True,0.215,0.331,,False,36.0,1263.0
dantada01w,Damiris Dantas,2015,"ATL,MIN",32,,True,-0.135,-0.208,,False,44.0,1419.0
adamsda01w,Danielle Adams,2015,SAS,30,,True,-0.861,-1.324,,False,59.0,1796.0
robinda01w,Danielle Robinson,2015,SAS,30,,True,-0.569,-0.876,,False,53.0,1613.0
miltode01w,DeLisha Milton-Jones,2015,ATL,18,,False,-2.349,-3.614,,False,,
bonnede01w,DeWanna Bonner,2015,PHO,33,4.0,True,6.297,6.67,5.605,False,5.0,110.0
hambyde01w,Dearica Hamby,2015,SAS,31,,True,-1.306,-2.01,,False,70.0,2083.0
peterde01w,Devereaux Peters,2015,MIN,33,10.0,True,-1.745,-1.833,-1.581,True,81.0,2393.0
delleel01w,Elena Delle Donne,2015,CHI,31,3.0,True,8.54,11.21,3.582,False,2.0,39.0
williel01w,Elizabeth Williams,2015,CON,21,,False,-1.629,-2.506,,False,,
meessem01w,Emma Meesseman,2015,WAS,34,3.0,True,2.427,4.025,-0.541,False,18.0,581.0
princep01w,Epiphanny Prince,2015,NYL,24,6.0,True,5.017,6.334,2.572,False,6.0,200.0
wheeler01w,Erica Wheeler,2015,"ATL,NYL",20,3.0,False,-3.097,-2.363,-4.46,False,,
desouer01w,Erika de Souza,2015,"ATL,CHI",34,3.0,True,-0.696,0.138,-2.246,False,54.0,1689.0
philler01w,Erin Phillips,2015,LAS,12,,False,-0.273,-0.42,,False,,
larkier01w,Erlana Larkins,2015,IND,21,11.0,False,-0.854,-1.801,0.907,False,,
carsoes01w,Essence Carson,2015,NYL,33,6.0,True,-1.208,-0.4,-2.707,False,68.0,2006.0
abdifa01w,Farhiya Abdi,2015,LAS,18,,False,-1.847,-2.841,,False,,
orekhin01w,Inga Orekhova,2015,CON,4,,False,-3.322,-5.111,,False,,
lattaiv01w,Ivory Latta,2015,WAS,34,3.0,True,2.586,3.712,0.495,False,17.0,542.0
gemelja01w,Jacki Gemelos,2015,CHI,17,,False,-2.853,-4.389,,False,,
faulkja01w,Jamierra Faulkner,2015,CHI,33,3.0,True,-2.883,-2.174,-4.198,False,100.0,2954.0
lavenja01w,Jantel Lavender,2015,LAS,34,3.0,True,3.011,4.612,0.036,False,13.0,441.0
listeja01w,Jasmine Lister,2015,LAS,7,,False,-2.071,-3.187,,False,,
thomaja01w,Jasmine Thomas,2015,CON,34,,True,-0.2,-0.307,,False,45.0,1445.0
appelja01w,Jayne Appel-Marinelli,2015,SAS,30,,True,-1.591,-2.448,,False,74.0,2269.0
pohleje01w,Jeanette Pohlen-Mavunga,2015,IND,26,6.0,True,-4.036,-3.519,-4.996,False,110.0,3236.0
oheaje01w,Jenna O'Hea,2015,SEA,34,,True,-1.309,-2.014,,False,71.0,2085.0
hamsoje01w,Jennifer Hamson,2015,LAS,25,,True,-2.561,-3.941,,False,93.0,2859.0
lacyje01w,Jennifer Lacy,2015,"CON,LAS",27,,True,-0.818,-1.259,,False,58.0,1771.0
oneilje01w,Jennifer O'Neill,2015,MIN,13,,False,-2.198,-3.382,,False,,
brelaje01w,Jessica Breland,2015,CHI,33,3.0,True,0.077,0.792,-1.249,False,39.0,1320.0
loydje01w,Jewell Loyd,2015,SEA,34,,True,-0.203,-0.313,,False,46.0,1446.0
perkiji01w,Jia Perkins,2015,SAS,26,,True,0.121,0.186,,False,38.0,1298.0
hoopejo01w,Jordan Hooper,2015,TUL,34,2.0,True,-2.642,-2.195,-3.473,False,96.0,2890.0
greenka01w,Kalana Greene,2015,"MIN,SAS",13,,False,-1.624,-2.499,,False,,
mosquka01w,Kaleena Mosqueda-Lewis,2015,SEA,27,,True,-1.464,-2.252,,False,73.0,2185.0
lawsoka01w,Kara Lawson,2015,WAS,22,3.0,False,0.684,2.085,-1.916,False,,
chriska02w,Karima Christmas-Kelly,2015,TUL,32,2.0,True,0.628,2.155,-2.208,False,33.0,1104.0
alexaka01w,Kayla Alexander,2015,SAS,29,,True,-1.921,-2.955,,False,85.0,2513.0
mcbrika01w,Kayla McBride,2015,SAS,27,,True,0.289,0.445,,False,35.0,1235.0
pederka01w,Kayla Pedersen,2015,CON,33,,True,-1.834,-2.822,,False,82.0,2441.0
thornka01w,Kayla Thornton,2015,WAS,10,,False,-2.295,-3.531,,False,,
fariske01w,Kelly Faris,2015,CON,32,,True,-2.045,-3.146,,False,88.0,2600.0
boneke01w,Kelsey Bone,2015,CON,34,,True,2.026,3.117,,False,20.0,675.0
vaughki01w,Kia Vaughn,2015,WAS,20,3.0,False,-1.301,-0.686,-2.441,False,,
stokeki01w,Kiah Stokes,2015,NYL,34,6.0,True,1.013,1.467,0.169,False,29.0,969.0
tolivkr01w,Kristi Toliver,2015,LAS,28,3.0,True,1.195,2.43,-1.098,False,25.0,905.0
pringla01w,LaToya Sanders,2015,WAS,23,,False,-0.39,-0.599,,False,,
clarela01w,Layshia Clarendon,2015,IND,29,9.0,True,-1.634,-0.465,-3.805,False,76.0,2304.0
mitchle01w,Leilani Mitchell,2015,PHO,34,4.0,True,-0.363,0.279,-1.556,False,48.0,1519.0
whaleli01w,Lindsay Whalen,2015,MIN,29,10.0,True,3.162,4.098,1.422,True,11.0,415.0
kizerly01w,Lynetta Kizer,2015,IND,33,9.0,True,-0.81,0.254,-2.784,False,57.0,1766.0
lucasma01w,Maggie Lucas,2015,IND,30,5.0,True,-2.724,-1.878,-4.296,False,98.0,2908.0
toloma01w,Marianna Tolo,2015,LAS,28,,True,-1.133,-1.742,,False,65.0,1957.0
colemma01w,Marissa Coleman,2015,IND,34,11.0,True,1.519,1.436,1.673,False,22.0,802.0
gatlima01w,Markeisha Gatling,2015,SEA,25,,True,-1.148,-1.766,,False,66.0,1968.0
xargama01w,Marta Xargay,2015,PHO,20,4.0,False,-1.597,-1.865,-1.099,False,,
ajavoma01w,Matee Ajavon,2015,ATL,33,,True,-0.89,-1.37,,False,61.0,1809.0
moorema01w,Maya Moore,2015,MIN,33,10.0,True,11.429,10.456,13.235,True,1.0,8.0
snowmi01w,Michelle Snow,2015,LAS,2,,False,-2.238,-3.443,,False,,
bassmi01w,Mistie Bass,2015,PHO,33,4.0,True,-2.27,-1.749,-3.236,False,91.0,2723.0
wrighmo01w,Monica Wright,2015,MIN,7,,False,-2.375,-3.655,,False,,
currimo01w,Monique Currie,2015,PHO,34,4.0,True,0.865,1.007,0.6,False,32.0,1021.0
colhana01w,Nadia Colhado,2015,ATL,6,,False,-2.97,-4.57,,False,,
achonna01w,Natalie Achonwa,2015,IND,28,6.0,True,-1.079,0.23,-3.512,False,64.0,1925.0
cloudna01w,Natasha Cloud,2015,WAS,34,3.0,True,-2.112,-1.269,-3.677,False,90.0,2645.0
howarna01w,Natasha Howard,2015,IND,30,9.0,True,-2.717,-2.27,-3.547,False,97.0,2904.0
greenni01w,Nikki Greene,2015,CON,12,,False,-2.588,-3.982,,False,,
ogwumnn01w,Nneka Ogwumike,2015,LAS,24,3.0,True,3.283,4.995,0.102,False,10.0,400.0
quinnno01w,Noelle Quinn,2015,PHO,34,4.0,True,-1.709,-1.386,-2.31,False,79.0,2367.0
simsod01w,Odyssey Sims,2015,TUL,23,2.0,False,3.197,4.832,0.159,False,,
pierspl01w,Plenette Pierson,2015,TUL,30,2.0,True,1.291,2.922,-1.738,False,24.0,875.0
holliqu01w,Quanitra Hollingsworth,2015,SEA,27,,True,-1.67,-2.57,,False,78.0,2332.0
tokasra01w,Ramu Tokashiki,2015,SEA,30,,True,-0.781,-1.202,,False,56.0,1744.0
allenre01w,Rebecca Allen,2015,NYL,2,,False,-1.669,-2.568,,False,,
brunsre01w,Rebekkah Brunson,2015,MIN,34,10.0,True,2.824,3.246,2.04,True,14.0,479.0
montgre01w,Renee Montgomery,2015,"MIN,SEA",36,9.0,True,-1.36,-0.845,-2.317,True,72.0,2116.0
grayre01w,Reshanda Gray,2015,"ATL,MIN",27,,True,-1.729,-2.66,,False,80.0,2381.0
williri02w,Riquna Williams,2015,TUL,29,1.0,True,2.294,4.347,-1.519,False,19.0,606.0
hodgero01w,Roneeka Hodges,2015,ATL,23,,False,-0.863,-1.328,,False,,
logicsa01w,Samantha Logic,2015,"ATL,SAS",27,,True,-2.572,-3.956,,False,94.0,2861.0
lyttlsa01w,Sancho Lyttle,2015,ATL,24,,True,1.118,1.72,,False,26.0,931.0
goodlsa01w,Sasha Goodlett,2015,CHI,16,,False,-2.225,-3.423,,False,,
augusse01w,Seimone Augustus,2015,MIN,16,10.0,False,4.592,4.321,5.094,True,,
kellesh01w,Shae Kelley,2015,MIN,8,1.0,False,-5.16,-5.015,-5.429,True,,
chrissh01w,Shameka Christon,2015,PHO,12,2.0,False,-3.593,-3.447,-3.866,False,,
zellosh01w,Shavonte Zellous,2015,IND,23,11.0,False,0.042,0.086,-0.041,False,,
stricsh01w,Shekinna Stricklen,2015,CON,34,,True,-0.778,-1.197,,False,55.0,1739.0
johnssh02w,Shenise Johnson,2015,IND,31,11.0,True,2.703,2.622,2.854,False,16.0,510.0
schimsh01w,Shoni Schimmel,2015,ATL,32,,True,-0.419,-0.644,,False,50.0,1549.0
diggisk01w,Skylar Diggins,2015,TUL,9,,False,3.816,5.871,,False,,
youngso01w,Sophia Young-Malcolm,2015,SAS,34,,True,-0.003,-0.004,,False,42.0,1353.0
dolsost01w,Stefanie Dolson,2015,WAS,34,3.0,True,1.685,3.087,-0.92,False,21.0,750.0
birdsu01w,Sue Bird,2015,SEA,27,,True,-0.063,-0.097,,False,43.0,1385.0
rodgesu01w,Sugar Rodgers,2015,NYL,33,6.0,True,0.374,0.758,-0.339,False,34.0,1193.0
cashsw01w,Swin Cash,2015,NYL,34,6.0,True,-1.661,-1.278,-2.373,False,77.0,2326.0
cartesy01w,Sydney Carter,2015,ATL,26,,True,-2.53,-3.893,,False,92.0,2847.0
colsosy01w,Sydney Colson,2015,SAS,34,,True,-1.926,-2.963,,False,86.0,2520.0
fowlesy01w,Sylvia Fowles,2015,MIN,18,10.0,False,7.193,6.787,7.945,True,,
youngta01w,Tamera Young,2015,CHI,19,3.0,False,-2.332,-1.577,-3.734,False,,
catchta01w,Tamika Catchings,2015,IND,30,11.0,True,4.774,4.167,5.902,False,7.0,224.0
wrighta01w,Tanisha Wright,2015,NYL,34,6.0,True,1.012,1.727,-0.315,False,30.0,970.0
hillta01w,Tayler Hill,2015,WAS,32,3.0,True,-0.916,-0.573,-1.552,False,62.0,1824.0
johnste01w,Temeka Johnson,2015,LAS,34,3.0,True,-2.096,-1.209,-3.743,False,89.0,2638.0
madgete01w,Tess Madgen,2015,PHO,8,,False,-2.757,-4.241,,False,,
plaisth01w,Theresa Plaisance,2015,TUL,25,2.0,True,-4.148,-3.713,-4.956,False,111.0,3244.0
ruffiti01w,Tierra Ruffin-Pratt,2015,WAS,32,3.0,True,-0.216,0.602,-1.736,False,47.0,1451.0
biasti01w,Tiffany Bias,2015,PHO,15,2.0,False,-4.2,-4.033,-4.511,False,,
hayesti01w,Tiffany Hayes,2015,ATL,28,,True,0.907,1.395,,False,31.0,1006.0
jacksti02w,Tiffany Jackson-Jones,2015,TUL,12,2.0,False,-2.511,-1.647,-4.116,False,,
charlti01w,Tina Charles,2015,NYL,34,6.0,True,8.045,8.742,6.751,False,3.0,49.0
listotr01w,Tricia Liston,2015,MIN,31,3.0,True,-3.413,-2.727,-4.687,True,103.0,3108.0
ayayiva01w,Valeriane Ayayi,2015,SAS,16,,False,-2.391,-3.679,,False,,
baughvi01w,Vicki Baugh,2015,TUL,34,2.0,True,-2.004,-1.078,-3.724,False,87.0,2563.0
macauvi01w,Victoria Macaulay,2015,CHI,4,,False,-2.911,-4.478,,False,,
bishoab01w,Abby Bishop,2016,SEA,13,,False,-2.859,-4.398,,False,,
bulgaad01w,Adut Bulgak,2016,NYL,7,,False,-2.489,-3.829,,False,,
powerae01w,Aerial Powers,2016,DAL,32,,True,-0.282,-0.434,,False,52.0,1481.0
beardal01w,Alana Beard,2016,LAS,34,9.0,True,1.616,1.037,2.69,True,25.0,777.0
bentlal01w,Alex Bentley,2016,CON,34,,True,0.621,0.955,,False,34.0,1109.0
hardeal01w,Alex Harden,2016,PHO,28,2.0,True,-4.248,-4.127,-4.473,False,113.0,3249.0
montgal01w,Alex Montgomery,2016,SAS,25,,True,-1.875,-2.884,,False,89.0,2474.0
quiglal01w,Allie Quigley,2016,CHI,34,5.0,True,-0.799,-0.1,-2.096,False,72.0,1759.0
malotal01w,Ally Malott,2016,WAS,23,,False,-2.47,-3.799,,False,,
clarkal01w,Alysha Clark,2016,SEA,33,1.0,True,-0.292,0.676,-2.088,False,53.0,1483.0
thomaal01w,Alyssa Thomas,2016,CON,31,,True,0.962,1.481,,False,33.0,990.0
zahuiam01w,Amanda Zahui B.,2016,NYL,33,1.0,True,-2.363,-1.737,-3.526,False,95.0,2770.0
alstoam01w,Ameryst Alston,2016,NYL,1,,False,-3.319,-5.106,,False,,
dabovan01w,Ana Dabovic,2016,LAS,22,6.0,False,-3.328,-2.992,-3.952,True,,
henryan01w,Aneika Henry-Morello,2016,CON,10,,False,-2.715,-4.177,,False,,
mccouan01w,Angel McCoughtry,2016,ATL,33,2.0,True,5.639,5.349,6.176,False,6.0,156.0
wautean01w,Ann Wauters,2016,LAS,21,2.0,False,-4.181,-3.895,-4.713,True,,
cruzan01w,Anna Cruz,2016,MIN,6,6.0,False,-3.183,-2.78,-3.93,False,,
tayloas01w,Asia Taylor,2016,CON,4,,False,-2.072,-3.188,,False,,
ndouras01w,Astou Ndour-Fall,2016,SAS,30,,True,-1.217,-1.872,,False,80.0,2016.0
warleav01w,Avery Warley-Talbert,2016,"ATL,SAS",3,,False,-3.144,-4.837,,False,,
graveba01w,Bashaara Graves,2016,MIN,12,,False,-3.14,-4.831,,False,,
laneybe01w,Betnijah Laney-Hamilton,2016,CHI,8,,False,-2.953,-4.543,,False,,
dietrbl01w,Blake Dietrick,2016,"SAS,SEA",3,,False,-2.75,-4.231,,False,,
stewabr01w,Breanna Stewart,2016,SEA,34,1.0,True,5.085,6.98,1.566,False,8.0,196.0
moselbr01w,Brene Moseley,2016,IND,8,,False,-2.615,-4.024,,False,,
hartlbr01w,Bria Hartley,2016,WAS,24,,True,-0.74,-1.139,,False,67.0,1712.0
holmebr01w,Bria Holmes,2016,ATL,33,2.0,True,-0.568,-0.911,0.069,False,61.0,1610.0
januabr01w,Briann January,2016,IND,29,1.0,True,-0.132,0.608,-1.507,False,49.0,1416.0
kiesebr01w,Brianna Kiesel,2016,DAL,14,,False,-2.856,-4.394,,False,,
boydbr01w,Brittany Boyd,2016,NYL,33,1.0,True,-1.076,-0.113,-2.863,False,78.0,1924.0
grinebr01w,Brittney Griner,2016,PHO,34,5.0,True,3.086,3.83,1.704,False,14.0,428.0
littlca01w,Camille Smith,2016,CON,33,,True,-0.578,-0.889,,False,62.0,1619.0
parkeca01w,Candace Parker,2016,LAS,34,9.0,True,9.104,7.666,11.775,True,3.0,29.0
dupreca01w,Candice Dupree,2016,PHO,32,5.0,True,1.315,2.089,-0.123,False,28.0,871.0
pondeca01w,Cappie Pondexter,2016,CHI,33,5.0,True,1.399,2.127,0.049,False,27.0,845.0
cortica01w,Carla Cortijo,2016,ATL,27,2.0,True,-2.88,-2.274,-4.007,False,103.0,2951.0
swordca01w,Carolyn Swords,2016,NYL,34,1.0,True,-1.02,-0.796,-1.436,False,76.0,1878.0
graych01w,Chelsea Gray,2016,LAS,33,9.0,True,0.299,-0.542,1.862,True,42.0,1232.0
parkech01w,Cheyenne Parker-Tyus,2016,CHI,25,5.0,True,-2.727,-2.306,-3.509,False,101.0,2910.0
ogwumch01w,Chiney Ogwumike,2016,CON,33,,True,1.518,2.335,,False,26.0,803.0
burdici01w,Cierra Burdick,2016,ATL,8,,False,-3.183,-4.898,,False,,
dossacl01w,Clarissa Dos Santos,2016,CHI,20,5.0,False,-2.557,-3.159,-1.437,False,,
parisco01w,Courtney Paris,2016,DAL,34,,True,-0.49,-0.754,,False,59.0,1571.0
vandeco01w,Courtney Vandersloot,2016,CHI,30,5.0,True,1.251,1.272,1.211,False,29.0,883.0
willico01w,Courtney Williams,2016,"CON,PHO",25,,True,-0.895,-1.377,,False,74.0,1813.0
langhcr01w,Crystal Langhorne,2016,SEA,33,1.0,True,0.307,1.424,-1.768,False,41.0,1228.0
bonnede01w,DeWanna Bonner,2016,PHO,34,5.0,True,2.567,3.693,0.478,False,17.0,546.0
hambyde01w,Dearica Hamby,2016,SAS,25,,True,-0.625,-0.962,,False,63.0,1643.0
peterde01w,Devereaux Peters,2016,IND,30,,True,-1.13,-1.739,,False,79.0,1954.0
tauradi01w,Diana Taurasi,2016,PHO,33,5.0,True,4.889,5.024,4.637,False,9.0,212.0
delleel01w,Elena Delle Donne,2016,CHI,28,,True,4.767,7.334,,False,10.0,225.0
williel01w,Elizabeth Williams,2016,ATL,34,2.0,True,1.784,2.327,0.774,False,22.0,727.0
meessem01w,Emma Meesseman,2016,WAS,34,,True,2.25,3.462,,False,19.0,616.0
princep01w,Epiphanny Prince,2016,NYL,6,1.0,False,-2.111,-2.01,-2.299,False,,
wheeler01w,Erica Wheeler,2016,IND,34,1.0,True,-1.06,-0.463,-2.169,False,77.0,1906.0
desouer01w,Erika de Souza,2016,CHI,31,5.0,True,-1.515,-0.802,-2.84,False,83.0,2219.0
philler01w,Erin Phillips,2016,DAL,32,,True,-1.697,-2.611,,False,87.0,2352.0
larkier01w,Erlana Larkins,2016,IND,33,1.0,True,0.33,1.055,-1.015,False,40.0,1220.0
carsoes01w,Essence Carson,2016,LAS,34,9.0,True,0.395,0.591,0.031,True,36.0,1186.0
belyaeu01w,Evgeniya Belyakova,2016,LAS,21,3.0,False,-4.07,-3.702,-4.752,True,,
eldebfr01w,Frida Eldebrink,2016,SAS,8,,False,-3.061,-4.71,,False,,
johnsgl01w,Glory Johnson,2016,DAL,18,,False,0.831,1.278,,False,,
peterha01w,Haley Peters,2016,SAS,34,,True,-1.655,-2.546,,False,86.0,2321.0
boyetim01w,Imani McGee-Stafford,2016,CHI,31,5.0,True,-0.313,-0.273,-0.388,False,54.0,1496.0
harriis01w,Isabelle Harrison,2016,PHO,26,3.0,True,-3.06,-3.152,-2.889,False,105.0,3006.0
lattaiv01w,Ivory Latta,2016,WAS,22,,False,-0.489,-0.752,,False,,
weisnja01w,Jamie Weisner,2016,WAS,7,,False,-2.681,-4.124,,False,,
faulkja01w,Jamierra Faulkner,2016,CHI,34,5.0,True,-0.422,0.079,-1.352,False,57.0,1552.0
mccarja01w,Janel McCarville,2016,MIN,33,4.0,True,-2.731,-2.044,-4.009,False,102.0,2914.0
lavenja01w,Jantel Lavender,2016,LAS,34,9.0,True,1.656,1.865,1.268,True,24.0,760.0
thomaja01w,Jasmine Thomas,2016,CON,34,,True,1.184,1.822,,False,30.0,906.0
appelja01w,Jayne Appel-Marinelli,2016,SAS,34,,True,-1.497,-2.303,,False,82.0,2205.0
gwathja01w,Jazmon Gwathmey,2016,SAS,22,,False,-2.143,-3.298,,False,,
pohleje01w,Jeanette Pohlen-Mavunga,2016,IND,12,,False,-2.816,-4.332,,False,,
dubljje01w,Jelena Dubljevic,2016,LAS,15,2.0,False,-4.259,-4.032,-4.681,True,,
oheaje01w,Jenna O'Hea,2016,SEA,22,,False,-2.059,-3.168,,False,,
brelaje01w,Jessica Breland,2016,CHI,34,5.0,True,-0.748,-0.939,-0.395,False,68.0,1720.0
loydje01w,Jewell Loyd,2016,SEA,34,1.0,True,3.093,4.364,0.734,False,13.0,425.0
perkiji01w,Jia Perkins,2016,MIN,34,8.0,True,-0.373,-0.176,-0.738,False,55.0,1526.0
jonesjo01w,Jonquel Jones,2016,CON,34,,True,-0.644,-0.991,,False,65.0,1652.0
hoopejo01w,Jordan Hooper,2016,DAL,32,,True,-2.148,-3.305,,False,93.0,2668.0
coppeka01w,Kahleah Copper,2016,WAS,30,,True,-0.976,-1.501,,False,75.0,1852.0
mosquka01w,Kaleena Mosqueda-Lewis,2016,SEA,32,1.0,True,-2.665,-2.287,-3.365,False,99.0,2894.0
chriska02w,Karima Christmas-Kelly,2016,DAL,34,,True,0.335,0.515,,False,38.0,1215.0
alexaka01w,Kayla Alexander,2016,SAS,25,,True,-0.651,-1.002,,False,66.0,1659.0
mcbrika01w,Kayla McBride,2016,SAS,17,,False,1.364,2.098,,False,,
hamptke01w,Keisha Hampton,2016,MIN,27,4.0,True,-3.943,-3.644,-4.498,False,112.0,3221.0
fariske01w,Kelly Faris,2016,CON,31,,True,-2.439,-3.753,,False,97.0,2815.0
boneke01w,Kelsey Bone,2016,"CON,PHO",34,2.0,True,-2.066,-1.271,-3.542,False,92.0,2618.0
vaughki01w,Kia Vaughn,2016,WAS,34,,True,-0.754,-1.16,,False,69.0,1723.0
stokeki01w,Kiah Stokes,2016,NYL,27,1.0,True,-0.135,1.063,-2.359,False,50.0,1417.0
tolivkr01w,Kristi Toliver,2016,LAS,33,9.0,True,5.163,4.876,5.696,True,7.0,187.0
thomakr01w,Krystal Thomas,2016,SEA,19,,False,-2.449,-3.767,,False,,
pringla01w,LaToya Sanders,2016,WAS,4,,False,-0.575,-0.885,,False,,
clarela01w,Layshia Clarendon,2016,ATL,34,2.0,True,1.056,1.427,0.368,False,32.0,953.0
mitchle01w,Leilani Mitchell,2016,WAS,10,,False,-0.972,-1.496,,False,,
whaleli01w,Lindsay Whalen,2016,MIN,32,8.0,True,3.662,3.158,4.596,False,11.0,342.0
hardili01w,Lindsey Harding,2016,"NYL,PHO",26,5.0,True,-2.708,-2.237,-3.585,False,100.0,2902.0
kizerly01w,Lynetta Kizer,2016,IND,33,1.0,True,-0.757,0.272,-2.668,False,70.0,1725.0
lucasma01w,Maggie Lucas,2016,IND,4,,False,-0.463,-0.712,,False,,
colemma01w,Marissa Coleman,2016,IND,32,1.0,True,-0.859,-0.266,-1.96,False,73.0,1795.0
gatlima01w,Markeisha Gatling,2016,"ATL,SEA",27,2.0,True,-3.741,-3.433,-4.313,False,109.0,3186.0
xargama01w,Marta Xargay,2016,PHO,15,5.0,False,-1.284,-1.306,-1.244,False,,
ajavoma01w,Matee Ajavon,2016,ATL,32,2.0,True,-2.984,-3.094,-2.781,False,104.0,2988.0
moorema01w,Maya Moore,2016,MIN,34,8.0,True,10.577,10.013,11.626,False,2.0,17.0
simmome01w,Meighan Simmons,2016,ATL,25,2.0,True,-3.924,-3.662,-4.41,False,111.0,3216.0
bassmi01w,Mistie Bass,2016,PHO,33,5.0,True,-3.378,-3.054,-3.979,False,107.0,3096.0
wrighmo01w,Monica Wright,2016,SEA,16,,False,-2.782,-4.28,,False,,
currimo01w,Monique Currie,2016,SAS,34,,True,-0.128,-0.197,,False,48.0,1415.0
tuckmo01w,Morgan Tuck,2016,CON,26,,True,-0.767,-1.18,,False,71.0,1733.0
jeffemo01w,Moriah Jefferson,2016,SAS,34,,True,0.523,0.804,,False,35.0,1137.0
achonna01w,Natalie Achonwa,2016,IND,24,1.0,True,-3.189,-2.885,-3.753,False,106.0,3045.0
cloudna01w,Natasha Cloud,2016,WAS,31,,True,-0.639,-0.984,,False,64.0,1649.0
howarna01w,Natasha Howard,2016,MIN,34,8.0,True,-0.435,-0.125,-1.011,False,58.0,1558.0
fieldni01w,Nirra Fields,2016,PHO,4,,False,-3.205,-4.931,,False,,
ogwumnn01w,Nneka Ogwumike,2016,LAS,33,9.0,True,11.043,10.67,11.736,True,1.0,11.0
quinnno01w,Noelle Quinn,2016,"PHO,SEA",33,1.0,True,-3.87,-3.615,-4.345,False,110.0,3208.0
simsod01w,Odyssey Sims,2016,DAL,34,,True,0.365,0.562,,False,37.0,1200.0
taylope01w,Penny Taylor,2016,PHO,25,5.0,True,2.179,2.907,0.827,False,20.0,631.0
pierspl01w,Plenette Pierson,2016,DAL,27,,True,0.331,0.509,,False,39.0,1219.0
banhara01w,Rachel Banham,2016,CON,15,,False,-1.954,-3.007,,False,,
hollira01w,Rachel Hollivay,2016,ATL,32,,True,-2.621,-4.032,,False,98.0,2878.0
tokasra01w,Ramu Tokashiki,2016,SEA,31,1.0,True,-2.414,-1.895,-3.379,False,96.0,2806.0
allenre01w,Rebecca Allen,2016,NYL,21,,False,-1.126,-1.732,,False,,
brunsre01w,Rebekkah Brunson,2016,MIN,33,8.0,True,3.015,3.112,2.834,False,15.0,440.0
montgre01w,Renee Montgomery,2016,MIN,34,8.0,True,-0.54,0.199,-1.913,False,60.0,1592.0
grayre01w,Reshanda Gray,2016,ATL,28,2.0,True,-3.402,-2.871,-4.388,False,108.0,3102.0
hamblru01w,Ruth Hamblin,2016,DAL,20,,False,-2.798,-4.305,,False,,
lyttlsa01w,Sancho Lyttle,2016,ATL,19,,False,0.388,0.597,,False,,
grudasa01w,Sandrine Gruda,2016,LAS,7,6.0,False,-4.537,-4.429,-4.738,True,,
augusse01w,Seimone Augustus,2016,MIN,29,8.0,True,3.21,3.291,3.058,False,12.0,407.0
zellosh01w,Shavonte Zellous,2016,NYL,33,1.0,True,0.171,1.01,-1.386,False,45.0,1285.0
stricsh01w,Shekinna Stricklen,2016,CON,28,,True,-1.877,-2.888,,False,90.0,2475.0
johnssh02w,Shenise Johnson,2016,IND,29,1.0,True,-0.396,0.607,-2.26,False,56.0,1535.0
schimsh01w,Shoni Schimmel,2016,NYL,17,,False,-2.463,-3.789,,False,,
diggisk01w,Skylar Diggins,2016,DAL,27,,True,0.085,0.131,,False,46.0,1312.0
petroso01w,Sonja Petrovic,2016,PHO,31,2.0,True,-2.351,-1.969,-3.061,False,94.0,2766.0
dolsost01w,Stefanie Dolson,2016,WAS,34,,True,0.19,0.292,,False,43.0,1275.0
birdsu01w,Sue Bird,2016,SEA,34,1.0,True,1.909,3.266,-0.609,False,21.0,702.0
rodgesu01w,Sugar Rodgers,2016,NYL,33,1.0,True,2.85,4.374,0.02,False,16.0,474.0
cashsw01w,Swin Cash,2016,NYL,31,1.0,True,-2.021,-1.062,-3.803,False,91.0,2581.0
colsosy01w,Sydney Colson,2016,SAS,34,,True,-1.556,-2.395,,False,84.0,2243.0
fowlesy01w,Sylvia Fowles,2016,MIN,34,8.0,True,7.169,7.407,6.728,False,5.0,76.0
youngta01w,Tamera Young,2016,CHI,32,5.0,True,0.026,0.267,-0.421,False,47.0,1341.0
catchta01w,Tamika Catchings,2016,IND,34,1.0,True,1.167,2.128,-0.616,False,31.0,913.0
wrighta01w,Tanisha Wright,2016,NYL,29,1.0,True,0.183,0.284,-0.004,False,44.0,1277.0
hillta01w,Tayler Hill,2016,WAS,32,,True,1.715,2.639,,False,23.0,740.0
plaisth01w,Theresa Plaisance,2016,DAL,27,,True,-1.861,-2.863,,False,88.0,2458.0
hawkiti01w,Tianna Hawkins,2016,WAS,24,,True,-1.434,-2.206,,False,81.0,2165.0
ruffiti01w,Tierra Ruffin-Pratt,2016,WAS,32,,True,-0.244,-0.376,,False,51.0,1468.0
biasti01w,Tiffany Bias,2016,DAL,10,,False,-2.329,-3.583,,False,,
hayesti01w,Tiffany Hayes,2016,ATL,33,1.0,True,2.475,2.872,1.737,False,18.0,571.0
mitchti01w,Tiffany Mitchell,2016,IND,34,1.0,True,-1.581,-0.638,-3.333,False,85.0,2260.0
charlti01w,Tina Charles,2016,NYL,32,1.0,True,7.613,9.629,3.87,False,4.0,61.0
baughvi01w,Vicki Baugh,2016,SAS,11,,False,-1.611,-2.479,,False,,
knighwh01w,Whitney Knight,2016,"LAS,SAS",10,,False,-3.06,-4.707,,False,,
dimitzo01w,Zoi Dimitrakou,2016,WAS,2,,False,-2.714,-4.175,,False,,
bulgaad01w,Adut Bulgak,2017,CHI,5,,False,-1.315,-2.024,,False,,
powerae01w,Aerial Powers,2017,DAL,12,1.0,False,0.243,0.887,-0.952,False,,
beardal01w,Alana Beard,2017,LAS,34,8.0,True,0.472,0.801,-0.138,False,39.0,1159.0
bentlal01w,Alex Bentley,2017,CON,31,1.0,True,-0.62,0.316,-2.36,False,57.0,1640.0
montgal01w,Alex Montgomery,2017,SAS,34,,True,-0.717,-1.104,,False,58.0,1704.0
jonesal01w,Alexis Jones,2017,MIN,29,5.0,True,-3.202,-3.134,-3.328,True,104.0,3051.0
peteral01w,Alexis Peterson,2017,SEA,17,,False,-2.203,-3.39,,False,,
princal01w,Alexis Prince,2017,PHO,18,2.0,False,-3.912,-3.575,-4.539,False,,
quiglal01w,Allie Quigley,2017,CHI,31,,True,1.695,2.607,,False,24.0,747.0
grayal01w,Allisha Gray,2017,DAL,34,1.0,True,-0.125,1.096,-2.392,False,45.0,1411.0
hightal01w,Allison Hightower,2017,WAS,11,5.0,False,-2.487,-2.24,-2.947,False,,
clarkal01w,Alysha Clark,2017,SEA,33,1.0,True,-0.746,0.147,-2.405,False,60.0,1719.0
thomaal01w,Alyssa Thomas,2017,CON,33,1.0,True,4.314,5.638,1.856,False,12.0,261.0
zahuiam01w,Amanda Zahui B.,2017,NYL,29,1.0,True,-3.74,-3.369,-4.429,False,111.0,3184.0
harriam01w,Amber Harris,2017,CHI,27,,True,-2.409,-3.705,,False,92.0,2800.0
alstoam01w,Ameryst Alston,2017,NYL,2,,False,-2.509,-3.86,,False,,
henryan01w,Aneika Henry-Morello,2017,ATL,6,,False,-2.251,-3.464,,False,,
robinan01w,Angel Robinson,2017,PHO,15,3.0,False,-2.552,-1.916,-3.733,False,,
tayloas01w,Asia Taylor,2017,WAS,24,4.0,True,-3.64,-3.343,-4.193,False,109.0,3158.0
graveba01w,Bashaara Graves,2017,CHI,10,,False,-1.924,-2.96,,False,,
lewisbr01w,Breanna Lewis,2017,DAL,13,,False,-2.8,-4.308,,False,,
stewabr01w,Breanna Stewart,2017,SEA,33,1.0,True,4.546,6.291,1.306,False,11.0,244.0
hartlbr01w,Bria Hartley,2017,NYL,34,1.0,True,-0.162,0.298,-1.017,False,46.0,1433.0
holmebr01w,Bria Holmes,2017,ATL,32,,True,-0.54,-0.83,,False,53.0,1591.0
januabr01w,Briann January,2017,IND,25,,True,-0.974,-1.498,,False,62.0,1850.0
kiesebr01w,Brianna Kiesel,2017,ATL,9,,False,-2.452,-3.773,,False,,
jonesbr01w,Brionna Jones,2017,CON,23,,False,-1.864,-2.868,,False,,
boydbr01w,Brittany Boyd,2017,NYL,2,,False,1.881,2.894,,False,,
grinebr01w,Brittney Griner,2017,PHO,26,5.0,True,6.146,6.949,4.656,False,6.0,115.0
sykesbr01w,Brittney Sykes,2017,ATL,34,,True,1.136,1.748,,False,30.0,920.0
littlca01w,Camille Smith,2017,PHO,34,5.0,True,-0.739,-0.683,-0.842,False,59.0,1711.0
parkeca01w,Candace Parker,2017,LAS,33,8.0,True,7.657,7.841,7.315,False,3.0,57.0
dupreca01w,Candice Dupree,2017,IND,33,,True,0.348,0.536,,False,41.0,1211.0
pondeca01w,Cappie Pondexter,2017,CHI,29,,True,0.05,0.077,,False,44.0,1325.0
swordca01w,Carolyn Swords,2017,SEA,30,1.0,True,-3.432,-3.14,-3.975,False,106.0,3114.0
francca01w,Cayla George,2017,PHO,32,2.0,True,-3.163,-2.616,-4.18,False,102.0,3039.0
zandace01w,Cecilia Zandalasini,2017,MIN,3,5.0,False,-4.446,-4.375,-4.578,True,,
graych01w,Chelsea Gray,2017,LAS,34,8.0,True,5.428,5.526,5.245,False,8.0,166.0
hopkich01w,Chelsea Hopkins,2017,"ATL,NYL",3,,False,-3.04,-4.676,,False,,
parkech01w,Cheyenne Parker-Tyus,2017,CHI,23,,False,-1.503,-2.312,,False,,
burdici01w,Cierra Burdick,2017,"NYL,SAS",10,,False,-1.808,-2.782,,False,,
parisco01w,Courtney Paris,2017,DAL,20,1.0,False,-2.275,-1.934,-2.908,False,,
vandeco01w,Courtney Vandersloot,2017,CHI,27,,True,1.202,1.85,,False,29.0,901.0
willico01w,Courtney Williams,2017,CON,34,1.0,True,1.618,2.796,-0.568,False,25.0,775.0
langhcr01w,Crystal Langhorne,2017,SEA,34,1.0,True,0.899,2.345,-1.786,False,33.0,1010.0
dantada01w,Damiris Dantas,2017,ATL,34,,True,-0.566,-0.87,,False,56.0,1608.0
adamsda01w,Danielle Adams,2017,CON,19,,False,-2.193,-3.374,,False,,
robinda01w,Danielle Robinson,2017,PHO,32,5.0,True,-1.29,-0.421,-2.903,False,70.0,2071.0
morrida01w,Darxia Morris,2017,ATL,5,,False,-2.669,-4.107,,False,,
hambyde01w,Dearica Hamby,2017,SAS,34,,True,-0.564,-0.867,,False,55.0,1606.0
tauradi01w,Diana Taurasi,2017,PHO,31,5.0,True,3.716,4.086,3.03,False,13.0,330.0
delleel01w,Elena Delle Donne,2017,WAS,25,5.0,True,6.002,6.54,5.004,False,7.0,124.0
williel01w,Elizabeth Williams,2017,ATL,34,,True,0.684,1.052,,False,35.0,1094.0
cannoem01w,Emma Cannon,2017,PHO,34,4.0,True,-2.411,-1.897,-3.365,False,93.0,2803.0
meessem01w,Emma Meesseman,2017,WAS,23,5.0,False,2.67,3.691,0.772,False,,
princep01w,Epiphanny Prince,2017,NYL,28,1.0,True,2.046,3.335,-0.349,False,20.0,670.0
mccaler01w,Erica McCall,2017,IND,30,,True,-2.001,-3.078,,False,82.0,2562.0
wheeler01w,Erica Wheeler,2017,IND,34,,True,-0.433,-0.666,,False,50.0,1557.0
desouer01w,Erika de Souza,2017,SAS,27,,True,-1.708,-2.628,,False,77.0,2365.0
larkier01w,Erlana Larkins,2017,IND,34,,True,-1.469,-2.259,,False,73.0,2187.0
carsoes01w,Essence Carson,2017,LAS,24,8.0,True,-2.018,-1.567,-2.854,False,84.0,2577.0
akhatev01w,Evelyn Akhator,2017,DAL,15,,False,-2.746,-4.224,,False,,
fitzgfe01w,Feyonda Fitzgerald,2017,CON,2,,False,-2.689,-4.136,,False,,
johnsgl01w,Glory Johnson,2017,DAL,33,1.0,True,1.775,2.947,-0.402,False,23.0,729.0
peterha01w,Haley Peters,2017,"SAS,WAS",4,,False,-2.303,-3.543,,False,,
ibekwif01w,Ify Ibekwe,2017,LAS,6,,False,-2.686,-4.132,,False,,
boyetim01w,Imani McGee-Stafford,2017,"ATL,CHI",32,,True,-1.475,-2.27,,False,74.0,2193.0
harriis01w,Isabelle Harrison,2017,SAS,34,,True,0.581,0.894,,False,37.0,1119.0
lattaiv01w,Ivory Latta,2017,WAS,34,3.0,True,-1.255,-0.613,-2.446,False,69.0,2043.0
lavenja01w,Jantel Lavender,2017,LAS,32,8.0,True,-0.464,0.106,-1.522,False,52.0,1567.0
thomaja01w,Jasmine Thomas,2017,CON,32,1.0,True,2.609,3.929,0.157,False,15.0,540.0
gwathja01w,Jazmon Gwathmey,2017,IND,28,,True,-1.342,-2.065,,False,71.0,2100.0
pohleje01w,Jeanette Pohlen-Mavunga,2017,IND,29,,True,-2.066,-3.178,,False,88.0,2616.0
simmsje01w,Jennie Simms,2017,"IND,WAS",14,,False,-2.376,-3.655,,False,,
hamsoje01w,Jennifer Hamson,2017,IND,12,,False,-2.13,-3.277,,False,,
brelaje01w,Jessica Breland,2017,CHI,34,,True,0.103,0.159,,False,42.0,1306.0
loydje01w,Jewell Loyd,2017,SEA,34,1.0,True,2.545,4.012,-0.178,False,16.0,557.0
perkiji01w,Jia Perkins,2017,MIN,34,8.0,True,-1.606,-1.44,-1.916,True,75.0,2284.0
jonesjo01w,Jonquel Jones,2017,CON,34,1.0,True,5.236,6.726,2.469,False,9.0,177.0
hoopejo01w,Jordan Hooper,2017,"ATL,CHI,CON",28,,True,-1.835,-2.823,,False,80.0,2443.0
daviska01w,Kaela Davis,2017,DAL,33,1.0,True,-2.496,-1.812,-3.767,False,95.0,2837.0
coppeka01w,Kahleah Copper,2017,CHI,34,,True,-1.158,-1.782,,False,68.0,1979.0
mosquka01w,Kaleena Mosqueda-Lewis,2017,SEA,18,1.0,False,-2.805,-2.315,-3.715,False,,
chriska02w,Karima Christmas-Kelly,2017,DAL,34,1.0,True,-0.561,0.179,-1.937,False,54.0,1605.0
alexaka01w,Kayla Alexander,2017,SAS,34,,True,-1.034,-1.591,,False,64.0,1888.0
mcbrika01w,Kayla McBride,2017,SAS,30,,True,1.301,2.001,,False,27.0,873.0
pederka01w,Kayla Pedersen,2017,CON,26,1.0,True,-3.54,-3.263,-4.054,False,107.0,3136.0
thornka01w,Kayla Thornton,2017,DAL,34,1.0,True,-2.056,-1.261,-3.532,False,87.0,2608.0
hamptke01w,Keisha Hampton,2017,CHI,19,,False,-1.982,-3.049,,False,,
plumke01w,Kelsey Plum,2017,SAS,31,,True,-0.427,-0.657,,False,49.0,1555.0
vaughki01w,Kia Vaughn,2017,NYL,28,1.0,True,-1.108,-0.172,-2.847,False,66.0,1938.0
stokeki01w,Kiah Stokes,2017,NYL,34,1.0,True,-1.074,-0.127,-2.834,False,65.0,1922.0
tolivkr01w,Kristi Toliver,2017,WAS,34,5.0,True,2.329,2.134,2.691,False,19.0,599.0
thomakr01w,Krystal Thomas,2017,WAS,34,5.0,True,0.829,1.435,-0.296,False,34.0,1034.0
montgla01w,Lanay Montgomery,2017,SEA,7,,False,-2.705,-4.161,,False,,
clarela01w,Layshia Clarendon,2017,ATL,34,,True,0.982,1.51,,False,32.0,978.0
mitchle01w,Leilani Mitchell,2017,PHO,34,5.0,True,0.618,0.088,1.603,False,36.0,1110.0
allenli01w,Lindsay Allen,2017,NYL,28,1.0,True,-3.193,-2.654,-4.194,False,103.0,3048.0
whaleli01w,Lindsay Whalen,2017,MIN,22,8.0,False,1.594,1.148,2.423,True,,
kizerly01w,Lynetta Kizer,2017,CON,20,,False,-0.791,-1.217,,False,,
diarrma01w,Maimouna Diarra,2017,LAS,10,,False,-2.762,-4.249,,False,,
eppsma01w,Makayla Epps,2017,CHI,17,,False,-2.838,-4.366,,False,,
colemma01w,Marissa Coleman,2017,IND,34,,True,-1.887,-2.904,,False,81.0,2480.0
ajavoma01w,Matee Ajavon,2017,ATL,31,,True,-2.128,-3.274,,False,89.0,2654.0
moorema01w,Maya Moore,2017,MIN,34,8.0,True,8.753,7.953,10.239,True,2.0,34.0
simmome01w,Meighan Simmons,2017,ATL,11,,False,-2.566,-3.948,,False,,
currimo01w,Monique Currie,2017,"PHO,SAS",36,5.0,True,0.073,0.941,-1.54,False,43.0,1321.0
tuckmo01w,Morgan Tuck,2017,CON,22,1.0,False,-2.121,-1.504,-3.267,False,,
jeffemo01w,Moriah Jefferson,2017,SAS,21,,False,-0.037,-0.057,,False,,
colhana01w,Nadia Colhado,2017,IND,5,,False,-2.865,-4.408,,False,,
achonna01w,Natalie Achonwa,2017,IND,34,,True,-1.12,-1.723,,False,67.0,1947.0
cloudna01w,Natasha Cloud,2017,WAS,24,5.0,True,-1.731,-1.534,-2.098,False,79.0,2384.0
howarna01w,Natasha Howard,2017,MIN,34,7.0,True,-2.339,-1.67,-3.583,True,90.0,2762.0
raincna01w,Nayo Raincock-Ekunwe,2017,NYL,32,1.0,True,-2.72,-2.403,-3.31,False,96.0,2905.0
coffeni01w,Nia Coffey,2017,SAS,27,,True,-2.349,-3.615,,False,91.0,2764.0
ogwumnn01w,Nneka Ogwumike,2017,LAS,34,8.0,True,7.138,8.193,5.179,False,4.0,77.0
quinnno01w,Noelle Quinn,2017,SEA,32,1.0,True,-2.93,-2.523,-3.687,False,98.0,2972.0
simsod01w,Odyssey Sims,2017,LAS,31,8.0,True,2.445,1.787,3.667,False,17.0,578.0
pierspl01w,Plenette Pierson,2017,MIN,34,8.0,True,-1.721,-0.909,-3.23,True,78.0,2375.0
banhara01w,Rachel Banham,2017,CON,30,1.0,True,-3.116,-2.739,-3.818,False,100.0,3018.0
hollira01w,Rachel Hollivay,2017,ATL,7,,False,-2.48,-3.815,,False,,
tokasra01w,Ramu Tokashiki,2017,SEA,33,1.0,True,-3.308,-2.827,-4.201,False,105.0,3079.0
allenre01w,Rebecca Allen,2017,NYL,33,1.0,True,-3.144,-2.767,-3.844,False,101.0,3028.0
brunsre01w,Rebekkah Brunson,2017,MIN,30,8.0,True,3.595,3.468,3.83,True,14.0,350.0
montgre01w,Renee Montgomery,2017,MIN,34,8.0,True,1.216,1.339,0.989,True,28.0,893.0
williri02w,Riquna Williams,2017,LAS,23,7.0,False,-1.945,-1.08,-3.553,False,,
whitcsa01w,Sami Whitcomb,2017,SEA,33,1.0,True,-2.736,-2.187,-3.757,False,97.0,2918.0
lyttlsa01w,Sancho Lyttle,2017,ATL,29,,True,-0.205,-0.315,,False,47.0,1447.0
grudasa01w,Sandrine Gruda,2017,LAS,7,1.0,False,-4.312,-4.079,-4.745,False,,
chongsa01w,Saniya Chong,2017,DAL,33,1.0,True,-3.591,-3.193,-4.33,False,108.0,3145.0
augusse01w,Seimone Augustus,2017,MIN,32,8.0,True,5.151,4.118,7.068,True,10.0,189.0
holmese01w,Sequoia Holmes,2017,SAS,27,,True,-2.018,-3.104,,False,85.0,2578.0
walkesh01w,Shatori Walker-Kimbrough,2017,WAS,27,3.0,True,-3.069,-2.435,-4.247,False,99.0,3009.0
zellosh01w,Shavonte Zellous,2017,NYL,34,1.0,True,1.902,3.406,-0.892,False,22.0,706.0
murphsh01w,Shay Murphy,2017,"PHO,SAS",26,,True,-2.054,-3.161,,False,86.0,2606.0
stricsh01w,Shekinna Stricklen,2017,CON,34,1.0,True,-0.248,0.859,-2.305,False,48.0,1470.0
johnssh02w,Shenise Johnson,2017,IND,14,,False,0.42,0.646,,False,,
diggisk01w,Skylar Diggins,2017,DAL,34,1.0,True,2.409,4.002,-0.549,False,18.0,584.0
brunnso01w,Sophie Brunner,2017,"PHO,SAS",4,,False,-2.87,-4.416,,False,,
dolsost01w,Stefanie Dolson,2017,CHI,33,,True,1.498,2.305,,False,26.0,807.0
talbost01w,Stephanie Talbot,2017,PHO,34,4.0,True,-2.463,-1.87,-3.565,False,94.0,2824.0
birdsu01w,Sue Bird,2017,SEA,30,1.0,True,0.537,1.735,-1.689,False,38.0,1133.0
rodgesu01w,Sugar Rodgers,2017,NYL,33,1.0,True,1.128,2.358,-1.157,False,31.0,925.0
colsosy01w,Sydney Colson,2017,SAS,28,,True,-2.006,-3.086,,False,83.0,2564.0
wiesesy01w,Sydney Wiese,2017,LAS,28,1.0,True,-3.714,-3.33,-4.428,False,110.0,3177.0
fowlesy01w,Sylvia Fowles,2017,MIN,34,8.0,True,11.126,10.258,12.737,True,1.0,10.0
youngta01w,Tamera Young,2017,"ATL,CHI",35,,True,-0.459,-0.706,,False,51.0,1566.0
hillta01w,Tayler Hill,2017,WAS,18,,False,1.37,2.108,,False,,
fagbete01w,Temi Fagbenle,2017,MIN,21,2.0,False,-3.987,-3.839,-4.262,True,,
plaisth01w,Theresa Plaisance,2017,DAL,34,1.0,True,-1.41,-0.779,-2.582,False,72.0,2152.0
hawkiti01w,Tianna Hawkins,2017,WAS,33,5.0,True,-1.002,-0.427,-2.071,False,63.0,1871.0
ruffiti01w,Tierra Ruffin-Pratt,2017,WAS,34,5.0,True,0.352,0.469,0.134,False,40.0,1206.0
hayesti01w,Tiffany Hayes,2017,ATL,33,,True,1.905,2.93,,False,21.0,705.0
jacksti02w,Tiffany Jackson-Jones,2017,LAS,26,1.0,True,-4.065,-3.792,-4.571,False,112.0,3240.0
mitchti01w,Tiffany Mitchell,2017,IND,27,,True,-0.942,-1.449,,False,61.0,1835.0
charlti01w,Tina Charles,2017,NYL,34,1.0,True,6.243,8.32,2.384,False,5.0,114.0
turneyv01w,Yvonne Turner,2017,PHO,34,5.0,True,-1.616,-2.113,-0.691,False,76.0,2291.0
wilsoa01w,A'ja Wilson,2018,LVA,33,,True,3.648,5.613,,False,16.0,344.0
elonuad01w,Adaora Elonu,2018,ATL,1,1.0,False,-4.633,-4.646,-4.609,False,,
powerae01w,Aerial Powers,2018,"DAL,WAS",24,9.0,True,-1.397,-1.211,-1.743,False,76.0,2144.0
coateal01w,Alaina Coates,2018,CHI,32,,True,-1.714,-2.637,,False,85.0,2371.0
beardal01w,Alana Beard,2018,LAS,30,2.0,True,-2.062,-1.729,-2.681,False,92.0,2613.0
bentlal01w,Alex Bentley,2018,"ATL,CON",35,5.0,True,0.542,0.578,0.475,False,37.0,1129.0
montgal01w,Alex Montgomery,2018,CHI,19,,False,-2.629,-4.045,,False,,
jonesal01w,Alexis Jones,2018,MIN,26,1.0,True,-3.286,-2.926,-3.955,False,114.0,3074.0
princal01w,Alexis Prince,2018,ATL,2,,False,-1.87,-2.877,,False,,
quiglal01w,Allie Quigley,2018,CHI,32,,True,0.326,0.502,,False,42.0,1222.0
grayal01w,Allisha Gray,2018,DAL,34,1.0,True,-0.359,0.703,-2.331,False,51.0,1515.0
clarkal01w,Alysha Clark,2018,SEA,31,8.0,True,1.605,0.816,3.072,True,29.0,781.0
thomaal01w,Alyssa Thomas,2018,CON,24,1.0,True,2.926,4.144,0.663,False,22.0,464.0
zahuiam01w,Amanda Zahui B.,2018,NYL,29,,True,-0.772,-1.188,,False,59.0,1737.0
harriam01w,Amber Harris,2018,CHI,1,,False,-3.02,-4.646,,False,,
mccouan01w,Angel McCoughtry,2018,ATL,29,,True,3.187,4.904,,False,18.0,410.0
robinan01w,Angel Robinson,2018,PHO,24,4.0,True,-2.912,-2.794,-3.13,False,112.0,2966.0
atkinar01w,Ariel Atkins,2018,WAS,29,9.0,True,2.291,1.604,3.567,False,26.0,607.0
tayloas01w,Asia Taylor,2018,IND,14,,False,-2.281,-3.509,,False,,
ndouras01w,Astou Ndour-Fall,2018,CHI,22,,False,-1.563,-2.404,,False,,
steveaz01w,Azura Stevens,2018,DAL,34,1.0,True,-0.386,0.52,-2.069,False,54.0,1532.0
laneybe01w,Betnijah Laney-Hamilton,2018,CON,29,,True,-1.824,-2.805,,False,88.0,2434.0
dietrbl01w,Blake Dietrick,2018,ATL,26,3.0,True,-3.975,-3.794,-4.31,False,117.0,3225.0
lewisbr01w,Breanna Lewis,2018,DAL,6,,False,-2.571,-3.955,,False,,
stewabr01w,Breanna Stewart,2018,SEA,34,8.0,True,10.862,9.943,12.569,True,1.0,13.0
hartlbr01w,Bria Hartley,2018,NYL,34,,True,-0.651,-1.002,,False,57.0,1658.0
januabr01w,Briann January,2018,PHO,33,7.0,True,-0.392,-0.364,-0.444,False,55.0,1534.0
jonesbr01w,Brionna Jones,2018,CON,27,,True,-1.8,-2.769,,False,87.0,2419.0
boydbr01w,Brittany Boyd,2018,NYL,30,,True,-0.667,-1.026,,False,58.0,1671.0
grinebr01w,Brittney Griner,2018,PHO,34,7.0,True,6.645,6.697,6.547,False,3.0,95.0
sykesbr01w,Brittney Sykes,2018,ATL,29,5.0,True,0.754,1.117,0.079,False,35.0,1065.0
littlca01w,Camille Smith,2018,PHO,33,5.0,True,-2.969,-2.73,-3.413,False,113.0,2983.0
parkeca01w,Candace Parker,2018,LAS,31,2.0,True,4.663,6.569,1.122,False,10.0,234.0
dupreca01w,Candice Dupree,2018,IND,32,,True,0.254,0.391,,False,43.0,1250.0
pondeca01w,Cappie Pondexter,2018,"IND,LAS",30,,True,-0.886,-1.363,,False,63.0,1808.0
swordca01w,Carolyn Swords,2018,LVA,26,,True,-1.134,-1.744,,False,66.0,1960.0
francca01w,Cayla George,2018,DAL,23,1.0,False,-2.703,-2.304,-3.444,False,,
zandace01w,Cecilia Zandalasini,2018,MIN,29,1.0,True,-2.072,-1.511,-3.114,False,93.0,2623.0
graych01w,Chelsea Gray,2018,LAS,34,2.0,True,3.073,4.137,1.096,False,20.0,431.0
hopkich01w,Chelsea Hopkins,2018,CHI,4,,False,-1.768,-2.721,,False,,
parkech01w,Cheyenne Parker-Tyus,2018,CHI,34,,True,-0.153,-0.235,,False,44.0,1425.0
ogwumch01w,Chiney Ogwumike,2018,CON,31,1.0,True,3.171,5.221,-0.636,False,19.0,412.0
parisco01w,Courtney Paris,2018,SEA,34,4.0,True,-2.895,-2.387,-3.838,True,111.0,2958.0
vandeco01w,Courtney Vandersloot,2018,CHI,30,,True,0.662,1.018,,False,36.0,1097.0
willico01w,Courtney Williams,2018,CON,30,1.0,True,3.366,4.172,1.868,False,17.0,381.0
langhcr01w,Crystal Langhorne,2018,SEA,26,8.0,True,-1.609,-1.641,-1.549,True,81.0,2288.0
dantada01w,Damiris Dantas,2018,ATL,19,,False,-1.048,-1.612,,False,,
robinda01w,Danielle Robinson,2018,MIN,28,,True,-0.299,-0.46,,False,48.0,1488.0
bonnede01w,DeWanna Bonner,2018,PHO,34,7.0,True,6.082,5.373,7.398,False,6.0,120.0
hambyde01w,Dearica Hamby,2018,LVA,33,,True,-0.383,-0.589,,False,53.0,1530.0
peterde01w,Devereaux Peters,2018,PHO,5,2.0,False,-3.81,-3.586,-4.225,False,,
deshidi01w,Diamond DeShields,2018,CHI,34,,True,0.374,0.576,,False,40.0,1192.0
tauradi01w,Diana Taurasi,2018,PHO,33,7.0,True,6.483,6.633,6.205,False,4.0,102.0
delleel01w,Elena Delle Donne,2018,WAS,29,8.0,True,7.287,7.483,6.923,False,2.0,70.0
williel01w,Elizabeth Williams,2018,ATL,33,5.0,True,1.178,1.599,0.397,False,32.0,909.0
miyemen01w,Endy Miyem,2018,MIN,20,,False,-2.565,-3.946,,False,,
princep01w,Epiphanny Prince,2018,NYL,16,,False,-0.491,-0.755,,False,,
mccaler01w,Erica McCall,2018,IND,34,,True,-2.206,-3.395,,False,100.0,2695.0
wheeler01w,Erica Wheeler,2018,IND,34,,True,-0.779,-1.198,,False,60.0,1740.0
larkier01w,Erlana Larkins,2018,MIN,13,,False,-1.784,-2.745,,False,,
carsoes01w,Essence Carson,2018,LAS,34,2.0,True,-1.197,-0.49,-2.511,False,69.0,1997.0
williga01w,Gabby Williams,2018,CHI,34,,True,-1.25,-1.923,,False,73.0,2039.0
johnsgl01w,Glory Johnson,2018,DAL,29,1.0,True,-0.369,0.522,-2.025,False,52.0,1523.0
benahi01w,Hind Ben Abdelkader,2018,IND,14,,False,-2.348,-3.612,,False,,
boyetim01w,Imani McGee-Stafford,2018,ATL,29,4.0,True,-2.807,-2.358,-3.64,False,109.0,2935.0
wrighim01w,Imani Wright,2018,PHO,1,,False,-3.02,-4.646,,False,,
naredja01w,Jaime Nared,2018,LVA,31,,True,-2.106,-3.24,,False,95.0,2642.0
faulkja01w,Jamierra Faulkner,2018,CHI,17,,False,-0.625,-0.962,,False,,
lavenja01w,Jantel Lavender,2018,LAS,30,2.0,True,-1.884,-1.419,-2.747,False,91.0,2478.0
thomaja01w,Jasmine Thomas,2018,CON,34,1.0,True,2.75,4.083,0.274,False,23.0,498.0
gwathja01w,Jazmon Gwathmey,2018,IND,10,,False,-2.195,-3.376,,False,,
brelaje01w,Jessica Breland,2018,ATL,34,5.0,True,1.339,1.805,0.475,False,31.0,865.0
loydje01w,Jewell Loyd,2018,SEA,34,8.0,True,5.737,5.878,5.476,True,7.0,146.0
parkji01w,JiSu Park,2018,LVA,32,,True,-1.705,-2.622,,False,83.0,2364.0
jonesjo01w,Jonquel Jones,2018,CON,34,1.0,True,2.36,3.293,0.627,False,25.0,593.0
canadjo01w,Jordin Canada,2018,SEA,33,8.0,True,-0.346,-0.52,-0.021,True,49.0,1510.0
daviska01w,Kaela Davis,2018,DAL,27,,True,-1.199,-1.845,,False,70.0,2000.0
coppeka01w,Kahleah Copper,2018,CHI,33,,True,-1.289,-1.983,,False,74.0,2067.0
mosquka01w,Kaleena Mosqueda-Lewis,2018,SEA,33,6.0,True,-2.224,-1.439,-3.682,True,102.0,2704.0
chriska02w,Karima Christmas-Kelly,2018,DAL,6,,False,0.729,1.121,,False,,
samueka01w,Karlie Samuelson,2018,LAS,20,1.0,False,-4.17,-4.057,-4.38,False,,
alexaka01w,Kayla Alexander,2018,IND,30,,True,-2.095,-3.223,,False,94.0,2637.0
mcbrika01w,Kayla McBride,2018,LVA,31,,True,2.652,4.08,,False,24.0,526.0
thornka01w,Kayla Thornton,2018,DAL,34,1.0,True,-0.183,0.799,-2.006,False,46.0,1440.0
boneke01w,Kelsey Bone,2018,LVA,32,,True,-1.781,-2.74,,False,86.0,2406.0
mitchke01w,Kelsey Mitchell,2018,IND,34,,True,-0.16,-0.247,,False,45.0,1430.0
plumke01w,Kelsey Plum,2018,LVA,31,,True,0.373,0.575,,False,41.0,1194.0
nurseki01w,Kia Nurse,2018,NYL,34,,True,-0.795,-1.223,,False,62.0,1753.0
vaughki01w,Kia Vaughn,2018,NYL,29,,True,-1.243,-1.912,,False,72.0,2035.0
stokeki01w,Kiah Stokes,2018,NYL,30,,True,-1.603,-2.467,,False,79.0,2280.0
tolivkr01w,Kristi Toliver,2018,WAS,33,9.0,True,3.658,3.752,3.484,False,15.0,343.0
thomakr01w,Krystal Thomas,2018,WAS,24,3.0,True,-3.525,-3.198,-4.133,False,115.0,3133.0
pringla01w,LaToya Sanders,2018,WAS,28,9.0,True,2.0,2.449,1.165,False,28.0,681.0
clarela01w,Layshia Clarendon,2018,"ATL,CON",33,1.0,True,-2.23,-1.613,-3.377,False,103.0,2708.0
mitchle01w,Leilani Mitchell,2018,PHO,31,7.0,True,-2.48,-1.943,-3.478,False,107.0,2830.0
romerle01w,Leticia Romero,2018,DAL,21,1.0,False,-3.846,-3.692,-4.131,False,,
brownle02w,Lexie Brown,2018,CON,22,,False,-2.382,-3.664,,False,,
allenli01w,Lindsay Allen,2018,LVA,24,,True,-1.606,-2.472,,False,80.0,2285.0
whaleli01w,Lindsay Whalen,2018,MIN,32,1.0,True,-1.145,-0.705,-1.962,False,67.0,1967.0
harpeli01w,Linnae Harper,2018,CHI,24,,True,-2.336,-3.594,,False,104.0,2761.0
cambael01w,Liz Cambage,2018,DAL,32,1.0,True,6.393,8.422,2.626,False,5.0,107.0
kizerly01w,Lynetta Kizer,2018,MIN,14,,False,-2.36,-3.63,,False,,
lucasma01w,Maggie Lucas,2018,"ATL,DAL",8,1.0,False,-4.395,-4.518,-4.167,False,,
vadeema01w,Maria Kliundikova,2018,LAS,25,1.0,True,-2.854,-2.438,-3.627,False,110.0,2941.0
gulima01w,Marie Gulich,2018,PHO,23,,False,-2.457,-3.78,,False,,
colemma01w,Marissa Coleman,2018,NYL,21,,False,-1.516,-2.333,,False,,
moorema01w,Maya Moore,2018,MIN,34,1.0,True,3.809,5.377,0.896,False,12.0,318.0
russeme01w,Mercedes Russell,2018,"NYL,SEA",24,1.0,True,-3.778,-3.56,-4.185,True,116.0,3194.0
billimo01w,Monique Billings,2018,ATL,32,5.0,True,-2.395,-2.341,-2.495,False,105.0,2787.0
currimo01w,Monique Currie,2018,WAS,32,5.0,True,-1.712,-0.739,-3.519,False,84.0,2369.0
tuckmo01w,Morgan Tuck,2018,CON,34,1.0,True,-1.703,-0.973,-3.058,False,82.0,2363.0
jeffemo01w,Moriah Jefferson,2018,LVA,16,,False,-1.187,-1.826,,False,,
hinesmy01w,Myisha Hines-Allen,2018,WAS,24,6.0,True,-2.185,-2.216,-2.127,False,99.0,2682.0
achonna01w,Natalie Achonwa,2018,IND,34,,True,-0.349,-0.537,,False,50.0,1513.0
cloudna01w,Natasha Cloud,2018,WAS,27,9.0,True,1.348,1.482,1.098,False,30.0,863.0
howarna01w,Natasha Howard,2018,SEA,34,8.0,True,5.711,4.608,7.759,True,8.0,147.0
coffeni01w,Nia Coffey,2018,LVA,28,,True,-1.318,-2.028,,False,75.0,2092.0
ogwumnn01w,Nneka Ogwumike,2018,LAS,27,2.0,True,2.933,4.393,0.221,False,21.0,460.0
quinnno01w,Noelle Quinn,2018,SEA,20,2.0,False,-3.934,-3.702,-4.364,True,,
simsod01w,Odyssey Sims,2018,LAS,34,2.0,True,-0.568,0.196,-1.988,False,56.0,1612.0
banhara01w,Rachel Banham,2018,CON,33,1.0,True,-2.142,-1.657,-3.043,False,98.0,2667.0
louisra01w,Raigyne Louis,2018,LVA,2,,False,-1.886,-2.901,,False,,
allenre01w,Rebecca Allen,2018,NYL,28,,True,-1.835,-2.822,,False,89.0,2442.0
brunsre01w,Rebekkah Brunson,2018,MIN,25,,True,0.795,1.224,,False,34.0,1050.0
montgre01w,Renee Montgomery,2018,ATL,34,5.0,True,0.807,1.708,-0.866,False,33.0,1043.0
williri02w,Riquna Williams,2018,LAS,33,2.0,True,-1.432,-1.112,-2.028,False,77.0,2164.0
whitcsa01w,Sami Whitcomb,2018,SEA,31,6.0,True,-2.436,-2.931,-1.517,True,106.0,2814.0
lyttlsa01w,Sancho Lyttle,2018,PHO,18,,False,0.268,0.412,,False,,
chongsa01w,Saniya Chong,2018,DAL,5,,False,-2.566,-3.948,,False,,
augusse01w,Seimone Augustus,2018,MIN,33,1.0,True,0.419,1.454,-1.502,False,39.0,1177.0
holmese01w,Sequoia Holmes,2018,LVA,3,,False,-2.461,-3.787,,False,,
walkesh01w,Shatori Walker-Kimbrough,2018,WAS,19,4.0,False,-3.235,-2.883,-3.888,False,,
zellosh01w,Shavonte Zellous,2018,NYL,22,,False,-0.408,-0.627,,False,,
stricsh01w,Shekinna Stricklen,2018,CON,34,1.0,True,-1.196,-0.552,-2.393,False,68.0,1996.0
schimsh01w,Shoni Schimmel,2018,LVA,2,,False,-2.859,-4.399,,False,,
diggisk01w,Skylar Diggins,2018,DAL,32,1.0,True,3.783,5.278,1.006,False,14.0,322.0
dolsost01w,Stefanie Dolson,2018,CHI,27,,True,-0.195,-0.3,,False,47.0,1443.0
mavunst01w,Stephanie Mavunga,2018,IND,25,,True,-2.213,-3.404,,False,101.0,2699.0
talbost01w,Stephanie Talbot,2018,PHO,31,4.0,True,-2.131,-2.287,-1.841,False,96.0,2656.0
birdsu01w,Sue Bird,2018,SEA,31,8.0,True,3.79,3.555,4.226,True,13.0,321.0
rodgesu01w,Sugar Rodgers,2018,NYL,31,,True,-1.061,-1.632,,False,64.0,1907.0
colsosy01w,Sydney Colson,2018,MIN,2,,False,-1.664,-2.56,,False,,
wiesesy01w,Sydney Wiese,2018,LAS,11,1.0,False,-4.601,-4.576,-4.649,False,,
fowlesy01w,Sylvia Fowles,2018,MIN,34,1.0,True,5.608,7.286,2.49,False,9.0,159.0
youngta01w,Tamera Young,2018,LVA,33,,True,0.538,0.828,,False,38.0,1130.0
wrighta01w,Tanisha Wright,2018,MIN,33,1.0,True,-2.134,-1.786,-2.78,False,97.0,2658.0
hillta01w,Tayler Hill,2018,"DAL,WAS",20,,False,-1.823,-2.804,,False,,
muldrte01w,Teana Muldrow,2018,"DAL,SEA",4,,False,-2.976,-4.579,,False,,
fagbete01w,Temi Fagbenle,2018,MIN,30,1.0,True,-2.494,-2.673,-2.16,False,108.0,2835.0
plaisth01w,Theresa Plaisance,2018,DAL,7,,False,-0.928,-1.427,,False,,
hawkiti01w,Tianna Hawkins,2018,WAS,32,9.0,True,-0.791,-0.684,-0.991,False,61.0,1750.0
ruffiti01w,Tierra Ruffin-Pratt,2018,WAS,33,9.0,True,-1.473,-1.357,-1.69,False,78.0,2191.0
hayesti01w,Tiffany Hayes,2018,ATL,31,5.0,True,4.061,4.901,2.503,False,11.0,287.0
mitchti01w,Tiffany Mitchell,2018,IND,34,,True,-1.131,-1.739,,False,65.0,1956.0
charlti01w,Tina Charles,2018,NYL,33,,True,2.2,3.385,,False,27.0,624.0
viviavi01w,Victoria Vivians,2018,IND,34,,True,-1.211,-1.864,,False,71.0,2011.0
turneyv01w,Yvonne Turner,2018,PHO,32,7.0,True,-1.87,-2.146,-1.357,False,90.0,2470.0
wilsoa01w,A'ja Wilson,2019,LVA,26,5.0,True,5.158,6.204,3.215,False,7.0,188.0
durras01w,AD Durr,2019,NYL,18,,False,-0.449,-0.691,,False,,
powerae01w,Aerial Powers,2019,WAS,30,9.0,True,2.309,3.05,0.934,True,21.0,603.0
coateal01w,Alaina Coates,2019,"ATL,MIN",23,,False,-2.171,-3.34,,False,,
beardal01w,Alana Beard,2019,LAS,16,4.0,False,-3.233,-2.916,-3.822,False,,
smithal01w,Alanna Smith,2019,PHO,18,,False,-2.877,-4.426,,False,,
bentlal01w,Alex Bentley,2019,ATL,29,,True,-0.704,-1.082,,False,59.0,1694.0
jonesal01w,Alexis Jones,2019,LAS,20,3.0,False,-3.008,-2.559,-3.844,False,,
quiglal01w,Allie Quigley,2019,CHI,34,2.0,True,2.187,2.931,0.804,False,23.0,627.0
grayal01w,Allisha Gray,2019,DAL,34,,True,0.18,0.276,,False,44.0,1281.0
clarkal01w,Alysha Clark,2019,SEA,31,2.0,True,0.047,1.221,-2.135,False,45.0,1327.0
thomaal01w,Alyssa Thomas,2019,CON,34,8.0,True,5.757,4.424,8.232,False,4.0,145.0
zahuiam01w,Amanda Zahui B.,2019,NYL,24,,True,-0.535,-0.823,,False,56.0,1588.0
mccouan01w,Angel McCoughtry,2019,ATL,1,,False,-3.472,-5.342,,False,,
howaran01w,Anriel Howard,2019,SEA,3,,False,-2.792,-4.295,,False,,
cartear01w,Arica Carter,2019,PHO,6,,False,-3.384,-5.207,,False,,
atkinar01w,Ariel Atkins,2019,WAS,33,9.0,True,2.126,2.806,0.862,True,24.0,649.0
ogunbar01w,Arike Ogunbowale,2019,DAL,33,,True,2.105,3.238,,False,25.0,652.0
walkeas01w,Ashley Walker,2019,LAS,3,,False,-3.137,-4.827,,False,,
tayloas01w,Asia Taylor,2019,"MIN,PHO",12,,False,-2.392,-3.679,,False,,
ndouras01w,Astou Ndour-Fall,2019,CHI,21,2.0,False,-0.044,-0.684,1.145,False,,
warleav01w,Avery Warley-Talbert,2019,NYL,3,,False,-2.853,-4.389,,False,,
steveaz01w,Azura Stevens,2019,DAL,9,,False,-1.574,-2.422,,False,,
laneybe01w,Betnijah Laney-Hamilton,2019,IND,34,,True,-1.102,-1.695,,False,62.0,1933.0
dietrbl01w,Blake Dietrick,2019,SEA,17,1.0,False,-4.99,-4.787,-5.368,False,,
hartlbr01w,Bria Hartley,2019,NYL,24,,True,-0.438,-0.673,,False,55.0,1559.0
holmebr01w,Bria Holmes,2019,CON,34,8.0,True,-1.474,-1.395,-1.619,False,66.0,2192.0
januabr01w,Briann January,2019,PHO,32,1.0,True,-2.056,-1.436,-3.209,False,79.0,2609.0
turnebr01w,Brianna Turner,2019,PHO,29,1.0,True,-2.911,-2.265,-4.111,False,93.0,2965.0
carlebr01w,Bridget Carleton,2019,"CON,MIN",8,,False,-3.251,-5.002,,False,,
jonesbr01w,Brionna Jones,2019,CON,27,8.0,True,-3.285,-2.877,-4.043,False,97.0,3073.0
boydbr01w,Brittany Boyd,2019,NYL,33,,True,-1.608,-2.474,,False,70.0,2286.0
grinebr01w,Brittney Griner,2019,PHO,31,1.0,True,4.253,6.637,-0.175,False,10.0,269.0
sykesbr01w,Brittney Sykes,2019,ATL,34,,True,-0.128,-0.196,,False,50.0,1413.0
mccarbr01w,Brooke McCarty-Williams,2019,DAL,34,,True,-2.363,-3.635,,False,88.0,2769.0
littlca01w,Camille Smith,2019,PHO,29,1.0,True,-3.089,-2.736,-3.746,False,94.0,3014.0
parkeca01w,Candace Parker,2019,LAS,22,4.0,False,2.52,3.38,0.924,False,,
dupreca01w,Candice Dupree,2019,IND,34,,True,0.792,1.218,,False,35.0,1051.0
swordca01w,Carolyn Swords,2019,LVA,29,3.0,True,-3.61,-3.286,-4.213,False,102.0,3151.0
graych01w,Chelsea Gray,2019,LAS,34,4.0,True,3.56,5.081,0.737,False,14.0,355.0
parkech01w,Cheyenne Parker-Tyus,2019,CHI,34,2.0,True,0.268,0.764,-0.654,False,42.0,1244.0
ogwumch01w,Chiney Ogwumike,2019,LAS,32,4.0,True,0.475,1.661,-1.728,False,40.0,1157.0
jacksch01w,Chloe Jackson,2019,CHI,8,,False,-3.116,-4.793,,False,,
parisco01w,Courtney Paris,2019,SEA,30,2.0,True,-4.665,-4.498,-4.976,False,105.0,3251.0
vandeco01w,Courtney Vandersloot,2019,CHI,33,2.0,True,2.928,3.87,1.18,False,19.0,462.0
willico01w,Courtney Williams,2019,CON,34,8.0,True,5.511,4.638,7.131,False,5.0,164.0
langhcr01w,Crystal Langhorne,2019,SEA,34,2.0,True,-2.366,-1.614,-3.763,False,89.0,2772.0
dantada01w,Damiris Dantas,2019,MIN,26,1.0,True,1.019,1.819,-0.467,False,29.0,967.0
robinda01w,Danielle Robinson,2019,MIN,34,1.0,True,0.549,2.243,-2.598,False,38.0,1125.0
bonnede01w,DeWanna Bonner,2019,PHO,34,1.0,True,3.107,4.896,-0.216,False,18.0,423.0
hambyde01w,Dearica Hamby,2019,LVA,34,5.0,True,3.435,4.106,2.189,False,16.0,371.0
deshidi01w,Diamond DeShields,2019,CHI,34,2.0,True,4.255,4.444,3.904,False,9.0,268.0
tauradi01w,Diana Taurasi,2019,PHO,6,,False,-0.866,-1.332,,False,,
delleel01w,Elena Delle Donne,2019,WAS,31,9.0,True,9.646,10.492,8.075,True,1.0,21.0
williel01w,Elizabeth Williams,2019,ATL,32,,True,-0.177,-0.272,,False,51.0,1439.0
meessem01w,Emma Meesseman,2019,WAS,23,9.0,False,5.746,4.277,8.474,True,,
princep01w,Epiphanny Prince,2019,LVA,3,3.0,False,-3.415,-2.679,-4.781,False,,
mccaler01w,Erica McCall,2019,IND,15,,False,-2.858,-4.397,,False,,
wheeler01w,Erica Wheeler,2019,IND,34,,True,0.687,1.058,,False,37.0,1091.0
carsoes01w,Essence Carson,2019,PHO,23,1.0,False,-2.48,-1.854,-3.641,False,,
williga01w,Gabby Williams,2019,CHI,33,2.0,True,-2.188,-1.592,-3.294,False,84.0,2686.0
johnsgl01w,Glory Johnson,2019,DAL,28,,True,-0.638,-0.981,,False,58.0,1648.0
peterha01w,Haley Peters,2019,ATL,4,,False,-3.315,-5.1,,False,,
xuha01w,Han Xu,2019,NYL,18,,False,-2.49,-3.831,,False,,
boyetim01w,Imani McGee-Stafford,2019,DAL,29,,True,-1.741,-2.678,,False,74.0,2391.0
harriis01w,Isabelle Harrison,2019,DAL,31,,True,-0.294,-0.452,,False,52.0,1485.0
youngja01w,Jackie Young,2019,LVA,34,5.0,True,-0.084,0.641,-1.432,False,49.0,1398.0
naredja01w,Jaime Nared,2019,LVA,1,,False,-3.472,-5.342,,False,,
faulkja01w,Jamierra Faulkner,2019,CHI,13,1.0,False,-4.57,-4.451,-4.791,False,,
lavenja01w,Jantel Lavender,2019,CHI,23,,False,1.102,1.695,,False,,
thomaja01w,Jasmine Thomas,2019,CON,34,8.0,True,3.517,3.233,4.043,False,15.0,363.0
brelaje01w,Jessica Breland,2019,ATL,33,,True,-0.33,-0.507,,False,54.0,1502.0
shepaje01w,Jessica Shepard,2019,MIN,6,,False,-0.199,-0.306,,False,,
loydje01w,Jewell Loyd,2019,SEA,27,2.0,True,1.094,1.574,0.202,False,27.0,934.0
parkji01w,JiSu Park,2019,LVA,25,3.0,True,-4.818,-4.633,-5.162,False,106.0,3252.0
alleyji01w,Jillian Alleyne,2019,MIN,5,,False,-3.032,-4.664,,False,,
jonesjo01w,Jonquel Jones,2019,CON,34,8.0,True,6.94,6.145,8.417,False,3.0,85.0
canadjo01w,Jordin Canada,2019,SEA,30,2.0,True,0.906,1.121,0.506,False,31.0,1007.0
daviska01w,Kaela Davis,2019,DAL,33,,True,-1.398,-2.151,,False,64.0,2146.0
coppeka01w,Kahleah Copper,2019,CHI,34,2.0,True,-1.584,-1.451,-1.832,False,69.0,2261.0
brownka01w,Kalani Brown,2019,LAS,28,3.0,True,-2.153,-1.594,-3.19,False,81.0,2670.0
mosquka01w,Kaleena Mosqueda-Lewis,2019,SEA,31,2.0,True,-2.852,-2.335,-3.813,False,92.0,2940.0
chriska02w,Karima Christmas-Kelly,2019,MIN,6,,False,-2.37,-3.646,,False,,
samueka01w,Karlie Samuelson,2019,"DAL,LAS",7,,False,-2.92,-4.493,,False,,
samueka02w,Katie Lou Samuelson,2019,CHI,20,2.0,False,-4.27,-3.884,-4.987,False,,
alexaka01w,Kayla Alexander,2019,CHI,3,2.0,False,-3.441,-3.036,-4.194,False,,
mcbrika01w,Kayla McBride,2019,LVA,34,5.0,True,3.822,4.624,2.332,False,12.0,317.0
thornka01w,Kayla Thornton,2019,DAL,27,,True,-0.002,-0.004,,False,46.0,1350.0
mitchke01w,Kelsey Mitchell,2019,IND,34,,True,0.838,1.29,,False,33.0,1030.0
plumke01w,Kelsey Plum,2019,LVA,34,5.0,True,2.191,1.56,3.363,False,22.0,625.0
bellke01w,Kenisha Bell,2019,MIN,3,,False,-3.408,-5.242,,False,,
burkeke01w,Kennedy Burke,2019,IND,31,,True,-1.867,-2.873,,False,75.0,2465.0
nurseki01w,Kia Nurse,2019,NYL,34,,True,-0.295,-0.453,,False,53.0,1486.0
mestdki01w,Kim Mestdagh,2019,WAS,15,1.0,False,-4.659,-4.373,-5.191,True,,
tolivkr01w,Kristi Toliver,2019,WAS,23,9.0,False,5.49,5.53,5.417,True,,
anigwkr01w,Kristine Anigwe,2019,"CON,DAL",27,,True,-2.304,-3.544,,False,86.0,2745.0
pringla01w,LaToya Sanders,2019,WAS,34,9.0,True,0.362,0.692,-0.252,True,41.0,1202.0
clarela01w,Layshia Clarendon,2019,CON,9,,False,-0.606,-0.932,,False,,
mitchle01w,Leilani Mitchell,2019,PHO,32,1.0,True,0.74,2.246,-2.059,False,36.0,1068.0
brownle02w,Lexie Brown,2019,MIN,33,1.0,True,-1.442,-0.545,-3.108,False,65.0,2172.0
cambael01w,Liz Cambage,2019,LVA,32,5.0,True,7.006,6.886,7.228,False,2.0,82.0
cazorma01w,Maite Cazorla,2019,ATL,31,,True,-2.346,-3.609,,False,87.0,2763.0
vadeema01w,Maria Kliundikova,2019,LAS,15,3.0,False,-1.452,-0.237,-3.708,False,,
gulima01w,Marie Gulich,2019,ATL,31,,True,-2.067,-3.18,,False,80.0,2621.0
mabrema01w,Marina Mabrey,2019,LAS,31,3.0,True,-3.322,-2.806,-4.281,False,98.0,3084.0
johanma01w,Marine Johannes,2019,NYL,19,,False,-0.895,-1.377,,False,,
gustame01w,Megan Gustafson,2019,DAL,25,,True,-2.168,-3.336,,False,82.0,2674.0
russeme01w,Mercedes Russell,2019,SEA,34,2.0,True,-0.034,0.129,-0.337,False,48.0,1369.0
billimo01w,Monique Billings,2019,ATL,29,,True,-0.971,-1.494,,False,60.0,1849.0
tuckmo01w,Morgan Tuck,2019,CON,33,7.0,True,-3.117,-2.626,-4.029,False,95.0,3019.0
hinesmy01w,Myisha Hines-Allen,2019,WAS,27,1.0,True,-3.763,-3.276,-4.667,True,104.0,3191.0
collina01w,Napheesa Collier,2019,MIN,34,1.0,True,3.345,4.645,0.929,False,17.0,387.0
achonna01w,Natalie Achonwa,2019,IND,30,,True,0.199,0.306,,False,43.0,1271.0
cloudna01w,Natasha Cloud,2019,WAS,34,9.0,True,4.083,3.393,5.364,True,11.0,286.0
howarna01w,Natasha Howard,2019,SEA,34,2.0,True,4.269,5.856,1.322,False,8.0,265.0
hiedena01w,Natisha Hiedeman,2019,CON,20,7.0,False,-2.871,-2.506,-3.548,False,,
raincna01w,Nayo Raincock-Ekunwe,2019,NYL,28,,True,-2.009,-3.091,,False,78.0,2567.0
coffeni01w,Nia Coffey,2019,ATL,28,,True,-1.657,-2.549,,False,71.0,2322.0
ogwumnn01w,Nneka Ogwumike,2019,LAS,32,4.0,True,5.236,6.341,3.184,False,6.0,176.0
simsod01w,Odyssey Sims,2019,MIN,34,1.0,True,2.814,4.934,-1.122,False,20.0,482.0
keapa01w,Paris Kea,2019,IND,11,,False,-2.524,-3.884,,False,,
banhara01w,Rachel Banham,2019,CON,29,4.0,True,-3.372,-2.953,-4.151,False,99.0,3095.0
allenre01w,Rebecca Allen,2019,NYL,24,,True,-1.093,-1.682,,False,61.0,1931.0
montgre01w,Renee Montgomery,2019,ATL,34,,True,-0.564,-0.867,,False,57.0,1607.0
grayre01w,Reshanda Gray,2019,NYL,34,,True,-1.572,-2.419,,False,68.0,2254.0
williri02w,Riquna Williams,2019,LAS,23,4.0,False,0.835,2.195,-1.691,False,,
whitcsa01w,Sami Whitcomb,2019,SEA,33,2.0,True,-1.676,-0.884,-3.146,False,72.0,2336.0
lyttlsa01w,Sancho Lyttle,2019,PHO,20,1.0,False,-3.56,-3.202,-4.224,False,,
augusse01w,Seimone Augustus,2019,MIN,12,1.0,False,-3.449,-3.197,-3.917,False,,
tingsh01w,Shao Ting,2019,MIN,5,,False,-2.89,-4.446,,False,,
walkesh01w,Shatori Walker-Kimbrough,2019,WAS,34,8.0,True,-1.728,-0.798,-3.454,True,73.0,2380.0
zellosh01w,Shavonte Zellous,2019,SEA,31,2.0,True,-3.179,-2.704,-4.063,False,96.0,3042.0
stricsh01w,Shekinna Stricklen,2019,CON,34,8.0,True,0.475,0.435,0.55,False,39.0,1156.0
johnssh02w,Shenise Johnson,2019,IND,17,,False,-1.585,-2.438,,False,,
peddysh01w,Shey Peddy,2019,WAS,15,,False,-2.616,-4.025,,False,,
cunniso01w,Sophie Cunningham,2019,PHO,32,1.0,True,-3.726,-3.32,-4.48,False,103.0,3179.0
dolsost01w,Stefanie Dolson,2019,CHI,34,2.0,True,1.376,1.394,1.343,False,26.0,852.0
mavunst01w,Stephanie Mavunga,2019,IND,24,,True,-2.281,-3.509,,False,85.0,2727.0
talbost01w,Stephanie Talbot,2019,MIN,33,1.0,True,-2.187,-1.514,-3.438,False,83.0,2685.0
rodgesu01w,Sugar Rodgers,2019,LVA,33,5.0,True,-3.419,-2.81,-4.549,False,100.0,3110.0
colsosy01w,Sydney Colson,2019,LVA,33,5.0,True,-3.503,-2.853,-4.711,False,101.0,3128.0
wiesesy01w,Sydney Wiese,2019,LAS,32,4.0,True,-2.401,-1.924,-3.288,False,90.0,2792.0
fowlesy01w,Sylvia Fowles,2019,MIN,34,1.0,True,3.672,5.353,0.55,False,13.0,340.0
youngta01w,Tamera Young,2019,LVA,34,5.0,True,-1.267,-0.696,-2.326,False,63.0,2050.0
wrighta01w,Tanisha Wright,2019,NYL,31,,True,-1.896,-2.916,,False,76.0,2490.0
hillta01w,Tayler Hill,2019,DAL,4,,False,-2.244,-3.452,,False,,
mccowte01w,Teaira McCowan,2019,IND,34,,True,0.919,1.414,,False,30.0,1000.0
fagbete01w,Temi Fagbenle,2019,MIN,18,1.0,False,-2.237,-1.529,-3.551,False,,
plaisth01w,Theresa Plaisance,2019,"CON,DAL",31,3.0,True,-2.733,-1.964,-4.162,False,91.0,2915.0
hawkiti01w,Tianna Hawkins,2019,WAS,31,9.0,True,0.803,1.87,-1.177,True,34.0,1047.0
ruffiti01w,Tierra Ruffin-Pratt,2019,LAS,34,4.0,True,-1.533,-0.948,-2.621,False,67.0,2229.0
biasti01w,Tiffany Bias,2019,NYL,12,,False,-2.739,-4.214,,False,,
hayesti01w,Tiffany Hayes,2019,ATL,29,,True,0.891,1.37,,False,32.0,1014.0
mitchti01w,Tiffany Mitchell,2019,IND,33,,True,-0.016,-0.025,,False,47.0,1360.0
charlti01w,Tina Charles,2019,NYL,33,,True,1.072,1.65,,False,28.0,947.0
macauvi01w,Victoria Macaulay,2019,CHI,5,,False,-2.958,-4.551,,False,,
turneyv01w,Yvonne Turner,2019,PHO,29,1.0,True,-1.917,-1.196,-3.257,False,77.0,2509.0
wilsoa01w,A'ja Wilson,2020,LVA,22,8.0,True,7.94,8.987,5.994,False,2.0,51.0
powerae01w,Aerial Powers,2020,WAS,6,,False,2.285,3.515,,False,,
coateal01w,Alaina Coates,2020,WAS,20,1.0,True,-3.756,-3.362,-4.489,False,101.0,3188.0
smithal01w,Alanna Smith,2020,PHO,19,2.0,True,-2.037,-1.285,-3.433,False,81.0,2596.0
jonesal01w,Alexis Jones,2020,ATL,6,,False,-2.218,-3.412,,False,,
princal01w,Alexis Prince,2020,CHI,2,1.0,False,-3.3,-2.881,-4.078,False,,
jenkial01w,Alisia Jenkins,2020,"CHI,IND,PHO",5,,False,-2.81,-4.323,,False,,
quiglal01w,Allie Quigley,2020,CHI,22,1.0,True,1.844,3.116,-0.519,False,24.0,716.0
grayal01w,Allisha Gray,2020,DAL,20,,True,0.321,0.495,,False,38.0,1224.0
clarkal01w,Alysha Clark,2020,SEA,22,6.0,True,4.007,3.563,4.832,True,10.0,292.0
thomaal01w,Alyssa Thomas,2020,CON,21,7.0,True,5.65,5.567,5.803,False,5.0,155.0
zahuiam01w,Amanda Zahui B.,2020,NYL,21,,True,-0.445,-0.684,,False,51.0,1562.0
mccouan01w,Angel McCoughtry,2020,LVA,22,8.0,True,4.051,4.662,2.915,False,9.0,288.0
atkinar01w,Ariel Atkins,2020,WAS,22,1.0,True,0.87,1.922,-1.084,False,35.0,1020.0
ogunbar01w,Arike Ogunbowale,2020,DAL,22,,True,2.617,4.026,,False,18.0,536.0
ndouras01w,Astou Ndour-Fall,2020,DAL,13,,False,-1.926,-2.964,,False,,
warleav01w,Avery Warley-Talbert,2020,LVA,3,,False,-1.923,-2.959,,False,,
steveaz01w,Azura Stevens,2020,CHI,13,,False,1.351,2.079,,False,,
momprbe01w,Beatrice Mompremier,2020,CON,21,7.0,True,-3.388,-3.28,-3.59,False,97.0,3099.0
alaribe01w,Bella Alarie,2020,DAL,22,,True,-2.216,-3.409,,False,84.0,2701.0
laneybe01w,Betnijah Laney-Hamilton,2020,ATL,22,,True,1.705,2.623,,False,26.0,742.0
dietrbl01w,Blake Dietrick,2020,ATL,22,,True,-1.281,-1.971,,False,61.0,2060.0
stewabr01w,Breanna Stewart,2020,SEA,20,6.0,True,11.784,9.941,15.206,True,1.0,7.0
hartlbr01w,Bria Hartley,2020,PHO,13,,False,2.046,3.147,,False,,
holmebr01w,Bria Holmes,2020,CON,18,,True,-1.552,-2.388,,False,67.0,2238.0
januabr01w,Briann January,2020,CON,13,7.0,False,-1.323,-1.795,-0.447,False,,
turnebr01w,Brianna Turner,2020,PHO,22,2.0,True,0.7,1.032,0.082,False,36.0,1084.0
carlebr01w,Bridget Carleton,2020,MIN,22,4.0,True,-0.514,0.093,-1.643,False,52.0,1576.0
jonesbr01w,Brionna Jones,2020,CON,21,7.0,True,1.614,1.901,1.082,False,27.0,778.0
brewebr01w,Brittany Brewer,2020,ATL,5,,False,-2.954,-4.545,,False,,
grinebr01w,Brittney Griner,2020,PHO,12,,False,3.462,5.326,,False,,
sykesbr01w,Brittney Sykes,2020,LAS,21,1.0,True,-0.066,0.946,-1.943,False,44.0,1388.0
parkeca01w,Candace Parker,2020,LAS,22,1.0,True,4.643,5.875,2.355,False,8.0,236.0
dupreca01w,Candice Dupree,2020,IND,22,,True,0.172,0.265,,False,40.0,1284.0
swordca01w,Carolyn Swords,2020,LVA,22,8.0,True,-1.861,-1.752,-2.064,False,74.0,2461.0
graych01w,Chelsea Gray,2020,LAS,22,1.0,True,1.983,3.814,-1.418,False,22.0,686.0
cartech01w,Chennedy Carter,2020,ATL,16,,True,1.57,2.415,,False,28.0,790.0
parkech01w,Cheyenne Parker-Tyus,2020,CHI,20,1.0,True,1.758,3.175,-0.874,False,25.0,732.0
burdici01w,Cierra Burdick,2020,LVA,13,4.0,False,-4.83,-4.848,-4.795,False,,
vandeco01w,Courtney Vandersloot,2020,CHI,22,1.0,True,3.133,4.785,0.065,False,14.0,417.0
willico01w,Courtney Williams,2020,ATL,20,,True,1.138,1.751,,False,33.0,918.0
dangecr01w,Crystal Dangerfield,2020,MIN,21,4.0,True,2.966,4.36,0.378,False,16.0,453.0
langhcr01w,Crystal Langhorne,2020,SEA,13,1.0,False,-4.114,-3.783,-4.73,True,,
dantada01w,Damiris Dantas,2020,MIN,22,4.0,True,3.227,3.646,2.448,False,12.0,406.0
robinda01w,Danielle Robinson,2020,LVA,22,8.0,True,0.474,0.598,0.245,False,37.0,1158.0
bonnede01w,DeWanna Bonner,2020,CON,22,7.0,True,6.076,6.494,5.3,False,4.0,121.0
hambyde01w,Dearica Hamby,2020,LVA,22,3.0,True,3.198,5.27,-0.651,False,13.0,408.0
deshidi01w,Diamond DeShields,2020,CHI,13,,False,-0.902,-1.388,,False,,
tauradi01w,Diana Taurasi,2020,PHO,19,2.0,True,5.169,5.617,4.338,False,7.0,185.0
williel01w,Elizabeth Williams,2020,ATL,22,,True,-0.241,-0.371,,False,47.0,1465.0
cannoem01w,Emma Cannon,2020,LVA,1,6.0,False,-4.635,-5.127,-3.721,False,,
meessem01w,Emma Meesseman,2020,WAS,20,1.0,True,1.274,2.146,-0.345,False,32.0,878.0
princep01w,Epiphanny Prince,2020,SEA,15,5.0,False,-2.254,-2.488,-1.819,True,,
mccaler01w,Erica McCall,2020,"ATL,MIN",20,3.0,True,-3.565,-3.323,-4.013,False,100.0,3139.0
carsoes01w,Essence Carson,2020,"CON,WAS",21,5.0,True,-3.504,-3.215,-4.041,False,98.0,3129.0
magbeez01w,Ezi Magbegor,2020,SEA,22,6.0,True,-1.912,-1.059,-3.496,True,76.0,2505.0
williga01w,Gabby Williams,2020,CHI,22,1.0,True,-0.776,-0.146,-1.946,False,57.0,1738.0
johnsgl01w,Glory Johnson,2020,ATL,18,,True,-1.563,-2.405,,False,68.0,2247.0
harriis01w,Isabelle Harrison,2020,DAL,13,,False,-0.824,-1.268,,False,,
gemelja01w,Jacki Gemelos,2020,"CON,WAS",18,1.0,True,-3.8,-3.635,-4.105,False,102.0,3198.0
youngja01w,Jackie Young,2020,LVA,22,8.0,True,1.939,3.205,-0.414,False,23.0,694.0
thomaja01w,Jasmine Thomas,2020,CON,19,7.0,True,1.474,0.943,2.459,False,29.0,814.0
agnewja01w,Jaylyn Agnew,2020,ATL,12,,False,-2.952,-4.541,,False,,
jonesja02w,Jazmine Jones,2020,NYL,20,,True,-0.346,-0.532,,False,49.0,1511.0
loydje01w,Jewell Loyd,2020,SEA,22,6.0,True,7.042,5.741,9.458,True,3.0,80.0
willojo01w,Jocelyn Willoughby,2020,NYL,22,,True,-1.673,-2.575,,False,69.0,2335.0
canadjo01w,Jordin Canada,2020,SEA,20,6.0,True,1.435,1.716,0.915,True,30.0,828.0
holmejo02w,Joyner Holmes,2020,NYL,19,,True,-2.225,-3.423,,False,85.0,2705.0
allemju01w,Julie Allemand,2020,IND,22,,True,-0.358,-0.551,,False,50.0,1514.0
daviska01w,Kaela Davis,2020,ATL,2,,False,-3.332,-5.127,,False,,
coppeka01w,Kahleah Copper,2020,CHI,22,1.0,True,2.133,3.575,-0.545,False,20.0,646.0
charlka01w,Kaila Charles,2020,CON,21,7.0,True,-2.138,-1.824,-2.721,False,83.0,2661.0
brownka01w,Kalani Brown,2020,ATL,10,,False,-2.403,-3.697,,False,,
mosquka01w,Kaleena Mosqueda-Lewis,2020,CON,16,2.0,True,-3.819,-3.398,-4.601,False,103.0,3200.0
smallka01w,Kamiah Smalls,2020,IND,7,,False,-1.902,-2.925,,False,,
chriska02w,Karima Christmas-Kelly,2020,MIN,2,,False,-1.554,-2.39,,False,,
doyleka01w,Kathleen Doyle,2020,IND,18,,True,-2.775,-4.269,,False,91.0,2926.0
samueka02w,Katie Lou Samuelson,2020,DAL,22,,True,-1.677,-2.58,,False,70.0,2338.0
alexaka01w,Kayla Alexander,2020,MIN,16,,True,-2.488,-3.827,,False,88.0,2832.0
mcbrika01w,Kayla McBride,2020,LVA,22,8.0,True,2.282,3.261,0.463,False,19.0,610.0
thornka01w,Kayla Thornton,2020,DAL,22,,True,-1.049,-1.614,,False,58.0,1899.0
mitchke01w,Kelsey Mitchell,2020,IND,22,,True,1.041,1.602,,False,34.0,959.0
burkeke01w,Kennedy Burke,2020,IND,22,,True,-1.387,-2.134,,False,62.0,2133.0
nurseki01w,Kia Nurse,2020,NYL,21,,True,-0.606,-0.932,,False,53.0,1633.0
vaughki01w,Kia Vaughn,2020,PHO,22,2.0,True,-1.201,-1.136,-1.322,False,59.0,2001.0
stokeki01w,Kiah Stokes,2020,NYL,22,,True,-1.476,-2.27,,False,64.0,2194.0
lesliki01w,Kiara Leslie,2020,WAS,19,1.0,True,-2.41,-2.115,-2.957,False,87.0,2802.0
anigwkr01w,Kristine Anigwe,2020,LAS,17,1.0,True,-2.499,-2.277,-2.91,False,89.0,2839.0
shookky01w,Kylee Shook,2020,NYL,20,,True,-1.976,-3.04,,False,77.0,2551.0
coxla01w,Lauren Cox,2020,IND,14,,False,-1.789,-2.753,,False,,
clarela01w,Layshia Clarendon,2020,NYL,19,,True,-0.101,-0.155,,False,45.0,1404.0
odomle01w,Leaonna Odom,2020,NYL,22,,True,-1.781,-2.741,,False,73.0,2407.0
mitchle01w,Leilani Mitchell,2020,WAS,22,1.0,True,0.106,0.423,-0.481,False,41.0,1305.0
brownle02w,Lexie Brown,2020,MIN,17,,True,-0.646,-0.994,,False,56.0,1657.0
allenli01w,Lindsay Allen,2020,LVA,21,5.0,True,-3.16,-2.532,-4.327,False,95.0,3038.0
gulima01w,Marie Gulich,2020,LAS,12,,False,-2.29,-3.524,,False,,
mabrema01w,Marina Mabrey,2020,DAL,19,,True,-0.028,-0.042,,False,43.0,1366.0
gustame01w,Megan Gustafson,2020,DAL,10,,False,-2.804,-4.314,,False,,
huffme01w,Megan Huff,2020,"LVA,MIN",7,,False,-3.231,-4.97,,False,,
walkeme01w,Megan Walker,2020,NYL,18,,True,-2.409,-3.706,,False,86.0,2801.0
russeme01w,Mercedes Russell,2020,SEA,22,6.0,True,-1.714,-2.32,-0.59,True,72.0,2372.0
harrimi01w,Mikiah Herbert Harrigan,2020,MIN,21,3.0,True,-3.149,-2.808,-3.782,False,94.0,3034.0
billimo01w,Monique Billings,2020,ATL,22,,True,-0.282,-0.434,,False,48.0,1480.0
tuckmo01w,Morgan Tuck,2020,SEA,10,1.0,False,-4.362,-4.181,-4.698,True,,
jeffemo01w,Moriah Jefferson,2020,DAL,9,,False,-1.227,-1.888,,False,,
hinesmy01w,Myisha Hines-Allen,2020,WAS,22,1.0,True,2.95,4.417,0.226,False,17.0,456.0
collina01w,Napheesa Collier,2020,MIN,22,4.0,True,5.177,6.369,2.963,False,6.0,184.0
achonna01w,Natalie Achonwa,2020,IND,18,,True,-0.629,-0.968,,False,54.0,1646.0
howarna01w,Natasha Howard,2020,SEA,22,6.0,True,3.018,2.787,3.447,True,15.0,439.0
hiedena01w,Natisha Hiedeman,2020,CON,22,7.0,True,-2.008,-1.498,-2.957,False,78.0,2566.0
coffeni01w,Nia Coffey,2020,PHO,15,,False,-2.053,-3.159,,False,,
ogwumnn01w,Nneka Ogwumike,2020,LAS,18,,True,1.998,3.074,,False,21.0,682.0
simsod01w,Odyssey Sims,2020,MIN,13,4.0,False,0.702,0.696,0.714,False,,
keapa01w,Paris Kea,2020,NYL,11,,False,-1.174,-1.806,,False,,
banhara01w,Rachel Banham,2020,MIN,20,4.0,True,-1.42,-0.831,-2.514,False,63.0,2154.0
grayre01w,Reshanda Gray,2020,LAS,10,1.0,False,-3.95,-3.692,-4.431,False,,
williri02w,Riquna Williams,2020,LAS,21,1.0,True,-0.645,0.63,-3.013,False,55.0,1655.0
hebarru01w,Ruthy Hebard,2020,CHI,22,1.0,True,-2.035,-1.336,-3.334,False,80.0,2595.0
ionessa01w,Sabrina Ionescu,2020,NYL,3,,False,2.53,3.892,,False,,
whitcsa01w,Sami Whitcomb,2020,SEA,22,3.0,True,-0.237,0.698,-1.972,True,46.0,1462.0
sabalsa01w,Satou Sabally,2020,DAL,16,,True,1.375,2.116,,False,31.0,853.0
augusse01w,Seimone Augustus,2020,LAS,21,1.0,True,-2.017,-1.714,-2.578,False,79.0,2574.0
walkesh01w,Shatori Walker-Kimbrough,2020,PHO,21,2.0,True,-1.531,-1.164,-2.213,False,65.0,2228.0
stricsh01w,Shekinna Stricklen,2020,ATL,22,,True,-1.691,-2.602,,False,71.0,2349.0
johnssh02w,Shenise Johnson,2020,MIN,17,1.0,True,-2.778,-2.095,-4.047,False,92.0,2928.0
peddysh01w,Shey Peddy,2020,"PHO,WAS",17,2.0,True,-2.619,-2.646,-2.569,False,90.0,2876.0
diggisk01w,Skylar Diggins,2020,PHO,22,2.0,True,3.75,4.856,1.696,False,11.0,327.0
cunniso01w,Sophie Cunningham,2020,PHO,21,2.0,True,-3.019,-2.572,-3.849,False,93.0,3000.0
dolsost01w,Stefanie Dolson,2020,CHI,15,1.0,False,-1.761,-0.985,-3.202,False,,
johnsst01w,Stella Johnson,2020,"CHI,WAS",9,,False,-1.456,-2.24,,False,,
mavunst01w,Stephanie Mavunga,2020,"CHI,IND",10,1.0,False,-3.301,-2.764,-4.298,False,,
birdsu01w,Sue Bird,2020,SEA,11,6.0,False,2.959,1.869,4.983,True,,
suttosu01w,Sug Sutton,2020,WAS,12,1.0,False,-3.871,-3.579,-4.414,False,,
rodgesu01w,Sugar Rodgers,2020,LVA,22,8.0,True,-3.259,-2.798,-4.114,False,96.0,3066.0
colsosy01w,Sydney Colson,2020,CHI,17,1.0,True,-4.317,-4.021,-4.866,False,104.0,3250.0
wiesesy01w,Sydney Wiese,2020,LAS,19,1.0,True,-2.043,-1.157,-3.687,False,82.0,2597.0
fowlesy01w,Sylvia Fowles,2020,MIN,7,1.0,False,2.636,4.488,-0.804,False,,
coopete01w,Te'a Cooper,2020,LAS,20,1.0,True,-1.907,-1.145,-3.323,False,75.0,2502.0
mccowte01w,Teaira McCowan,2020,IND,22,,True,0.223,0.342,,False,39.0,1260.0
plaisth01w,Theresa Plaisance,2020,CON,13,3.0,False,-4.176,-3.836,-4.808,False,,
hawkiti01w,Tianna Hawkins,2020,WAS,17,1.0,True,-1.547,-0.711,-3.098,False,66.0,2236.0
ruffiti01w,Tierra Ruffin-Pratt,2020,LAS,17,1.0,True,-3.532,-3.135,-4.27,False,99.0,3134.0
mitchti01w,Tiffany Mitchell,2020,IND,19,,True,-0.011,-0.017,,False,42.0,1357.0
harrity01w,Tyasha Harris,2020,DAL,21,,True,-1.25,-1.922,,False,60.0,2037.0
viviavi01w,Victoria Vivians,2020,IND,6,,False,-1.719,-2.645,,False,,
wilsoa01w,A'ja Wilson,2021,LVA,32,5.0,True,5.973,8.195,1.847,False,3.0,128.0
wilsoaa01w,Aaliyah Wilson,2021,IND,14,,False,-2.98,-4.585,,False,,
mcdonaa01w,Aari McDonald,2021,ATL,30,,True,-1.476,-2.271,,False,68.0,2195.0
powerae01w,Aerial Powers,2021,MIN,14,1.0,False,1.605,2.371,0.182,False,,
smithal01w,Alanna Smith,2021,PHO,18,5.0,False,-4.217,-4.237,-4.179,False,,
goodmal01w,Aleah Goodman,2021,CON,1,,False,-3.356,-5.163,,False,,
quiglal01w,Allie Quigley,2021,CHI,26,10.0,True,3.117,1.892,5.39,True,17.0,420.0
grayal01w,Allisha Gray,2021,DAL,25,1.0,True,0.397,1.593,-1.824,False,36.0,1185.0
thomaal01w,Alyssa Thomas,2021,CON,3,4.0,False,-1.856,-2.462,-0.731,False,,
zahuiam01w,Amanda Zahui B.,2021,LAS,30,,True,-0.523,-0.805,,False,48.0,1579.0
mccouan01w,Angel McCoughtry,2021,LVA,1,,False,-3.356,-5.163,,False,,
guiraar01w,Arella Guirantes,2021,LAS,25,,True,-2.372,-3.649,,False,84.0,2776.0
atkinar01w,Ariel Atkins,2021,WAS,30,,True,1.141,1.755,,False,28.0,916.0
ogunbar01w,Arike Ogunbowale,2021,DAL,32,1.0,True,2.7,4.158,-0.007,False,18.0,511.0
ndouras01w,Astou Ndour-Fall,2021,CHI,20,9.0,False,-1.752,-1.054,-3.049,True,,
kuieraw01w,Awak Kuier,2021,DAL,16,1.0,False,-3.864,-3.466,-4.604,False,,
steveaz01w,Azura Stevens,2021,CHI,30,10.0,True,0.694,-0.549,3.003,True,32.0,1089.0
momprbe01w,Beatrice Mompremier,2021,CON,32,2.0,True,-3.87,-3.497,-4.563,False,98.0,3207.0
alaribe01w,Bella Alarie,2021,DAL,31,1.0,True,-3.557,-3.073,-4.455,False,95.0,3138.0
hatarbe01w,Bernadett Hatar,2021,IND,7,,False,-1.695,-2.608,,False,,
laneybe01w,Betnijah Laney-Hamilton,2021,NYL,32,1.0,True,1.498,2.245,0.111,False,25.0,808.0
dietrbl01w,Blake Dietrick,2021,ATL,9,,False,-2.361,-3.633,,False,,
stewabr01w,Breanna Stewart,2021,SEA,28,,True,5.22,8.031,,False,5.0,181.0
hartlbr01w,Bria Hartley,2021,PHO,6,10.0,False,-3.278,-3.111,-3.587,False,,
holmebr01w,Bria Holmes,2021,"LAS,LVA",19,,False,-1.81,-2.784,,False,,
januabr01w,Briann January,2021,CON,29,3.0,True,0.301,1.095,-1.172,False,38.0,1230.0
turnebr01w,Brianna Turner,2021,PHO,32,11.0,True,1.833,1.877,1.752,False,23.0,723.0
carlebr01w,Bridget Carleton,2021,MIN,32,1.0,True,-2.634,-1.816,-4.153,False,88.0,2884.0
jonesbr01w,Brionna Jones,2021,CON,32,4.0,True,4.528,6.571,0.733,False,8.0,245.0
boydbr01w,Brittany Boyd,2021,CHI,2,,False,-2.336,-3.593,,False,,
grinebr01w,Brittney Griner,2021,PHO,30,11.0,True,7.824,8.031,7.439,False,2.0,54.0
sykesbr01w,Brittney Sykes,2021,LAS,32,,True,-0.497,-0.765,,False,47.0,1572.0
parkeca01w,Candace Parker,2021,CHI,23,10.0,True,5.286,3.873,7.912,True,4.0,171.0
dupreca01w,Candice Dupree,2021,"ATL,SEA",26,,True,-1.032,-1.587,,False,57.0,1886.0
collich01w,Charli Collier,2021,DAL,28,,True,-1.795,-2.762,,False,76.0,2417.0
dungech01w,Chelsea Dungee,2021,DAL,14,1.0,False,-5.067,-4.932,-5.316,False,,
graych01w,Chelsea Gray,2021,LVA,32,5.0,True,2.625,3.553,0.903,False,19.0,534.0
perrych01w,Chelsey Perry,2021,IND,6,,False,-2.684,-4.13,,False,,
cartech01w,Chennedy Carter,2021,ATL,11,,False,0.842,1.295,,False,,
parkech01w,Cheyenne Parker-Tyus,2021,ATL,13,,False,0.054,0.084,,False,,
ogwumch01w,Chiney Ogwumike,2021,LAS,7,,False,-0.715,-1.1,,False,,
burdici01w,Cierra Burdick,2021,"MIN,PHO,SEA",14,,False,-2.772,-4.264,,False,,
vandeco01w,Courtney Vandersloot,2021,CHI,32,10.0,True,4.512,2.514,8.222,True,9.0,247.0
willico01w,Courtney Williams,2021,ATL,32,,True,1.528,2.351,,False,24.0,799.0
bradfcr01w,Crystal Bradford,2021,ATL,24,,True,-0.612,-0.942,,False,50.0,1638.0
dangecr01w,Crystal Dangerfield,2021,MIN,31,1.0,True,-1.267,-0.153,-3.337,False,63.0,2052.0
dantada01w,Damiris Dantas,2021,MIN,24,,True,0.11,0.169,,False,41.0,1304.0
evansda02w,Dana Evans,2021,"CHI,DAL",29,9.0,True,-3.63,-3.414,-4.029,True,96.0,3157.0
robinda01w,Danielle Robinson,2021,IND,24,,True,-0.419,-0.644,,False,45.0,1548.0
bonnede01w,DeWanna Bonner,2021,CON,32,4.0,True,5.1,6.853,1.845,False,6.0,194.0
hambyde01w,Dearica Hamby,2021,LVA,29,5.0,True,1.481,3.402,-2.085,False,26.0,810.0
slocude01w,Destiny Slocum,2021,LVA,21,3.0,False,-4.509,-4.247,-4.994,False,,
richadi01w,DiDi Richards,2021,NYL,31,1.0,True,-4.053,-3.906,-4.326,False,101.0,3238.0
carridi01w,DiJonai Carrington,2021,CON,24,2.0,True,-3.722,-3.171,-4.744,False,97.0,3178.0
deshidi01w,Diamond DeShields,2021,CHI,32,10.0,True,0.651,1.114,-0.208,True,33.0,1098.0
tauradi01w,Diana Taurasi,2021,PHO,16,10.0,False,4.155,4.335,3.819,False,,
delleel01w,Elena Delle Donne,2021,WAS,3,,False,1.197,1.841,,False,,
williel01w,Elizabeth Williams,2021,ATL,32,,True,-1.4,-2.154,,False,67.0,2148.0
cannoem01w,Emma Cannon,2021,"CON,IND,LVA",20,,False,-1.244,-1.914,,False,,
princep01w,Epiphanny Prince,2021,SEA,29,1.0,True,-2.555,-1.67,-4.199,False,87.0,2857.0
mccaler01w,Erica McCall,2021,WAS,23,,True,-1.553,-2.39,,False,69.0,2241.0
wheeler01w,Erica Wheeler,2021,LAS,32,,True,0.699,1.075,,False,31.0,1085.0
magbeez01w,Ezi Magbegor,2021,SEA,30,1.0,True,-1.168,-0.7,-2.038,False,61.0,1985.0
gorecha01w,Haley Gorecki,2021,PHO,3,,False,-3.239,-4.984,,False,,
harriis01w,Isabelle Harrison,2021,DAL,28,1.0,True,0.135,1.237,-1.912,False,40.0,1294.0
youngja01w,Jackie Young,2021,LVA,32,5.0,True,1.841,3.797,-1.792,False,22.0,718.0
lavenja01w,Jantel Lavender,2021,IND,27,,True,-1.124,-1.73,,False,59.0,1951.0
thomaja01w,Jasmine Thomas,2021,CON,30,4.0,True,1.96,3.383,-0.682,False,21.0,690.0
walkeja01w,Jasmine Walker,2021,LAS,2,,False,-3.274,-5.036,,False,,
jonesja02w,Jazmine Jones,2021,NYL,27,1.0,True,-3.019,-2.342,-4.277,False,92.0,3001.0
brelaje01w,Jessica Breland,2021,IND,26,,True,-1.136,-1.748,,False,60.0,1962.0
shepaje01w,Jessica Shepard,2021,MIN,22,,False,-1.903,-2.927,,False,,
loydje01w,Jewell Loyd,2021,SEA,31,1.0,True,3.844,5.561,0.654,False,13.0,313.0
parkji01w,JiSu Park,2021,LVA,25,4.0,True,-4.001,-3.523,-4.89,False,100.0,3230.0
alleyji01w,Jillian Alleyne,2021,WAS,2,,False,-3.025,-4.653,,False,,
jonesjo01w,Jonquel Jones,2021,CON,27,4.0,True,7.839,9.917,3.98,False,1.0,53.0
canadjo01w,Jordin Canada,2021,SEA,29,1.0,True,-1.699,-0.994,-3.008,False,74.0,2354.0
holmejo02w,Joyner Holmes,2021,"LVA,NYL",5,,False,-2.311,-3.556,,False,,
coppeka01w,Kahleah Copper,2021,CHI,32,10.0,True,4.508,2.584,8.082,True,10.0,248.0
charlka01w,Kaila Charles,2021,CON,30,4.0,True,-2.227,-1.521,-3.539,False,82.0,2706.0
brownka01w,Kalani Brown,2021,ATL,1,,False,-2.76,-4.247,,False,,
samueka01w,Karlie Samuelson,2021,"LAS,SEA",14,,False,-2.022,-3.111,,False,,
samueka02w,Katie Lou Samuelson,2021,SEA,27,1.0,True,-0.597,-0.363,-1.032,False,49.0,1627.0
mcbrika01w,Kayla McBride,2021,MIN,32,1.0,True,2.117,3.226,0.059,False,20.0,651.0
thornka01w,Kayla Thornton,2021,DAL,31,1.0,True,-1.351,-0.216,-3.458,False,64.0,2106.0
mitchke01w,Kelsey Mitchell,2021,IND,32,,True,0.815,1.254,,False,30.0,1040.0
plumke01w,Kelsey Plum,2021,LVA,26,5.0,True,3.347,4.254,1.662,False,15.0,386.0
burkeke01w,Kennedy Burke,2021,SEA,23,1.0,True,-3.936,-3.587,-4.585,False,99.0,3219.0
nurseki01w,Kia Nurse,2021,PHO,32,6.0,True,0.039,0.793,-1.361,False,42.0,1333.0
vaughki01w,Kia Vaughn,2021,PHO,28,11.0,True,-2.475,-2.123,-3.13,False,85.0,2828.0
stokeki01w,Kiah Stokes,2021,"LVA,NYL",24,5.0,True,-3.17,-2.677,-4.084,False,93.0,3040.0
williki02w,Kiana Williams,2021,SEA,10,,False,-3.165,-4.869,,False,,
lesliki01w,Kiara Leslie,2021,WAS,9,,False,-2.303,-3.543,,False,,
tolivkr01w,Kristi Toliver,2021,LAS,19,,False,-0.61,-0.938,,False,,
anigwkr01w,Kristine Anigwe,2021,"DAL,LAS",10,,False,-1.876,-2.886,,False,,
shookky01w,Kylee Shook,2021,NYL,30,,True,-1.351,-2.079,,False,65.0,2108.0
gondrky01w,Kysre Gondrezick,2021,IND,19,,False,-2.685,-4.131,,False,,
coxla01w,Lauren Cox,2021,"IND,LAS",26,,True,-2.195,-3.377,,False,80.0,2690.0
clarela01w,Layshia Clarendon,2021,"MIN,NYL",22,1.0,False,0.261,1.878,-2.741,False,,
odomle01w,Leaonna Odom,2021,NYL,18,,False,-2.36,-3.631,,False,,
mitchle01w,Leilani Mitchell,2021,WAS,31,,True,-1.369,-2.106,,False,66.0,2121.0
brownle02w,Lexie Brown,2021,CHI,17,7.0,False,-4.242,-4.068,-4.565,True,,
allenli01w,Lindsay Allen,2021,IND,32,,True,-1.648,-2.536,,False,73.0,2316.0
harpeli01w,Linnae Harper,2021,MIN,1,,False,-3.179,-4.891,,False,,
cambael01w,Liz Cambage,2021,LVA,25,5.0,True,3.355,5.146,0.029,False,14.0,385.0
mabrema01w,Marina Mabrey,2021,DAL,32,1.0,True,0.494,2.013,-2.328,False,34.0,1150.0
gustame01w,Megan Gustafson,2021,WAS,11,,False,-1.724,-2.653,,False,,
walkeme01w,Megan Walker,2021,PHO,29,5.0,True,-3.305,-2.741,-4.352,False,94.0,3078.0
russeme01w,Mercedes Russell,2021,SEA,30,1.0,True,0.252,0.81,-0.785,False,39.0,1252.0
onyenmi01w,Michaela Onyenwere,2021,NYL,32,1.0,True,-2.545,-1.78,-3.964,False,86.0,2853.0
harrimi01w,Mikiah Herbert Harrigan,2021,SEA,1,,False,-3.356,-5.163,,False,,
billimo01w,Monique Billings,2021,ATL,31,,True,-0.661,-1.016,,False,52.0,1664.0
jeffemo01w,Moriah Jefferson,2021,DAL,29,1.0,True,-2.215,-1.734,-3.107,False,81.0,2700.0
hinesmy01w,Myisha Hines-Allen,2021,WAS,18,,False,1.1,1.692,,False,,
collina01w,Napheesa Collier,2021,MIN,29,1.0,True,3.3,5.32,-0.452,False,16.0,396.0
achonna01w,Natalie Achonwa,2021,MIN,21,1.0,False,-3.125,-2.621,-4.061,False,,
cloudna01w,Natasha Cloud,2021,WAS,27,,True,-0.055,-0.085,,False,43.0,1381.0
howarna01w,Natasha Howard,2021,NYL,13,1.0,False,1.601,2.746,-0.527,False,,
mackna01w,Natasha Mack,2021,"CHI,MIN",4,,False,-2.74,-4.215,,False,,
hiedena01w,Natisha Hiedeman,2021,CON,32,4.0,True,-0.336,0.266,-1.453,False,44.0,1505.0
coffeni01w,Nia Coffey,2021,LAS,32,,True,-0.952,-1.464,,False,56.0,1840.0
ogwumnn01w,Nneka Ogwumike,2021,LAS,18,,False,1.492,2.296,,False,,
simsod01w,Odyssey Sims,2021,ATL,30,,True,-0.895,-1.377,,False,55.0,1812.0
banhara01w,Rachel Banham,2021,MIN,27,1.0,True,-2.823,-2.194,-3.991,False,90.0,2937.0
allenre01w,Rebecca Allen,2021,NYL,25,1.0,True,-1.614,-1.11,-2.55,False,71.0,2290.0
grayre01w,Reshanda Gray,2021,NYL,15,1.0,False,-2.427,-1.993,-3.232,False,,
williri02w,Riquna Williams,2021,LVA,32,5.0,True,1.041,1.905,-0.563,False,29.0,960.0
hebarru01w,Ruthy Hebard,2021,CHI,30,5.0,True,-2.294,-1.289,-4.162,True,83.0,2737.0
ionessa01w,Sabrina Ionescu,2021,NYL,30,1.0,True,0.418,1.069,-0.79,False,35.0,1178.0
whitcsa01w,Sami Whitcomb,2021,NYL,30,1.0,True,-0.658,0.344,-2.52,False,51.0,1663.0
sabalsa01w,Satou Sabally,2021,DAL,17,1.0,False,0.746,2.008,-1.597,False,,
walkesh01w,Shatori Walker-Kimbrough,2021,"CON,WAS",17,,False,-1.168,-1.798,,False,,
zellosh01w,Shavonte Zellous,2021,WAS,28,,True,-1.808,-2.781,,False,77.0,2422.0
stricsh01w,Shekinna Stricklen,2021,ATL,24,,True,-2.656,-4.086,,False,89.0,2893.0
peddysh01w,Shey Peddy,2021,PHO,32,11.0,True,-1.197,-1.328,-0.955,False,62.0,1998.0
healsh01w,Shyla Heal,2021,CHI,4,,False,-2.612,-4.019,,False,,
diggisk01w,Skylar Diggins,2021,PHO,32,11.0,True,4.834,5.591,3.427,False,7.0,219.0
cunniso01w,Sophie Cunningham,2021,PHO,30,8.0,True,-1.844,-1.659,-2.188,False,78.0,2451.0
dolsost01w,Stefanie Dolson,2021,CHI,24,10.0,True,-0.744,-0.652,-0.914,True,53.0,1715.0
johnsst01w,Stella Johnson,2021,WAS,6,,False,-2.677,-4.118,,False,,
jonesst01w,Stephanie Jones,2021,CON,18,1.0,False,-4.433,-4.117,-5.018,False,,
talbost01w,Stephanie Talbot,2021,SEA,30,1.0,True,-1.77,-1.159,-2.906,False,75.0,2403.0
wattsst01w,Stephanie Watts,2021,CHI,6,,False,-2.061,-3.17,,False,,
birdsu01w,Sue Bird,2021,SEA,30,1.0,True,1.206,2.019,-0.303,False,27.0,899.0
wiesesy01w,Sydney Wiese,2021,WAS,27,,True,-2.016,-3.101,,False,79.0,2572.0
fowlesy01w,Sylvia Fowles,2021,MIN,31,1.0,True,4.359,6.096,1.133,False,11.0,257.0
coopete01w,Te'a Cooper,2021,LAS,31,,True,-0.871,-1.34,,False,54.0,1801.0
mccowte01w,Teaira McCowan,2021,IND,32,,True,0.309,0.475,,False,37.0,1227.0
plaisth01w,Theresa Plaisance,2021,WAS,31,,True,-1.064,-1.636,,False,58.0,1911.0
hawkiti01w,Tianna Hawkins,2021,ATL,28,,True,-1.603,-2.467,,False,70.0,2279.0
hayesti01w,Tiffany Hayes,2021,ATL,21,,False,0.877,1.349,,False,,
mitchti01w,Tiffany Mitchell,2021,IND,28,,True,-0.419,-0.645,,False,46.0,1550.0
charlti01w,Tina Charles,2021,WAS,27,,True,3.867,5.949,,False,12.0,310.0
harrity01w,Tyasha Harris,2021,DAL,32,1.0,True,-3.007,-2.322,-4.28,False,91.0,2998.0
viviavi01w,Victoria Vivians,2021,IND,31,,True,-1.634,-2.514,,False,72.0,2305.0
wilsoa01w,A'ja Wilson,2022,LVA,36,10.0,True,9.156,7.951,11.393,True,1.0,25.0
durras01w,AD Durr,2022,"ATL,NYL",25,,False,-1.185,-1.824,,False,,
mcdonaa01w,Aari McDonald,2022,ATL,36,,True,0.276,0.425,,False,41.0,1242.0
powerae01w,Aerial Powers,2022,MIN,35,,True,1.726,2.655,,False,25.0,739.0
sheppai01w,Aisha Sheppard,2022,LVA,23,4.0,False,-4.679,-4.386,-5.224,True,,
coateal01w,Alaina Coates,2022,IND,8,,False,-2.099,-3.23,,False,,
smithal01w,Alanna Smith,2022,IND,9,,False,-2.011,-3.093,,False,,
quiglal01w,Allie Quigley,2022,CHI,34,8.0,True,1.315,2.039,-0.031,False,28.0,870.0
grayal01w,Allisha Gray,2022,DAL,33,3.0,True,1.213,2.269,-0.749,False,30.0,894.0
clarkal01w,Alysha Clark,2022,WAS,29,2.0,True,0.028,1.167,-2.089,False,45.0,1339.0
thomaal01w,Alyssa Thomas,2022,CON,36,12.0,True,6.664,6.848,6.322,False,5.0,94.0
atwelam01w,Amy Atwell,2022,LAS,4,,False,-3.177,-4.888,,False,,
mccouan01w,Angel McCoughtry,2022,MIN,2,,False,-1.083,-1.666,,False,,
maleyan01w,Anneli Maley,2022,CHI,4,,False,-2.321,-3.57,,False,,
atkinar01w,Ariel Atkins,2022,WAS,36,2.0,True,2.645,4.052,0.032,False,19.0,529.0
ogunbar01w,Arike Ogunbowale,2022,DAL,30,1.0,True,2.541,4.725,-1.514,False,22.0,558.0
kuieraw01w,Awak Kuier,2022,DAL,33,3.0,True,-3.774,-3.25,-4.749,False,95.0,3193.0
steveaz01w,Azura Stevens,2022,CHI,35,8.0,True,0.368,1.258,-1.286,False,40.0,1198.0
momprbe01w,Beatrice Mompremier,2022,ATL,21,,False,-2.333,-3.589,,False,,
laneybe01w,Betnijah Laney-Hamilton,2022,NYL,9,3.0,False,-0.053,0.901,-1.824,False,,
stewabr01w,Breanna Stewart,2022,SEA,34,6.0,True,8.246,8.512,7.752,False,2.0,45.0
hartlbr01w,Bria Hartley,2022,"CON,IND",13,,False,-2.369,-3.644,,False,,
januabr01w,Briann January,2022,SEA,36,6.0,True,-3.046,-2.469,-4.119,False,87.0,3004.0
turnebr01w,Brianna Turner,2022,PHO,35,2.0,True,-2.527,-1.98,-3.541,False,83.0,2846.0
carlebr01w,Bridget Carleton,2022,MIN,36,,True,-1.665,-2.562,,False,74.0,2327.0
jonesbr01w,Brionna Jones,2022,CON,36,12.0,True,3.642,4.583,1.894,False,12.0,347.0
sykesbr01w,Brittney Sykes,2022,LAS,32,,True,-0.175,-0.269,,False,49.0,1437.0
parkeca01w,Candace Parker,2022,CHI,32,8.0,True,4.875,5.285,4.113,False,8.0,215.0
collich01w,Charli Collier,2022,DAL,17,,False,-2.753,-4.235,,False,,
graych01w,Chelsea Gray,2022,LVA,35,10.0,True,6.801,4.246,11.545,True,4.0,88.0
cartech01w,Chennedy Carter,2022,LAS,24,,False,-0.716,-1.102,,False,,
parkech01w,Cheyenne Parker-Tyus,2022,ATL,36,,True,1.025,1.577,,False,32.0,965.0
ogwumch01w,Chiney Ogwumike,2022,LAS,26,,True,-1.042,-1.603,,False,59.0,1892.0
vandeco01w,Courtney Vandersloot,2022,CHI,32,8.0,True,2.967,3.626,1.744,False,14.0,452.0
willico01w,Courtney Williams,2022,CON,34,12.0,True,2.756,3.263,1.815,False,16.0,495.0
dangecr01w,Crystal Dangerfield,2022,"IND,NYL",33,3.0,True,-2.768,-1.949,-4.288,False,85.0,2924.0
dantada01w,Damiris Dantas,2022,MIN,15,,False,-1.161,-1.787,,False,,
evansda02w,Dana Evans,2022,CHI,33,4.0,True,-3.073,-2.66,-3.84,False,88.0,3011.0
robinda01w,Danielle Robinson,2022,IND,31,,True,-1.421,-2.186,,False,67.0,2156.0
bonnede01w,DeWanna Bonner,2022,CON,33,12.0,True,4.496,4.713,4.094,False,9.0,249.0
hambyde01w,Dearica Hamby,2022,LVA,34,6.0,True,-0.042,1.669,-3.22,True,46.0,1371.0
hendede01w,Destanni Henderson,2022,IND,36,,True,-1.899,-2.921,,False,76.0,2496.0
slocude01w,Destiny Slocum,2022,ATL,3,,False,-1.723,-2.65,,False,,
richadi01w,DiDi Richards,2022,NYL,14,2.0,False,-3.85,-3.591,-4.332,False,,
carridi01w,DiJonai Carrington,2022,CON,36,12.0,True,-0.787,-0.4,-1.505,False,55.0,1747.0
deshidi01w,Diamond DeShields,2022,PHO,30,2.0,True,-0.109,0.88,-1.946,False,48.0,1407.0
tauradi01w,Diana Taurasi,2022,PHO,31,,True,1.638,2.519,,False,26.0,768.0
delleel01w,Elena Delle Donne,2022,WAS,25,2.0,False,4.237,5.899,1.149,False,,
cunanel01w,Elissa Cunane,2022,MIN,3,,False,-2.954,-4.545,,False,,
williel01w,Elizabeth Williams,2022,WAS,30,2.0,True,-2.283,-1.48,-3.772,False,81.0,2731.0
engstem01w,Emily Engstler,2022,IND,35,,True,-1.62,-2.493,,False,73.0,2295.0
cannoem01w,Emma Cannon,2022,"IND,PHO",24,,False,-1.205,-1.853,,False,,
meessem01w,Emma Meesseman,2022,CHI,36,8.0,True,2.931,3.951,1.039,False,15.0,461.0
princep01w,Epiphanny Prince,2022,SEA,33,6.0,True,-3.485,-2.76,-4.832,False,93.0,3122.0
wheeler01w,Erica Wheeler,2022,ATL,30,,True,-0.22,-0.339,,False,50.0,1455.0
westbev01w,Evina Westbrook,2022,"MIN,WAS",20,,False,-2.283,-3.512,,False,,
magbeez01w,Ezi Magbegor,2022,SEA,33,6.0,True,0.259,1.491,-2.029,False,42.0,1248.0
williga01w,Gabby Williams,2022,SEA,36,4.0,True,0.222,0.849,-0.942,False,43.0,1261.0
xuha01w,Han Xu,2022,NYL,32,3.0,True,-1.565,-0.651,-3.261,False,69.0,2248.0
sjervha01w,Hannah Sjerven,2022,MIN,3,,False,-3.418,-5.259,,False,,
ruperil01w,Iliana Rupert,2022,LVA,17,7.0,False,-3.101,-2.604,-4.025,True,,
harriis01w,Isabelle Harrison,2022,DAL,35,3.0,True,-1.09,-0.09,-2.948,False,60.0,1929.0
youngja01w,Jackie Young,2022,LVA,34,10.0,True,5.127,5.253,4.892,True,7.0,191.0
lavenja01w,Jantel Lavender,2022,SEA,27,,True,-1.588,-2.443,,False,70.0,2267.0
dickeja01w,Jasmine Dickey,2022,DAL,20,1.0,False,-4.947,-4.735,-5.342,False,,
thomaja01w,Jasmine Thomas,2022,CON,5,,False,-0.431,-0.663,,False,,
walkeja01w,Jasmine Walker,2022,LAS,32,,True,-2.874,-4.421,,False,86.0,2947.0
jonesja02w,Jazmine Jones,2022,"CON,WAS",8,,False,-3.169,-4.875,,False,,
simmsje01w,Jennie Simms,2022,PHO,23,2.0,False,-3.443,-3.126,-4.033,False,,
shepaje01w,Jessica Shepard,2022,MIN,36,,True,0.639,0.983,,False,38.0,1100.0
loydje01w,Jewell Loyd,2022,SEA,36,6.0,True,3.832,4.377,2.82,False,11.0,315.0
willojo01w,Jocelyn Willoughby,2022,NYL,11,2.0,False,-3.993,-3.671,-4.591,False,,
jonesjo01w,Jonquel Jones,2022,CON,33,12.0,True,5.892,5.86,5.95,False,6.0,135.0
canadjo01w,Jordin Canada,2022,LAS,32,,True,-0.91,-1.401,,False,56.0,1820.0
holmejo02w,Joyner Holmes,2022,CON,26,7.0,True,-4.08,-3.819,-4.564,False,97.0,3242.0
allemju01w,Julie Allemand,2022,CHI,25,8.0,False,-2.834,-2.384,-3.671,False,,
daviska01w,Kaela Davis,2022,"CHI,PHO,SEA",7,2.0,False,-2.803,-2.712,-2.97,False,,
coppeka01w,Kahleah Copper,2022,CHI,31,8.0,True,4.194,5.012,2.675,False,10.0,277.0
charlka01w,Kaila Charles,2022,ATL,1,,False,-3.418,-5.259,,False,,
smallka01w,Kamiah Smalls,2022,MIN,3,,False,-2.538,-3.905,,False,,
samueka01w,Karlie Samuelson,2022,PHO,1,,False,-1.952,-3.004,,False,,
benzaka01w,Katie Benzan,2022,WAS,3,,False,-1.362,-2.096,,False,,
samueka02w,Katie Lou Samuelson,2022,LAS,32,,True,-1.206,-1.855,,False,64.0,2003.0
mcbrika01w,Kayla McBride,2022,MIN,31,,True,1.075,1.654,,False,31.0,942.0
thornka01w,Kayla Thornton,2022,DAL,36,3.0,True,-0.664,0.137,-2.151,False,54.0,1669.0
mitchke01w,Kelsey Mitchell,2022,IND,31,,True,0.758,1.166,,False,35.0,1064.0
plumke01w,Kelsey Plum,2022,LVA,36,10.0,True,7.527,7.244,8.052,True,3.0,63.0
burkeke01w,Kennedy Burke,2022,WAS,16,,False,-1.304,-2.005,,False,,
pointkh01w,Khayla Pointer,2022,IND,10,,False,-2.687,-4.135,,False,,
vaughki01w,Kia Vaughn,2022,ATL,29,,True,-2.106,-3.241,,False,79.0,2643.0
stokeki01w,Kiah Stokes,2022,LVA,31,10.0,True,-2.03,-2.747,-0.698,True,78.0,2588.0
williki02w,Kiana Williams,2022,"CON,SEA",4,,False,-2.817,-4.334,,False,,
smithki02w,Kianna Smith,2022,LAS,11,,False,-2.573,-3.958,,False,,
bellki01w,Kierstan Bell,2022,LVA,21,4.0,False,-4.35,-4.4,-4.258,True,,
tolivkr01w,Kristi Toliver,2022,LAS,11,,False,-1.427,-2.195,,False,,
anigwkr01w,Kristine Anigwe,2022,PHO,10,,False,-2.797,-4.302,,False,,
wallakr01w,Kristy Wallace,2022,ATL,29,,True,-0.964,-1.484,,False,57.0,1847.0
brownle02w,Lexie Brown,2022,LAS,34,,True,-1.432,-2.203,,False,68.0,2162.0
hullle01w,Lexie Hull,2022,IND,26,,True,-2.297,-3.534,,False,82.0,2741.0
yueruli01w,Li Yueru,2022,CHI,16,,False,-2.585,-3.976,,False,,
allenli01w,Lindsay Allen,2022,MIN,9,,False,-0.658,-1.012,,False,,
cambael01w,Liz Cambage,2022,LAS,25,,False,0.622,0.957,,False,,
cubajlo01w,Lorela Cubaj,2022,NYL,11,,False,-2.836,-4.363,,False,,
mabrema01w,Marina Mabrey,2022,DAL,34,3.0,True,1.257,2.301,-0.683,False,29.0,881.0
johanma01w,Marine Johannes,2022,NYL,24,3.0,False,-0.776,0.248,-2.679,False,,
caldwma01w,Maya Caldwell,2022,ATL,9,,False,0.396,0.609,,False,,
gustame01w,Megan Gustafson,2022,PHO,33,2.0,True,-3.427,-3.205,-3.838,False,92.0,3113.0
walkeme01w,Megan Walker,2022,ATL,12,,False,-2.38,-3.662,,False,,
russeme01w,Mercedes Russell,2022,SEA,5,,False,-2.453,-3.773,,False,,
onyenmi01w,Michaela Onyenwere,2022,NYL,34,3.0,True,-3.183,-2.724,-4.034,False,90.0,3043.0
billimo01w,Monique Billings,2022,ATL,23,,False,-0.495,-0.762,,False,,
jeffemo01w,Moriah Jefferson,2022,"DAL,MIN",31,,True,0.67,1.031,,False,37.0,1096.0
hinesmy01w,Myisha Hines-Allen,2022,WAS,34,2.0,True,-0.073,1.169,-2.379,False,47.0,1390.0
smithna01w,NaLyssa Smith,2022,IND,32,,True,0.054,0.084,,False,44.0,1323.0
collina01w,Napheesa Collier,2022,MIN,4,,False,-0.807,-1.241,,False,,
achonna01w,Natalie Achonwa,2022,MIN,22,,False,-0.97,-1.492,,False,,
cloudna01w,Natasha Cloud,2022,WAS,34,2.0,True,2.624,3.712,0.604,False,20.0,535.0
howarna01w,Natasha Howard,2022,NYL,35,3.0,True,1.87,3.296,-0.779,False,24.0,714.0
hiedena01w,Natisha Hiedeman,2022,CON,36,12.0,True,0.845,1.265,0.064,False,33.0,1027.0
hillmna01w,Naz Hillmon,2022,ATL,34,,True,-1.223,-1.881,,False,65.0,2023.0
cloudni01w,Nia Clouden,2022,CON,28,7.0,True,-3.915,-3.63,-4.444,False,96.0,3214.0
coffeni01w,Nia Coffey,2022,ATL,16,,False,-0.814,-1.253,,False,,
milicni01w,Nikolina Milic,2022,MIN,31,,True,-1.113,-1.712,,False,61.0,1943.0
ogwumnn01w,Nneka Ogwumike,2022,LAS,34,,True,1.409,2.168,,False,27.0,841.0
simsod01w,Odyssey Sims,2022,"CON,MIN",7,12.0,False,-1.583,-1.065,-2.544,False,,
nelsool01w,Olivia Nelson-Ododa,2022,LAS,30,,True,-1.94,-2.985,,False,77.0,2531.0
egboqu01w,Queen Egbo,2022,IND,33,,True,-1.149,-1.768,,False,62.0,1970.0
banhara01w,Rachel Banham,2022,MIN,36,,True,-0.637,-0.98,,False,53.0,1647.0
burrera01w,Rae Burrell,2022,LAS,3,,False,-2.899,-4.461,,False,,
perezra01w,Raina Perez,2022,SEA,1,,False,-3.418,-5.259,,False,,
allenre01w,Rebecca Allen,2022,NYL,25,3.0,False,-2.03,-1.286,-3.41,False,,
gardnre01w,Rebekah Gardner,2022,CHI,35,8.0,True,-0.544,0.295,-2.103,False,52.0,1594.0
davisre01w,Rennia Davis,2022,"IND,MIN",8,,False,-2.952,-4.542,,False,,
grayre01w,Reshanda Gray,2022,"PHO,SEA",27,2.0,True,-4.101,-3.746,-4.76,False,98.0,3243.0
howarrh01w,Rhyne Howard,2022,ATL,34,,True,1.906,2.932,,False,23.0,704.0
williri02w,Riquna Williams,2022,LVA,21,10.0,False,-0.91,-1.284,-0.215,True,,
machiru01w,Rui Machida,2022,WAS,36,2.0,True,-3.687,-3.277,-4.45,False,94.0,3172.0
hebarru01w,Ruthy Hebard,2022,CHI,24,4.0,False,-4.025,-3.559,-4.89,False,,
ionessa01w,Sabrina Ionescu,2022,NYL,36,3.0,True,3.397,5.157,0.126,False,13.0,375.0
thomasa01w,Sam Thomas,2022,PHO,24,2.0,False,-5.114,-5.05,-5.233,False,,
whitcsa01w,Sami Whitcomb,2022,NYL,35,3.0,True,-2.232,-1.433,-3.716,False,80.0,2709.0
sabalsa01w,Satou Sabally,2022,DAL,11,3.0,False,0.064,1.31,-2.25,False,,
austish01w,Shakira Austin,2022,WAS,36,2.0,True,0.424,1.63,-1.814,False,39.0,1173.0
walkesh01w,Shatori Walker-Kimbrough,2022,WAS,35,2.0,True,-1.596,-0.776,-3.12,False,71.0,2272.0
peddysh01w,Shey Peddy,2022,PHO,34,1.0,True,-0.976,-0.174,-2.466,False,58.0,1853.0
diggisk01w,Skylar Diggins,2022,PHO,30,,True,2.67,4.107,,False,18.0,519.0
cunniso01w,Sophie Cunningham,2022,PHO,28,2.0,True,-0.341,0.995,-2.824,False,51.0,1508.0
taylosp01w,Sparkle Taylor,2022,CHI,2,,False,-1.507,-2.319,,False,,
dolsost01w,Stefanie Dolson,2022,NYL,36,3.0,True,-1.155,-0.274,-2.791,False,63.0,1977.0
jonesst01w,Stephanie Jones,2022,"CON,WAS",5,,False,-2.765,-4.255,,False,,
talbost01w,Stephanie Talbot,2022,SEA,34,6.0,True,-1.603,-1.488,-1.815,False,72.0,2278.0
birdsu01w,Sue Bird,2022,SEA,31,6.0,True,0.805,0.993,0.457,False,34.0,1045.0
colsosy01w,Sydney Colson,2022,LVA,18,4.0,False,-4.523,-4.221,-5.084,True,,
fowlesy01w,Sylvia Fowles,2022,MIN,30,,True,2.557,3.934,,False,21.0,553.0
mccowte01w,Teaira McCowan,2022,DAL,33,3.0,True,0.707,1.607,-0.963,False,36.0,1078.0
plaisth01w,Theresa Plaisance,2022,LVA,31,4.0,True,-3.084,-2.46,-4.243,True,89.0,3013.0
hawkiti01w,Tianna Hawkins,2022,WAS,25,,False,-1.401,-2.156,,False,,
hayesti01w,Tiffany Hayes,2022,ATL,11,,False,2.032,3.126,,False,,
mitchti01w,Tiffany Mitchell,2022,IND,34,,True,-1.84,-2.831,,False,75.0,2449.0
charlti01w,Tina Charles,2022,"PHO,SEA",34,6.0,True,2.712,3.423,1.393,False,17.0,508.0
krajiti01w,Tina Krajisnik,2022,CHI,2,,False,-3.418,-5.259,,False,,
harrity01w,Tyasha Harris,2022,DAL,35,3.0,True,-2.614,-2.235,-3.318,False,84.0,2874.0
burtove01w,Veronica Burton,2022,DAL,36,3.0,True,-3.315,-3.276,-3.386,False,91.0,3081.0
viviavi01w,Victoria Vivians,2022,IND,35,,True,-1.25,-1.923,,False,66.0,2038.0
anderyv01w,Yvonne Anderson,2022,CON,11,,False,-2.029,-3.122,,False,,
turneyv01w,Yvonne Turner,2022,"ATL,MIN,PHO",9,2.0,False,-3.268,-2.773,-4.188,False,,
wilsoa01w,A'ja Wilson,2023,LVA,40,9.0,True,10.992,9.589,13.597,True,1.0,12.0
durras01w,AD Durr,2023,ATL,36,2.0,True,-2.93,-2.46,-3.803,False,98.0,2971.0
mcdonaa01w,Aari McDonald,2023,ATL,24,2.0,False,-1.446,-0.572,-3.069,False,,
meyerab01w,Abby Meyers,2023,WAS,9,,False,-2.556,-3.933,,False,,
powerae01w,Aerial Powers,2023,MIN,20,1.0,False,-2.707,-2.169,-3.706,False,,
coateal01w,Alaina Coates,2023,"LVA,PHO",12,6.0,False,-4.053,-3.946,-4.253,True,,
smithal01w,Alanna Smith,2023,CHI,38,2.0,True,-0.589,0.482,-2.578,False,47.0,1622.0
bostoal01w,Aliyah Boston,2023,IND,40,,True,1.432,2.203,,False,27.0,829.0
grayal01w,Allisha Gray,2023,ATL,38,2.0,True,2.295,3.483,0.087,False,20.0,605.0
clarkal01w,Alysha Clark,2023,LVA,39,9.0,True,0.846,0.127,2.18,True,32.0,1026.0
thomaal01w,Alyssa Thomas,2023,CON,40,7.0,True,6.264,6.538,5.755,False,6.0,112.0
zahuiam01w,Amanda Zahui B.,2023,"IND,WAS",34,,True,-2.4,-3.693,,False,85.0,2791.0
guiraar01w,Arella Guirantes,2023,SEA,9,,False,-2.554,-3.928,,False,,
atkinar01w,Ariel Atkins,2023,WAS,27,2.0,False,0.215,0.812,-0.893,False,,
ogunbar01w,Arike Ogunbowale,2023,DAL,40,5.0,True,5.522,6.252,4.168,False,8.0,163.0
joensas01w,Ashley Joens,2023,"DAL,LVA,PHO",19,,False,-2.452,-3.772,,False,,
kuieraw01w,Awak Kuier,2023,DAL,37,5.0,True,-2.898,-2.82,-3.043,False,97.0,2960.0
steveaz01w,Azura Stevens,2023,LAS,35,,True,0.241,0.371,,False,36.0,1254.0
hatarbe01w,Bernadett Hatar,2023,CON,6,,False,-2.229,-3.429,,False,,
laneybe01w,Betnijah Laney-Hamilton,2023,NYL,40,10.0,True,3.759,3.924,3.453,False,13.0,325.0
stewabr01w,Breanna Stewart,2023,NYL,40,10.0,True,9.125,10.564,6.452,False,2.0,27.0
turnebr01w,Brianna Turner,2023,PHO,40,,True,-1.9,-2.923,,False,77.0,2498.0
carlebr01w,Bridget Carleton,2023,MIN,38,3.0,True,-2.953,-2.887,-3.074,False,99.0,2976.0
jonesbr01w,Brionna Jones,2023,CON,13,,False,2.892,4.449,,False,,
grinebr01w,Brittney Griner,2023,PHO,31,,True,1.378,2.12,,False,28.0,851.0
sykesbr01w,Brittney Sykes,2023,WAS,40,2.0,True,2.038,3.056,0.146,False,22.0,673.0
parkeca01w,Candace Parker,2023,LVA,18,,False,1.156,1.779,,False,,
francca01w,Cayla George,2023,LVA,32,8.0,True,-3.219,-3.059,-3.517,True,102.0,3055.0
graych01w,Chelsea Gray,2023,LVA,40,8.0,True,6.792,6.466,7.397,True,5.0,89.0
parkech01w,Cheyenne Parker-Tyus,2023,ATL,40,2.0,True,1.449,2.757,-0.98,False,26.0,822.0
ogwumch01w,Chiney Ogwumike,2023,LAS,10,,False,-0.276,-0.424,,False,,
vandeco01w,Courtney Vandersloot,2023,NYL,39,10.0,True,3.643,4.355,2.32,False,14.0,346.0
willico01w,Courtney Williams,2023,CHI,40,2.0,True,0.343,1.443,-1.7,False,34.0,1212.0
dangecr01w,Crystal Dangerfield,2023,DAL,35,5.0,True,-0.547,0.322,-2.16,False,45.0,1597.0
goreecy01w,Cyesha Goree,2023,WAS,10,,False,-1.834,-2.821,,False,,
evansda02w,Dana Evans,2023,CHI,39,2.0,True,-1.16,-0.637,-2.131,False,61.0,1980.0
robinda01w,Danielle Robinson,2023,ATL,32,2.0,True,-1.915,-1.169,-3.301,False,78.0,2507.0
bonnede01w,DeWanna Bonner,2023,CON,40,7.0,True,4.559,4.824,4.066,False,10.0,240.0
hambyde01w,Dearica Hamby,2023,LAS,40,,True,-0.065,-0.099,,False,38.0,1386.0
hendede01w,Destanni Henderson,2023,"LAS,PHO",15,,False,-1.759,-2.706,,False,,
carridi01w,DiJonai Carrington,2023,CON,32,6.0,True,-0.925,-0.221,-2.233,False,54.0,1827.0
milledi03w,Diamond Miller,2023,MIN,32,3.0,True,-0.823,0.197,-2.717,False,50.0,1776.0
tauradi01w,Diana Taurasi,2023,PHO,26,,False,0.96,1.478,,False,,
juhasdo01w,Dorka Juhász,2023,MIN,38,3.0,True,-1.644,-1.085,-2.68,False,71.0,2311.0
fankadu01w,Dulcy Fankam Mendjiadeu,2023,SEA,34,,True,-1.53,-2.354,,False,68.0,2227.0
delleel01w,Elena Delle Donne,2023,WAS,23,2.0,False,1.905,3.273,-0.633,False,,
williel01w,Elizabeth Williams,2023,CHI,40,2.0,True,-0.472,0.423,-2.135,False,43.0,1570.0
engstem01w,Emily Engstler,2023,MIN,12,,False,-2.141,-3.293,,False,,
cannoem01w,Emma Cannon,2023,IND,30,,True,-1.113,-1.712,,False,58.0,1942.0
princep01w,Epiphanny Prince,2023,NYL,10,,False,-2.263,-3.481,,False,,
wheeler01w,Erica Wheeler,2023,IND,40,,True,-0.049,-0.075,,False,37.0,1377.0
westbev01w,Evina Westbrook,2023,"LAS,PHO",18,,False,-2.531,-3.894,,False,,
magbeez01w,Ezi Magbegor,2023,SEA,40,,True,1.159,1.782,,False,30.0,914.0
williga01w,Gabby Williams,2023,SEA,10,,False,-0.224,-0.345,,False,,
bergegr01w,Grace Berger,2023,IND,36,,True,-1.588,-2.442,,False,70.0,2266.0
jonesha01w,Haley Jones,2023,ATL,40,1.0,True,-2.743,-2.266,-3.628,False,93.0,2920.0
xuha01w,Han Xu,2023,NYL,8,,False,-2.509,-3.859,,False,,
ruperil01w,Iliana Rupert,2023,ATL,20,1.0,False,-3.612,-3.364,-4.072,False,,
dojkiiv01w,Ivana Dojkić,2023,SEA,23,,False,-0.883,-1.358,,False,,
youngja01w,Jackie Young,2023,LVA,40,9.0,True,7.632,6.856,9.073,True,4.0,60.0
melboja01w,Jade Melbourne,2023,SEA,29,,True,-2.062,-3.172,,False,80.0,2612.0
dickeja01w,Jasmine Dickey,2023,DAL,14,,False,-2.361,-3.632,,False,,
thomaja01w,Jasmine Thomas,2023,LAS,32,,True,-2.134,-3.283,,False,82.0,2659.0
simmsje01w,Jennie Simms,2023,PHO,6,,False,-2.144,-3.299,,False,,
shepaje01w,Jessica Shepard,2023,MIN,21,,False,0.314,0.483,,False,,
loydje01w,Jewell Loyd,2023,SEA,38,,True,3.033,4.667,,False,16.0,438.0
willojo01w,Jocelyn Willoughby,2023,NYL,29,3.0,True,-3.984,-3.771,-4.381,False,105.0,3227.0
jonesjo01w,Jonquel Jones,2023,NYL,40,10.0,True,4.417,3.897,5.383,False,11.0,251.0
horstjo02w,Jordan Horston,2023,SEA,36,,True,-0.892,-1.372,,False,52.0,1810.0
canadjo01w,Jordin Canada,2023,LAS,38,,True,1.123,1.728,,False,31.0,927.0
holmejo02w,Joyner Holmes,2023,"LAS,SEA",34,,True,-1.774,-2.73,,False,73.0,2404.0
sissoka01w,Kadi Sissoko,2023,PHO,40,,True,-2.464,-3.79,,False,86.0,2825.0
coppeka01w,Kahleah Copper,2023,CHI,38,2.0,True,2.069,3.156,0.049,False,21.0,662.0
charlka01w,Kaila Charles,2023,SEA,4,,False,-2.498,-3.843,,False,,
brownka01w,Kalani Brown,2023,DAL,32,5.0,True,-0.576,0.076,-1.786,False,46.0,1618.0
samueka01w,Karlie Samuelson,2023,LAS,34,,True,-0.514,-0.791,,False,44.0,1575.0
traylka01w,Kayana Traylor,2023,MIN,8,,False,-2.676,-4.117,,False,,
mcbrika01w,Kayla McBride,2023,MIN,38,3.0,True,0.281,0.831,-0.739,False,35.0,1239.0
thornka01w,Kayla Thornton,2023,NYL,40,10.0,True,-1.73,-1.193,-2.728,False,72.0,2383.0
mitchke01w,Kelsey Mitchell,2023,IND,40,,True,1.37,2.107,,False,29.0,855.0
plumke01w,Kelsey Plum,2023,LVA,39,9.0,True,7.719,7.034,8.991,True,3.0,56.0
hillskh01w,Khaalia Hillsman,2023,CHI,1,,False,-2.949,-4.536,,False,,
nurseki01w,Kia Nurse,2023,SEA,40,,True,-1.349,-2.076,,False,66.0,2105.0
stokeki01w,Kiah Stokes,2023,LVA,40,8.0,True,-1.13,-1.453,-0.531,True,59.0,1955.0
bellki01w,Kierstan Bell,2023,LVA,36,8.0,True,-2.881,-2.514,-3.564,True,95.0,2952.0
tolivkr01w,Kristi Toliver,2023,WAS,11,,False,-1.903,-2.928,,False,,
anigwkr01w,Kristine Anigwe,2023,"CHI,CON",13,,False,-2.227,-3.425,,False,,
wallakr01w,Kristy Wallace,2023,IND,37,,True,-1.085,-1.67,,False,55.0,1926.0
amihela01w,Laeticia Amihere,2023,ATL,21,1.0,False,-3.679,-3.356,-4.279,False,,
coxla01w,Lauren Cox,2023,CON,1,,False,-2.949,-4.536,,False,,
clarela01w,Layshia Clarendon,2023,LAS,24,,False,0.479,0.737,,False,,
brownle05w,Leigha Brown,2023,CON,25,2.0,False,-4.126,-3.936,-4.479,False,,
brownle02w,Lexie Brown,2023,LAS,12,,False,0.663,1.02,,False,,
hullle01w,Lexie Hull,2023,IND,30,,True,-1.553,-2.389,,False,69.0,2240.0
mengli01w,Li Meng,2023,WAS,34,2.0,True,-2.678,-2.084,-3.783,False,91.0,2896.0
allenli01w,Lindsay Allen,2023,MIN,29,,True,-0.851,-1.309,,False,51.0,1789.0
harpeli01w,Linnae Harper,2023,WAS,14,,False,-2.506,-3.856,,False,,
dixonli01w,Liz Dixon,2023,"CON,PHO",14,,False,-2.317,-3.565,,False,,
cubajlo01w,Lorela Cubaj,2023,ATL,3,,False,-2.6,-4.0,,False,,
siegrma01w,Maddy Siegrist,2023,DAL,39,4.0,True,-2.894,-2.665,-3.32,False,96.0,2956.0
willima10w,Madi Williams,2023,PHO,5,,False,-2.408,-3.705,,False,,
mabrema01w,Marina Mabrey,2023,CHI,39,2.0,True,0.781,2.07,-1.612,False,33.0,1055.0
johanma01w,Marine Johannes,2023,NYL,35,9.0,True,-1.348,-0.491,-2.941,False,65.0,2103.0
caldwma01w,Maya Caldwell,2023,IND,30,,True,-2.37,-3.646,,False,84.0,2774.0
gustame01w,Megan Gustafson,2023,PHO,34,,True,-0.902,-1.388,,False,53.0,1816.0
russeme01w,Mercedes Russell,2023,SEA,37,,True,-1.253,-1.928,,False,63.0,2041.0
onyenmi01w,Michaela Onyenwere,2023,PHO,40,,True,-1.138,-1.75,,False,60.0,1963.0
billimo01w,Monique Billings,2023,ATL,39,2.0,True,-2.072,-1.583,-2.981,False,81.0,2624.0
bertsmo01w,Morgan Bertsch,2023,CHI,28,1.0,True,-2.968,-2.463,-3.906,False,100.0,2981.0
jeffemo01w,Moriah Jefferson,2023,PHO,39,,True,-0.798,-1.227,,False,49.0,1757.0
hinesmy01w,Myisha Hines-Allen,2023,WAS,35,2.0,True,-1.217,-1.196,-1.256,False,62.0,2014.0
smithna01w,NaLyssa Smith,2023,IND,31,,True,1.559,2.398,,False,25.0,795.0
collina01w,Napheesa Collier,2023,MIN,37,3.0,True,3.227,4.417,1.017,False,15.0,405.0
cloudna01w,Natasha Cloud,2023,WAS,37,2.0,True,1.593,2.091,0.67,False,24.0,785.0
howarna01w,Natasha Howard,2023,DAL,39,5.0,True,3.974,5.085,1.912,False,12.0,298.0
hiedena01w,Natisha Hiedeman,2023,CON,40,7.0,True,-0.335,0.361,-1.628,False,40.0,1504.0
hillmna01w,Naz Hillmon,2023,ATL,40,2.0,True,-2.647,-2.115,-3.634,False,90.0,2891.0
cloudni01w,Nia Clouden,2023,LAS,5,,False,-2.293,-3.527,,False,,
coffeni01w,Nia Coffey,2023,ATL,31,,True,-0.411,-0.632,,False,42.0,1541.0
milicni01w,Nikolina Milic,2023,MIN,39,3.0,True,-2.51,-1.929,-3.588,False,88.0,2843.0
ogwumnn01w,Nneka Ogwumike,2023,LAS,36,,True,2.936,4.517,,False,17.0,459.0
sabalny01w,Nyara Sabally,2023,NYL,33,4.0,True,-3.416,-2.942,-4.297,False,103.0,3109.0
simsod01w,Odyssey Sims,2023,DAL,28,5.0,True,-2.727,-3.008,-2.204,False,92.0,2909.0
nelsool01w,Olivia Nelson-Ododa,2023,CON,39,7.0,True,-1.839,-1.597,-2.288,False,75.0,2447.0
egboqu01w,Queen Egbo,2023,"IND,WAS",37,2.0,True,-2.48,-1.774,-3.789,False,87.0,2829.0
banhara01w,Rachel Banham,2023,MIN,32,3.0,True,-2.524,-2.127,-3.262,False,89.0,2845.0
burrera01w,Rae Burrell,2023,LAS,29,,True,-1.864,-2.867,,False,76.0,2463.0
allenre01w,Rebecca Allen,2023,CON,40,6.0,True,-0.752,-0.947,-0.391,False,48.0,1722.0
gardnre01w,Rebekah Gardner,2023,CHI,3,,False,-0.346,-0.532,,False,,
howarrh01w,Rhyne Howard,2023,ATL,39,2.0,True,2.533,3.532,0.677,False,19.0,559.0
parksro01w,Robyn Parks,2023,CHI,37,2.0,True,-3.156,-2.807,-3.805,False,101.0,3036.0
hebarru01w,Ruthy Hebard,2023,CHI,19,2.0,False,-3.012,-2.466,-4.028,False,,
ionessa01w,Sabrina Ionescu,2023,NYL,36,10.0,True,5.582,6.72,3.468,False,7.0,160.0
thomasa01w,Sam Thomas,2023,PHO,1,,False,-2.807,-4.319,,False,,
whitcsa01w,Sami Whitcomb,2023,SEA,40,,True,-0.307,-0.472,,False,39.0,1493.0
sabalsa01w,Satou Sabally,2023,DAL,38,5.0,True,5.32,6.472,3.18,False,9.0,170.0
austish01w,Shakira Austin,2023,WAS,19,,False,0.571,0.879,,False,,
walkesh01w,Shatori Walker-Kimbrough,2023,WAS,40,2.0,True,-2.21,-1.548,-3.439,False,83.0,2697.0
peddysh01w,Shey Peddy,2023,PHO,18,,False,-1.428,-2.197,,False,,
konesi01w,Sika Koné,2023,CHI,20,2.0,False,-2.906,-2.439,-3.774,False,,
cunniso01w,Sophie Cunningham,2023,PHO,31,,True,-0.39,-0.6,,False,41.0,1533.0
dolsost01w,Stefanie Dolson,2023,NYL,23,10.0,False,-2.536,-1.928,-3.665,False,,
suttosu01w,Sug Sutton,2023,PHO,40,,True,-1.11,-1.708,,False,57.0,1941.0
colsosy01w,Sydney Colson,2023,LVA,28,7.0,True,-3.917,-3.717,-4.288,True,104.0,3215.0
mikesta01w,Taylor Mikesell,2023,ATL,6,,False,-2.137,-3.288,,False,,
souleta01w,Taylor Soule,2023,CHI,15,1.0,False,-4.358,-4.216,-4.622,False,,
mccowte01w,Teaira McCowan,2023,DAL,30,5.0,True,2.813,3.021,2.426,False,18.0,483.0
hawkiti01w,Tianna Hawkins,2023,WAS,40,2.0,True,-1.109,-0.198,-2.8,False,56.0,1939.0
hayesti01w,Tiffany Hayes,2023,CON,40,7.0,True,1.982,2.163,1.647,False,23.0,687.0
mitchti01w,Tiffany Mitchell,2023,MIN,33,3.0,True,-1.937,-1.422,-2.893,False,79.0,2526.0
harrity01w,Tyasha Harris,2023,CON,40,7.0,True,-1.309,-1.523,-0.913,False,64.0,2086.0
burtove01w,Veronica Burton,2023,DAL,40,5.0,True,-2.863,-2.582,-3.383,False,94.0,2943.0
saxtovi01w,Victaria Saxton,2023,IND,15,,False,-2.575,-3.962,,False,,
viviavi01w,Victoria Vivians,2023,IND,38,,True,-1.353,-2.082,,False,67.0,2109.0
turneyv01w,Yvonne Turner,2023,SEA,21,,False,-2.093,-3.22,,False,,
cookezi01w,Zia Cooke,2023,LAS,39,,True,-1.79,-2.754,,False,74.0,2414.0
wilsoa01w,A'ja Wilson,2024,LVA,38,6.0,True,9.03,10.795,5.752,False,2.0,30.0
edwaraa01w,Aaliyah Edwards,2024,WAS,34,,True,-0.415,-0.638,,False,45.0,1545.0
mcdonaa01w,Aari McDonald,2024,LAS,26,,False,-0.662,-1.018,,False,,
powerae01w,Aerial Powers,2024,ATL,17,,False,-0.367,-0.565,,False,,
smithal01w,Alanna Smith,2024,MIN,39,12.0,True,2.031,2.474,1.207,False,24.0,674.0
pilial01w,Alissa Pili,2024,MIN,22,3.0,False,-3.688,-3.271,-4.462,False,,
bostoal01w,Aliyah Boston,2024,IND,40,2.0,True,1.703,2.587,0.06,False,28.0,744.0
grayal01w,Allisha Gray,2024,ATL,40,2.0,True,1.623,2.596,-0.185,False,31.0,772.0
clarkal01w,Alysha Clark,2024,LVA,40,6.0,True,-0.855,-0.506,-1.503,False,52.0,1793.0
thomaal01w,Alyssa Thomas,2024,CON,40,7.0,True,4.822,5.086,4.333,False,6.0,220.0
atwelam01w,Amy Atwell,2024,PHO,6,1.0,False,-3.706,-3.333,-4.398,False,,
reesean01w,Angel Reese,2024,CHI,34,,True,1.837,2.826,,False,26.0,720.0
atkinar01w,Ariel Atkins,2024,WAS,40,,True,1.009,1.552,,False,35.0,971.0
ogunbar01w,Arike Ogunbowale,2024,DAL,38,,True,1.843,2.835,,False,25.0,717.0
ndouras01w,Astou Ndour-Fall,2024,CON,22,3.0,False,-4.213,-3.967,-4.668,False,,
steveaz01w,Azura Stevens,2024,LAS,20,,False,-0.095,-0.146,,False,,
laneybe01w,Betnijah Laney-Hamilton,2024,NYL,28,11.0,True,2.647,3.276,1.479,True,16.0,528.0
stewabr01w,Breanna Stewart,2024,NYL,38,11.0,True,9.57,9.064,10.51,True,1.0,22.0
turnebr01w,Brianna Turner,2024,CHI,27,,False,-2.393,-3.682,,False,,
carlebr01w,Bridget Carleton,2024,MIN,39,12.0,True,1.427,1.863,0.616,False,33.0,831.0
jonesbr01w,Brionna Jones,2024,CON,40,7.0,True,2.345,3.584,0.045,False,19.0,597.0
grinebr01w,Brittney Griner,2024,PHO,30,2.0,True,2.069,3.357,-0.324,False,23.0,661.0
sykesbr01w,Brittney Sykes,2024,WAS,18,,False,0.765,1.177,,False,,
bicklca01w,Caitlin Bickle,2024,CON,8,3.0,False,-4.699,-4.64,-4.809,False,,
clarkca02w,Caitlin Clark,2024,IND,40,2.0,True,3.332,4.901,0.418,False,14.0,391.0
brinkca01w,Cameron Brink,2024,LAS,15,,False,-0.484,-0.744,,False,,
zandace01w,Cecilia Zandalasini,2024,MIN,40,11.0,True,-2.509,-2.042,-3.378,False,82.0,2842.0
tayloce01w,Celeste Taylor,2024,"CON,IND,PHO",22,2.0,False,-3.479,-3.256,-3.893,False,,
osborch02w,Charisma Osborne,2024,PHO,2,,False,-2.636,-4.056,,False,,
graych01w,Chelsea Gray,2024,LVA,27,6.0,False,0.81,1.023,0.416,False,,
cartech01w,Chennedy Carter,2024,CHI,33,,True,1.652,2.542,,False,30.0,763.0
parkech01w,Cheyenne Parker-Tyus,2024,ATL,25,,False,0.073,0.112,,False,,
vandeco01w,Courtney Vandersloot,2024,NYL,31,11.0,True,0.122,0.063,0.233,True,41.0,1297.0
willico01w,Courtney Williams,2024,MIN,40,12.0,True,3.343,3.356,3.319,False,13.0,388.0
dangecr01w,Crystal Dangerfield,2024,"ATL,LAS",33,,True,-1.921,-2.956,,False,71.0,2514.0
dantada01w,Damiris Dantas,2024,IND,20,2.0,False,-2.728,-2.422,-3.296,False,,
evansda02w,Dana Evans,2024,CHI,39,,True,-0.996,-1.532,,False,54.0,1866.0
bonnede01w,DeWanna Bonner,2024,CON,40,7.0,True,4.173,4.636,3.313,False,7.0,280.0
hambyde01w,Dearica Hamby,2024,LAS,40,,True,1.683,2.59,,False,29.0,751.0
hendede01w,Destanni Henderson,2024,ATL,6,,False,-1.509,-2.321,,False,,
richadi01w,DiDi Richards,2024,WAS,19,,False,-2.19,-3.369,,False,,
carridi01w,DiJonai Carrington,2024,CON,39,7.0,True,2.644,3.172,1.663,False,17.0,530.0
deshidi01w,Diamond DeShields,2024,CHI,32,,True,-1.688,-2.597,,False,69.0,2347.0
milledi03w,Diamond Miller,2024,MIN,21,6.0,False,-3.478,-2.935,-4.488,False,,
tauradi01w,Diana Taurasi,2024,PHO,36,2.0,True,0.813,1.577,-0.606,False,37.0,1041.0
juhasdo01w,Dorka Juhász,2024,MIN,34,7.0,True,-2.093,-1.254,-3.65,False,74.0,2633.0
fankadu01w,Dulcy Fankam Mendjiadeu,2024,SEA,7,,False,-2.574,-3.96,,False,,
fairdy01w,Dyaisha Fair,2024,LVA,1,,False,-3.016,-4.64,,False,,
williel01w,Elizabeth Williams,2024,CHI,9,,False,0.475,0.731,,False,,
engstem01w,Emily Engstler,2024,WAS,32,,True,-0.818,-1.259,,False,50.0,1772.0
cannoem01w,Emma Cannon,2024,LVA,5,,False,-2.703,-4.158,,False,,
wheeler01w,Erica Wheeler,2024,IND,39,2.0,True,-3.245,-2.808,-4.056,False,90.0,3061.0
magbeez01w,Ezi Magbegor,2024,SEA,37,1.0,True,1.772,3.191,-0.863,False,27.0,731.0
kaluez01w,Ezinne Kalu,2024,ATL,1,,False,-2.202,-3.388,,False,,
williga01w,Gabby Williams,2024,SEA,12,2.0,False,0.79,1.424,-0.388,False,,
bergegr01w,Grace Berger,2024,IND,11,1.0,False,-3.581,-3.175,-4.335,False,,
jonesha01w,Haley Jones,2024,ATL,40,2.0,True,-2.735,-2.284,-3.574,False,84.0,2917.0
harriis01w,Isabelle Harrison,2024,CHI,36,,True,-1.024,-1.576,,False,55.0,1882.0
dojkiiv01w,Ivana Dojkić,2024,NYL,26,2.0,False,-3.335,-2.917,-4.11,True,,
youngja01w,Jackie Young,2024,LVA,37,6.0,True,3.743,4.793,1.792,False,10.0,328.0
sheldja01w,Jacy Sheldon,2024,DAL,40,,True,-1.93,-2.969,,False,72.0,2522.0
melboja01w,Jade Melbourne,2024,WAS,37,,True,-1.397,-2.149,,False,60.0,2143.0
brownja06w,Jaelyn Brown,2024,DAL,14,,False,-2.126,-3.271,,False,,
brownja07w,Jakia Brown-Turner,2024,WAS,2,,False,-2.706,-4.164,,False,,
sherrja01w,Jaylyn Sherrod,2024,NYL,10,2.0,False,-3.962,-3.667,-4.511,True,,
carteje02w,Jessika Carter,2024,LVA,2,,False,-3.016,-4.64,,False,,
loydje01w,Jewell Loyd,2024,SEA,37,2.0,True,3.602,5.735,-0.359,False,11.0,349.0
jonesjo01w,Jonquel Jones,2024,NYL,39,11.0,True,7.042,6.415,8.207,True,5.0,79.0
horstjo02w,Jordan Horston,2024,SEA,39,2.0,True,-0.986,-0.154,-2.532,False,53.0,1860.0
canadjo01w,Jordin Canada,2024,ATL,20,2.0,False,0.166,1.232,-1.813,False,,
holmejo02w,Joyner Holmes,2024,SEA,27,1.0,False,-3.305,-2.828,-4.192,False,,
vanloju01w,Julie Vanloo,2024,WAS,40,,True,-0.799,-1.23,,False,49.0,1760.0
daviska01w,Kaela Davis,2024,CHI,4,,False,-2.181,-3.356,,False,,
coppeka01w,Kahleah Copper,2024,PHO,37,2.0,True,2.188,3.556,-0.353,False,20.0,626.0
brownka01w,Kalani Brown,2024,DAL,39,,True,-1.303,-2.004,,False,59.0,2079.0
cardoka01w,Kamilla Cardoso,2024,CHI,32,,True,0.425,0.654,,False,40.0,1172.0
samueka01w,Karlie Samuelson,2024,WAS,29,,True,-0.544,-0.837,,False,46.0,1595.0
martika01w,Kate Martin,2024,LVA,34,1.0,True,-3.467,-3.027,-4.286,False,92.0,3118.0
samueka02w,Katie Lou Samuelson,2024,IND,37,1.0,True,-2.994,-2.476,-3.956,False,87.0,2994.0
mcbrika01w,Kayla McBride,2024,MIN,39,12.0,True,3.959,4.29,3.345,False,8.0,300.0
thornka01w,Kayla Thornton,2024,NYL,40,11.0,True,-1.597,-0.904,-2.885,True,68.0,2273.0
mitchke01w,Kelsey Mitchell,2024,IND,40,2.0,True,1.599,2.736,-0.511,False,32.0,784.0
plumke01w,Kelsey Plum,2024,LVA,38,6.0,True,3.937,4.914,2.122,False,9.0,302.0
burkeke01w,Kennedy Burke,2024,NYL,38,6.0,True,-2.957,-2.537,-3.737,True,85.0,2977.0
nurseki01w,Kia Nurse,2024,LAS,40,,True,-1.445,-2.223,,False,62.0,2177.0
stokeki01w,Kiah Stokes,2024,LVA,39,4.0,True,-2.971,-2.594,-3.671,False,86.0,2985.0
williki02w,Kiana Williams,2024,SEA,13,,False,-2.75,-4.231,,False,,
bellki01w,Kierstan Bell,2024,LVA,6,1.0,False,-3.457,-3.067,-4.182,False,,
wallakr01w,Kristy Wallace,2024,IND,26,1.0,False,-2.815,-2.215,-3.929,False,,
gondrky01w,Kysre Gondrezick,2024,CHI,5,,False,-2.699,-4.152,,False,,
amihela01w,Laeticia Amihere,2024,ATL,16,1.0,False,-3.888,-3.881,-3.9,False,,
clarela01w,Layshia Clarendon,2024,LAS,21,,False,-1.475,-2.269,,False,,
fiebile01w,Leonie Fiebich,2024,NYL,40,11.0,True,1.395,0.147,3.713,True,34.0,846.0
brownle02w,Lexie Brown,2024,LAS,16,,False,-0.623,-0.959,,False,,
hullle01w,Lexie Hull,2024,IND,34,2.0,True,-2.397,-2.025,-3.088,False,78.0,2788.0
yueruli01w,Li Yueru,2024,LAS,38,,True,-1.543,-2.374,,False,66.0,2235.0
allenli01w,Lindsay Allen,2024,CHI,40,,True,-0.768,-1.182,,False,48.0,1734.0
dixonli01w,Liz Dixon,2024,PHO,17,,False,-2.223,-3.42,,False,,
cubajlo01w,Lorela Cubaj,2024,ATL,28,2.0,True,-3.939,-3.767,-4.259,False,95.0,3220.0
lopezlo01w,Lou Lopez Sénéchal,2024,DAL,27,,False,-2.729,-4.199,,False,,
siegrma01w,Maddy Siegrist,2024,DAL,27,,False,-0.788,-1.213,,False,,
mabrema01w,Marina Mabrey,2024,"CHI,CON",40,7.0,True,2.46,2.709,1.997,False,18.0,575.0
davisma05w,Marquesha Davis,2024,NYL,20,1.0,False,-4.116,-4.0,-4.332,True,,
caldwma01w,Maya Caldwell,2024,ATL,25,2.0,False,-2.688,-2.103,-3.774,False,,
gustame01w,Megan Gustafson,2024,LVA,38,4.0,True,-3.028,-2.446,-4.109,False,88.0,3002.0
russeme01w,Mercedes Russell,2024,SEA,37,2.0,True,-2.281,-1.971,-2.856,False,77.0,2728.0
onyenmi01w,Michaela Onyenwere,2024,CHI,34,,True,-1.217,-1.872,,False,57.0,2015.0
harrimi01w,Mikiah Herbert Harrigan,2024,PHO,31,2.0,True,-3.677,-3.293,-4.389,False,94.0,3170.0
billimo01w,Monique Billings,2024,"DAL,PHO",37,2.0,True,-1.584,-0.932,-2.796,False,67.0,2262.0
bertsmo01w,Morgan Bertsch,2024,"DAL,PHO",11,,False,-2.376,-3.656,,False,,
jeffemo01w,Moriah Jefferson,2024,"CHI,CON",23,,False,-2.465,-3.792,,False,,
hinesmy01w,Myisha Hines-Allen,2024,"MIN,WAS",40,11.0,True,-0.845,-0.141,-2.153,False,51.0,1786.0
smithna01w,NaLyssa Smith,2024,IND,40,2.0,True,-0.733,0.493,-3.009,False,47.0,1708.0
collina01w,Napheesa Collier,2024,MIN,34,12.0,True,8.441,8.495,8.34,False,3.0,40.0
cloudna01w,Natasha Cloud,2024,PHO,38,2.0,True,0.915,1.046,0.671,False,36.0,1002.0
howarna01w,Natasha Howard,2024,DAL,27,,False,1.065,1.639,,False,,
mackna01w,Natasha Mack,2024,PHO,40,2.0,True,-2.399,-2.121,-2.915,False,79.0,2790.0
hiedena01w,Natisha Hiedeman,2024,MIN,40,12.0,True,-1.449,-1.414,-1.513,False,63.0,2179.0
hillmna01w,Naz Hillmon,2024,ATL,40,2.0,True,-1.519,-1.043,-2.404,False,64.0,2222.0
coffeni01w,Nia Coffey,2024,ATL,40,2.0,True,-3.068,-2.734,-3.687,False,89.0,3008.0
muhlni01w,Nika Mühl,2024,SEA,16,,False,-2.871,-4.416,,False,,
ogwumnn01w,Nneka Ogwumike,2024,SEA,37,2.0,True,3.514,5.242,0.306,False,12.0,364.0
sabalny01w,Nyara Sabally,2024,NYL,26,9.0,False,-1.35,-1.233,-1.566,True,,
simsod01w,Odyssey Sims,2024,"DAL,LAS",24,,False,0.713,1.096,,False,,
nelsool01w,Olivia Nelson-Ododa,2024,CON,37,7.0,True,-2.583,-2.324,-3.063,False,83.0,2865.0
epoupol01w,Olivia Époupa,2024,MIN,17,4.0,False,-3.997,-3.685,-4.576,False,,
egboqu01w,Queen Egbo,2024,"CON,LAS,LVA",8,1.0,False,-4.067,-3.786,-4.588,False,,
banhara01w,Rachel Banham,2024,"CHI,CON",37,,True,-1.25,-1.924,,False,58.0,2040.0
burrera01w,Rae Burrell,2024,LAS,37,,True,-1.537,-2.365,,False,65.0,2231.0
allenre01w,Rebecca Allen,2024,PHO,18,,False,-0.819,-1.26,,False,,
howarrh01w,Rhyne Howard,2024,ATL,30,2.0,True,2.164,3.261,0.127,False,21.0,635.0
jacksri02w,Rickea Jackson,2024,LAS,40,,True,-0.054,-0.084,,False,44.0,1380.0
ionessa01w,Sabrina Ionescu,2024,NYL,38,11.0,True,7.864,7.491,8.556,True,4.0,52.0
whitcsa01w,Sami Whitcomb,2024,SEA,40,1.0,True,-2.446,-1.703,-3.827,False,81.0,2818.0
sabalsa01w,Satou Sabally,2024,DAL,15,,False,2.415,3.716,,False,,
uzunse01w,Sevgi Uzun,2024,DAL,40,,True,-1.861,-2.863,,False,70.0,2459.0
austish01w,Shakira Austin,2024,WAS,12,,False,0.749,1.152,,False,,
walkesh01w,Shatori Walker-Kimbrough,2024,WAS,40,,True,-1.044,-1.606,,False,56.0,1896.0
konesi01w,Sika Koné,2024,"MIN,WAS",27,,False,-1.701,-2.617,,False,,
diggisk01w,Skylar Diggins,2024,SEA,40,2.0,True,2.755,4.208,0.056,False,15.0,496.0
cunniso01w,Sophie Cunningham,2024,PHO,40,2.0,True,-1.429,-0.877,-2.454,False,61.0,2158.0
dolsost01w,Stefanie Dolson,2024,WAS,39,,True,0.028,0.043,,False,43.0,1338.0
soarest01w,Stephanie Soares,2024,DAL,22,,False,-2.483,-3.821,,False,,
talbost01w,Stephanie Talbot,2024,LAS,37,,True,-1.961,-3.017,,False,73.0,2545.0
suttosu01w,Sug Sutton,2024,"PHO,WAS",29,,True,-2.107,-3.242,,False,75.0,2644.0
colsosy01w,Sydney Colson,2024,LVA,31,6.0,True,-3.659,-3.289,-4.347,False,93.0,3163.0
souleta01w,Taylor Soule,2024,MIN,2,,False,-2.935,-4.516,,False,,
mccowte01w,Teaira McCowan,2024,DAL,39,,True,0.119,0.183,,False,42.0,1299.0
fagbete01w,Temi Fagbenle,2024,IND,22,2.0,False,-1.712,-1.1,-2.851,False,,
hayesti01w,Tiffany Hayes,2024,LVA,33,6.0,True,0.552,0.81,0.072,False,38.0,1123.0
mitchti01w,Tiffany Mitchell,2024,CON,24,,False,-1.344,-2.067,,False,,
charlti01w,Tina Charles,2024,ATL,39,2.0,True,2.076,3.349,-0.29,False,22.0,659.0
harrity01w,Tyasha Harris,2024,CON,39,5.0,True,0.494,1.781,-1.896,False,39.0,1149.0
burtove01w,Veronica Burton,2024,CON,31,7.0,True,-2.402,-2.273,-2.644,False,80.0,2795.0
saxtovi01w,Victaria Saxton,2024,IND,9,1.0,False,-4.401,-4.268,-4.646,False,,
viviavi01w,Victoria Vivians,2024,SEA,35,1.0,True,-3.256,-2.756,-4.184,False,91.0,3064.0
cookezi01w,Zia Cooke,2024,LAS,29,,True,-2.115,-3.253,,False,76.0,2647.0
wilsoa01w,A'ja Wilson,2025,LVA,40,12.0,True,10.836,9.168,13.933,True,1.0,14.0
edwaraa01w,Aaliyah Edwards,2025,"CON,WAS",36,,True,-1.39,-2.139,,False,70.0,2136.0
nyeaa01w,Aaliyah Nye,2025,LVA,44,6.0,True,-3.522,-2.877,-4.721,True,100.0,3132.0
mcdonaa01w,Aari McDonald,2025,IND,20,,False,0.778,1.197,,False,,
powerae01w,Aerial Powers,2025,"GSV,IND",10,8.0,False,-1.581,-0.456,-3.672,False,,
pettyaj01w,Ajae Petty,2025,DAL,2,,False,-3.221,-4.955,,False,,
smithal01w,Alanna Smith,2025,MIN,42,6.0,True,1.62,2.84,-0.647,False,23.0,773.0
princal01w,Alexis Prince,2025,PHO,1,,False,-1.295,-1.992,,False,,
pilial01w,Alissa Pili,2025,"LAS,MIN",19,,False,-2.447,-3.764,,False,,
bostoal01w,Aliyah Boston,2025,IND,44,8.0,True,4.292,5.001,2.976,False,13.0,264.0
grayal01w,Allisha Gray,2025,ATL,42,3.0,True,5.681,7.755,1.83,False,5.0,151.0
clarkal01w,Alysha Clark,2025,"SEA,WAS",42,,True,-1.7,-2.615,,False,77.0,2355.0
thomaal01w,Alyssa Thomas,2025,PHO,39,11.0,True,7.215,7.018,7.582,False,3.0,74.0
okonkam01w,Amy Okonkwo,2025,DAL,8,,False,0.209,0.321,,False,,
kosuan01w,Anastasiia Kosu,2025,MIN,21,3.0,False,-4.245,-4.101,-4.513,False,,
morroan02w,Aneesah Morrow,2025,CON,41,,True,-0.955,-1.469,,False,62.0,1841.0
reesean01w,Angel Reese,2025,CHI,30,,False,2.018,3.104,,False,,
atkinar01w,Ariel Atkins,2025,CHI,34,,True,0.26,0.399,,False,42.0,1247.0
ogunbar01w,Arike Ogunbowale,2025,DAL,29,,False,0.641,0.987,,False,,
jamesaz01w,Aziaha James,2025,DAL,38,,True,-1.271,-1.955,,False,66.0,2054.0
steveaz01w,Azura Stevens,2025,LAS,44,,True,1.13,1.738,,False,30.0,923.0
stewabr01w,Breanna Stewart,2025,NYL,31,3.0,True,4.558,6.376,1.18,False,10.0,241.0
hallbr01w,Bree Hall,2025,"GSV,IND",4,4.0,False,-4.657,-4.617,-4.733,False,,
hartlbr01w,Bria Hartley,2025,CON,38,,True,-1.253,-1.928,,False,65.0,2042.0
turnebr01w,Brianna Turner,2025,IND,27,8.0,False,-3.802,-3.98,-3.472,False,,
carlebr01w,Bridget Carleton,2025,MIN,44,6.0,True,-0.272,0.554,-1.806,False,48.0,1476.0
jonesbr01w,Brionna Jones,2025,ATL,44,3.0,True,3.111,4.892,-0.197,False,16.0,422.0
grinebr01w,Brittney Griner,2025,ATL,39,3.0,True,0.319,1.771,-2.378,False,41.0,1225.0
sykesbr01w,Brittney Sykes,2025,"SEA,WAS",39,3.0,True,0.403,1.934,-2.44,False,39.0,1182.0
clarkca02w,Caitlin Clark,2025,IND,13,,False,3.765,5.793,,False,,
brinkca01w,Cameron Brink,2025,LAS,19,,False,-1.274,-1.96,,False,,
tayloca01w,Camryn Taylor,2025,MIN,6,2.0,False,-4.79,-4.643,-5.062,False,,
leiteca01w,Carla Leite,2025,GSV,37,2.0,True,-1.829,-0.863,-3.622,False,81.0,2437.0
zandace01w,Cecilia Zandalasini,2025,GSV,19,2.0,False,0.106,0.819,-1.217,False,,
graych01w,Chelsea Gray,2025,LVA,44,12.0,True,3.378,2.603,4.818,True,15.0,379.0
parkech01w,Cheyenne Parker-Tyus,2025,LVA,2,6.0,False,-2.065,-1.207,-3.659,True,,
bibbych01w,Chloe Bibby,2025,"GSV,IND",14,,False,-1.593,-2.45,,False,,
willich01w,Christyn Williams,2025,DAL,4,,False,-2.0,-3.077,,False,,
vandeco01w,Courtney Vandersloot,2025,CHI,7,,False,0.594,0.914,,False,,
willico01w,Courtney Williams,2025,MIN,44,6.0,True,4.812,5.543,3.454,False,9.0,222.0
bradfcr01w,Crystal Bradford,2025,LVA,4,,False,-2.815,-4.331,,False,,
dantada01w,Damiris Dantas,2025,IND,38,,True,-1.51,-2.322,,False,72.0,2215.0
evansda02w,Dana Evans,2025,LVA,44,12.0,True,-0.598,-1.363,0.821,True,52.0,1629.0
bonnede01w,DeWanna Bonner,2025,"IND,PHO",33,11.0,True,0.774,0.65,1.004,False,35.0,1058.0
hambyde01w,Dearica Hamby,2025,LAS,44,,True,2.737,4.211,,False,17.0,500.0
carridi01w,DiJonai Carrington,2025,"DAL,MIN",31,2.0,True,-0.95,-0.223,-2.302,False,61.0,1839.0
milledi03w,Diamond Miller,2025,"DAL,MIN",40,,True,-1.811,-2.786,,False,80.0,2428.0
malondo01w,Dominique Malonga,2025,SEA,42,3.0,True,-0.91,-0.369,-1.914,False,58.0,1819.0
kitleel01w,Elizabeth Kitley,2025,LVA,12,,False,-2.756,-4.24,,False,,
williel01w,Elizabeth Williams,2025,CHI,43,,True,-0.621,-0.955,,False,54.0,1641.0
engstem01w,Emily Engstler,2025,WAS,40,,True,-1.67,-2.57,,False,76.0,2333.0
cannoem01w,Emma Cannon,2025,LAS,21,,False,-1.794,-2.76,,False,,
meessem01w,Emma Meesseman,2025,NYL,17,3.0,False,1.524,3.242,-1.666,False,,
wheeler01w,Erica Wheeler,2025,SEA,44,3.0,True,-0.169,0.753,-1.883,False,46.0,1436.0
magbeez01w,Ezi Magbegor,2025,SEA,44,3.0,True,-0.761,0.307,-2.746,False,55.0,1727.0
williga01w,Gabby Williams,2025,SEA,44,3.0,True,0.599,1.791,-1.615,False,37.0,1113.0
bergegr01w,Grace Berger,2025,"DAL,LAS",19,,False,-1.656,-2.548,,False,,
vanliha01w,Hailey Van Lith,2025,CHI,29,,False,-2.16,-3.323,,False,,
jonesha01w,Haley Jones,2025,"DAL,PHO",28,,False,-0.92,-1.415,,False,,
peterha01w,Haley Peters,2025,CON,33,,True,-2.485,-3.822,,False,92.0,2831.0
ruperil01w,Iliana Rupert,2025,GSV,21,2.0,False,-0.391,0.772,-2.55,False,,
harriis01w,Isabelle Harrison,2025,NYL,34,1.0,True,-2.636,-2.035,-3.752,False,93.0,2887.0
quinejj01w,JJ Quinerly,2025,DAL,34,,True,-1.313,-2.021,,False,68.0,2088.0
youngja01w,Jackie Young,2025,LVA,44,12.0,True,6.78,5.087,9.924,True,4.0,91.0
sheldja01w,Jacy Sheldon,2025,"CON,WAS",30,,False,-1.402,-2.157,,False,,
melboja01w,Jade Melbourne,2025,WAS,43,,True,-1.285,-1.978,,False,67.0,2063.0
brownja06w,Jaelyn Brown,2025,CON,10,,False,-2.218,-3.412,,False,,
salauja01w,Janelle Salaün,2025,GSV,36,2.0,True,1.087,2.203,-0.988,False,31.0,935.0
sherrja01w,Jaylyn Sherrod,2025,"MIN,NYL",26,2.0,False,-4.554,-4.333,-4.963,False,,
shepaje01w,Jessica Shepard,2025,MIN,40,6.0,True,1.086,2.209,-1.0,False,32.0,936.0
loydje01w,Jewell Loyd,2025,LVA,44,12.0,True,1.507,1.306,1.881,True,26.0,805.0
jonesjo01w,Jonquel Jones,2025,NYL,31,3.0,True,2.658,4.414,-0.603,False,18.0,524.0
canadjo01w,Jordin Canada,2025,ATL,28,3.0,False,1.83,3.294,-0.89,False,,
holmejo02w,Joyner Holmes,2025,LVA,6,,False,-2.884,-4.437,,False,,
allemju01w,Julie Allemand,2025,LAS,34,,True,-0.811,-1.247,,False,56.0,1767.0
vanloju01w,Julie Vanloo,2025,"GSV,LAS",35,,True,-2.159,-3.321,,False,87.0,2672.0
coppeka01w,Kahleah Copper,2025,PHO,28,11.0,False,3.515,3.155,4.184,False,,
charlka01w,Kaila Charles,2025,"DAL,GSV",35,2.0,True,-1.902,-1.161,-3.278,False,84.0,2500.0
chenka01w,Kaitlyn Chen,2025,GSV,24,1.0,False,-4.047,-3.791,-4.523,False,,
brownka01w,Kalani Brown,2025,PHO,29,3.0,False,-2.229,-1.548,-3.494,False,,
smallka01w,Kamiah Smalls,2025,ATL,3,,False,-3.301,-5.079,,False,,
cardoka01w,Kamilla Cardoso,2025,CHI,40,,True,0.963,1.482,,False,33.0,988.0
diabyka01w,Kariata Diaby,2025,CON,13,,False,-2.598,-3.996,,False,,
samueka01w,Karlie Samuelson,2025,MIN,16,,False,-1.828,-2.813,,False,,
martika01w,Kate Martin,2025,GSV,42,2.0,True,-1.872,-1.307,-2.923,False,82.0,2473.0
westbka01w,Kathryn Westbeld,2025,PHO,43,11.0,True,-2.197,-1.852,-2.838,False,88.0,2691.0
mcbrika01w,Kayla McBride,2025,MIN,39,6.0,True,4.331,4.593,3.845,False,12.0,258.0
thornka01w,Kayla Thornton,2025,GSV,22,,False,2.297,3.533,,False,,
mitchke01w,Kelsey Mitchell,2025,IND,44,8.0,True,4.87,5.419,3.85,False,8.0,216.0
plumke01w,Kelsey Plum,2025,LAS,43,,True,2.507,3.856,,False,19.0,563.0
burkeke01w,Kennedy Burke,2025,NYL,36,3.0,True,-1.24,-0.242,-3.092,False,64.0,2031.0
nurseki01w,Kia Nurse,2025,CHI,44,,True,-1.471,-2.263,,False,71.0,2189.0
stokeki01w,Kiah Stokes,2025,LVA,40,9.0,True,-3.997,-3.537,-4.853,True,103.0,3229.0
williki02w,Kiana Williams,2025,PHO,11,2.0,False,-3.385,-2.862,-4.356,False,,
bellki01w,Kierstan Bell,2025,LVA,35,12.0,True,-2.899,-2.689,-3.29,True,95.0,2961.0
iriafki01w,Kiki Iriafen,2025,WAS,44,,True,1.323,2.036,,False,27.0,869.0
laksaki01w,Kitija Laksa,2025,PHO,33,2.0,True,-2.691,-1.966,-4.037,False,94.0,2898.0
linskky01w,Kyara Linskens,2025,GSV,4,,False,-2.759,-4.244,,False,,
lambeky01w,Kyra Lambert,2025,IND,1,,False,-3.301,-5.079,,False,,
amihela01w,Laeticia Amihere,2025,GSV,29,1.0,False,-2.182,-1.34,-3.746,False,,
fiebile01w,Leonie Fiebich,2025,NYL,37,3.0,True,-0.38,0.755,-2.488,False,50.0,1528.0
heldle01w,Lexi Held,2025,PHO,32,2.0,True,-2.911,-2.276,-4.09,False,96.0,2964.0
brownle02w,Lexie Brown,2025,SEA,24,1.0,False,-4.013,-3.781,-4.444,False,,
hullle01w,Lexie Hull,2025,IND,44,8.0,True,-0.232,-0.224,-0.249,False,47.0,1459.0
lacanle01w,Leïla Lacan,2025,CON,25,,False,-0.526,-0.809,,False,,
yueruli01w,Li Yueru,2025,"DAL,SEA",31,,True,-0.978,-1.505,,False,63.0,1855.0
kingli01w,Liatu King,2025,"DAL,LAS",14,,False,-2.199,-3.382,,False,,
allenli01w,Lindsay Allen,2025,CON,31,,True,-2.39,-3.677,,False,90.0,2783.0
olsenlu01w,Lucy Olsen,2025,WAS,41,,True,-1.948,-2.996,,False,85.0,2537.0
geiselu01w,Luisa Geiselsöder,2025,DAL,28,,False,-0.965,-1.484,,False,,
holmema01w,Mackenzie Holmes,2025,SEA,10,1.0,False,-4.556,-4.345,-4.95,False,,
siegrma01w,Maddy Siegrist,2025,DAL,26,,False,-0.019,-0.029,,False,,
westbma01w,Maddy Westbeld,2025,CHI,26,,False,-1.893,-2.913,,False,,
scottma01w,Madison Scott,2025,WAS,9,,False,-2.847,-4.38,,False,,
timpsma01w,Makayla Timpson,2025,IND,31,8.0,True,-3.582,-3.424,-3.875,False,101.0,3143.0
tourma01w,Mamignan Touré,2025,CON,18,,False,-2.766,-4.256,,False,,
vadeema01w,Maria Kliundikova,2025,MIN,34,5.0,True,-2.445,-2.027,-3.222,False,91.0,2817.0
mabrema01w,Marina Mabrey,2025,CON,35,,True,0.053,0.082,,False,43.0,1324.0
johanma01w,Marine Johannes,2025,NYL,44,1.0,True,-2.027,-1.146,-3.663,False,86.0,2586.0
badiama02w,Marième Badiane,2025,MIN,3,,False,-3.241,-4.986,,False,,
davisma05w,Marquesha Davis,2025,"CHI,NYL",11,,False,-2.958,-4.551,,False,,
caldwma01w,Maya Caldwell,2025,ATL,41,3.0,True,-1.783,-0.872,-3.474,False,78.0,2408.0
gustame01w,Megan Gustafson,2025,LVA,20,10.0,False,-3.388,-3.297,-3.557,True,,
mcconme01w,Megan McConnell,2025,PHO,1,,False,-1.892,-2.911,,False,,
russeme01w,Mercedes Russell,2025,LAS,20,,False,-2.567,-3.95,,False,,
onyenmi01w,Michaela Onyenwere,2025,CHI,42,,True,-1.541,-2.371,,False,73.0,2234.0
akoamo01w,Monique Akoa Makani,2025,PHO,41,11.0,True,-0.28,-0.121,-0.576,False,49.0,1479.0
billimo01w,Monique Billings,2025,GSV,26,2.0,False,-1.273,-0.519,-2.672,False,,
jeffemo01w,Moriah Jefferson,2025,CHI,5,,False,-2.543,-3.913,,False,,
musamu01w,Murjanatu Musa,2025,PHO,12,,False,-1.867,-2.873,,False,,
hinesmy01w,Myisha Hines-Allen,2025,DAL,40,,True,-0.606,-0.933,,False,53.0,1635.0
smithna01w,NaLyssa Smith,2025,"DAL,LVA",45,12.0,True,-0.015,-0.395,0.691,True,44.0,1359.0
collina01w,Napheesa Collier,2025,MIN,33,5.0,True,8.347,10.101,5.088,False,2.0,43.0
cloudna01w,Natasha Cloud,2025,NYL,41,3.0,True,1.258,2.301,-0.679,False,28.0,880.0
howarna01w,Natasha Howard,2025,IND,44,8.0,True,1.602,2.327,0.255,False,25.0,782.0
mackna01w,Natasha Mack,2025,PHO,34,11.0,True,-1.654,-1.232,-2.437,False,75.0,2318.0
hiedena01w,Natisha Hiedeman,2025,MIN,44,6.0,True,0.371,1.058,-0.906,False,40.0,1197.0
hillmna01w,Naz Hillmon,2025,ATL,44,3.0,True,1.617,2.608,-0.224,False,24.0,776.0
coffeni01w,Nia Coffey,2025,ATL,44,3.0,True,-2.968,-2.281,-4.244,False,97.0,2980.0
ogwumnn01w,Nneka Ogwumike,2025,SEA,44,3.0,True,3.485,5.135,0.421,False,14.0,368.0
sabalny01w,Nyara Sabally,2025,NYL,17,1.0,False,-2.132,-1.281,-3.714,False,,
simsod01w,Odyssey Sims,2025,"IND,LAS",24,8.0,False,0.696,0.497,1.065,False,,
nelsool01w,Olivia Nelson-Ododa,2025,CON,37,,True,-0.923,-1.419,,False,59.0,1826.0
bueckpa01w,Paige Bueckers,2025,DAL,36,,True,2.066,3.178,,False,22.0,665.0
banhara01w,Rachel Banham,2025,CHI,44,,True,-0.939,-1.444,,False,60.0,1833.0
burrera01w,Rae Burrell,2025,LAS,28,,False,-1.02,-1.569,,False,,
marshra02w,Rayah Marshall,2025,CON,15,,False,-2.62,-4.031,,False,,
allenre01w,Rebecca Allen,2025,CHI,44,,True,-1.795,-2.762,,False,79.0,2418.0
gardnre01w,Rebekah Gardner,2025,NYL,41,3.0,True,-3.329,-2.74,-4.423,False,99.0,3086.0
howarrh01w,Rhyne Howard,2025,ATL,33,3.0,True,5.059,7.137,1.199,False,6.0,197.0
jacksri02w,Rickea Jackson,2025,LAS,38,,True,0.637,0.981,,False,36.0,1102.0
parksro01w,Robyn Parks,2025,CON,6,,False,-2.972,-4.572,,False,,
ionessa01w,Sabrina Ionescu,2025,NYL,38,3.0,True,4.402,6.403,0.685,False,11.0,255.0
whitcsa01w,Sami Whitcomb,2025,PHO,43,11.0,True,-0.062,0.577,-1.25,False,45.0,1384.0
feagisa01w,Sania Feagin,2025,LAS,16,,False,-2.87,-4.415,,False,,
riversa01w,Saniya Rivers,2025,CON,42,,True,-1.355,-2.084,,False,69.0,2111.0
barkesa01w,Sarah Ashlee Barker,2025,LAS,34,,True,-2.241,-3.448,,False,89.0,2713.0
sabalsa01w,Satou Sabally,2025,PHO,39,10.0,True,4.907,4.625,5.43,False,7.0,209.0
sundese01w,Serena Sundell,2025,DAL,3,,False,-3.248,-4.996,,False,,
uzunse01w,Sevgi Uzun,2025,"CHI,PHO",25,,False,-2.078,-3.197,,False,,
austish01w,Shakira Austin,2025,WAS,38,,True,0.881,1.355,,False,34.0,1017.0
walkesh01w,Shatori Walker-Kimbrough,2025,ATL,41,2.0,True,-4.228,-3.829,-4.969,False,104.0,3247.0
peddysh01w,Shey Peddy,2025,"IND,LAS",15,8.0,False,-2.164,-1.892,-2.669,False,,
konesi01w,Sika Koné,2025,"ATL,WAS",19,2.0,False,-4.453,-4.197,-4.929,False,,
diggisk01w,Skylar Diggins,2025,SEA,43,3.0,True,2.176,3.518,-0.316,False,21.0,632.0
citroso01w,Sonia Citron,2025,WAS,44,,True,1.205,1.853,,False,29.0,900.0
cunniso01w,Sophie Cunningham,2025,IND,30,,False,0.101,0.155,,False,,
dolsost01w,Stefanie Dolson,2025,WAS,43,,True,-1.878,-2.889,,False,83.0,2476.0
talbost01w,Stephanie Talbot,2025,"GSV,NYL",38,1.0,True,-3.25,-2.719,-4.237,False,98.0,3063.0
suttosu01w,Sug Sutton,2025,WAS,43,,True,-0.819,-1.26,,False,57.0,1773.0
colsosy01w,Sydney Colson,2025,IND,30,,False,-2.183,-3.358,,False,,
thierta01w,Taylor Thierry,2025,ATL,17,1.0,False,-4.968,-4.85,-5.189,False,,
paopate01w,Te-Hina PaoPao,2025,ATL,43,3.0,True,-1.636,-1.015,-2.79,False,74.0,2307.0
mccowte01w,Teaira McCowan,2025,DAL,17,,False,-1.06,-1.631,,False,,
fagbete01w,Temi Fagbenle,2025,GSV,39,1.0,True,-0.415,0.534,-2.177,False,51.0,1544.0
hayesti01w,Tiffany Hayes,2025,GSV,26,,False,1.657,2.549,,False,,
mitchti01w,Tiffany Mitchell,2025,"LVA,SEA",39,1.0,True,-3.671,-3.381,-4.209,False,102.0,3168.0
charlti01w,Tina Charles,2025,CON,43,,True,0.523,0.804,,False,38.0,1138.0
harrity01w,Tyasha Harris,2025,DAL,5,,False,-1.525,-2.346,,False,,
burtove01w,Veronica Burton,2025,GSV,44,2.0,True,2.447,3.736,0.052,False,20.0,577.0
anderyv01w,Yvonne Anderson,2025,MIN,1,,False,-3.12,-4.8,,False,,
cookezi01w,Zia Cooke,2025,SEA,26,1.0,False,-3.764,-3.419,-4.405,False,,
