player_id,player,first_season,last_season,qualified_seasons,career_cv,career_rank,best_season,best_season_cv,model_version,data_revision
jordami01,Michael Jordan,1985,2003,13,74.75,1,1996,14.293,2.1.1,2026-09-30
jamesle01,LeBron James,2004,2026,19,73.43,2,2012,14.164,2.1.1,2026-09-30
onealsh01,Shaquille O'Neal,1993,2009,14,64.96,3,2000,14.978,2.1.1,2026-09-30
abdulka01,Kareem Abdul-Jabbar,1970,1989,20,62.29,4,1971,13.349,2.1.1,2026-09-30
duncati01,Tim Duncan,1998,2016,19,60.93,5,2003,12.809,2.1.1,2026-09-30
bryanko01,Kobe Bryant,1997,2016,18,59.18,6,2001,11.696,2.1.1,2026-09-30
duranke01,Kevin Durant,2008,2026,14,58.42,7,2017,11.59,2.1.1,2026-09-30
curryst01,Stephen Curry,2010,2025,12,57.96,8,2017,12.823,2.1.1,2026-09-30
chambwi01,Wilt Chamberlain,1960,1973,13,56.97,9,1967,13.516,2.1.1,2026-09-30
birdla01,Larry Bird,1980,1991,11,56.96,10,1986,13.13,2.1.1,2026-09-30
russebi01,Bill Russell,1958,1969,12,52.08,11,1965,10.056,2.1.1,2026-09-30
antetgi01,Giannis Antetokounmpo,2014,2025,12,50.65,12,2021,12.178,2.1.1,2026-09-30
malonka01,Karl Malone,1986,2003,18,50.6,13,1998,10.974,2.1.1,2026-09-30
olajuha01,Hakeem Olajuwon,1985,2002,15,48.79,14,1994,11.898,2.1.1,2026-09-30
ervinju01,Julius Erving,1972,1987,16,48.29,15,1974,11.476,2.1.1,2026-09-30
johnsma02,Magic Johnson,1980,1991,11,47.95,16,1987,10.665,2.1.1,2026-09-30
wadedw01,Dwyane Wade,2004,2019,13,46.66,17,2006,11.359,2.1.1,2026-09-30
hardeja01,James Harden,2010,2026,16,46.59,18,2018,10.982,2.1.1,2026-09-30
pippesc01,Scottie Pippen,1988,2003,15,45.85,19,1992,9.49,2.1.1,2026-09-30
jokicni01,Nikola Jokić,2016,2026,11,45.55,20,2023,12.019,2.1.1,2026-09-30
tatumja01,Jayson Tatum,2018,2025,8,44.73,21,2024,10.454,2.1.1,2026-09-30
pettibo01,Bob Pettit,1955,1964,10,43.17,22,1959,10.339,2.1.1,2026-09-30
nowitdi01,Dirk Nowitzki,1999,2018,18,43.01,23,2006,10.683,2.1.1,2026-09-30
leonaka01,Kawhi Leonard,2012,2026,11,41.94,24,2019,10.074,2.1.1,2026-09-30
westje01,Jerry West,1961,1973,11,41.21,25,1970,9.126,2.1.1,2026-09-30
westbru01,Russell Westbrook,2009,2026,17,40.89,26,2016,10.581,2.1.1,2026-09-30
robinda01,David Robinson,1990,2003,13,40.82,27,1995,10.027,2.1.1,2026-09-30
malonmo01,Moses Malone,1975,1992,17,40.45,28,1983,11.877,2.1.1,2026-09-30
iversal01,Allen Iverson,1997,2008,11,38.77,29,2001,10.793,2.1.1,2026-09-30
doncilu01,Luka Dončić,2019,2026,7,37.74,30,2024,10.79,2.1.1,2026-09-30
havlijo01,John Havlicek,1963,1978,16,37.62,31,1974,8.952,2.1.1,2026-09-30
barryri01,Rick Barry,1966,1980,12,37.57,32,1975,11.553,2.1.1,2026-09-30
bayloel01,Elgin Baylor,1959,1969,10,37.04,33,1963,9.355,2.1.1,2026-09-30
garneke01,Kevin Garnett,1996,2013,17,36.87,34,2004,10.484,2.1.1,2026-09-30
gilgesh01,Shai Gilgeous-Alexander,2019,2026,6,36.73,35,2025,13.341,2.1.1,2026-09-30
parketo01,Tony Parker,2002,2017,15,36.46,36,2013,8.269,2.1.1,2026-09-30
ewingpa01,Patrick Ewing,1987,2002,15,36.33,37,1994,9.457,2.1.1,2026-09-30
barklch01,Charles Barkley,1985,1999,14,36.21,38,1993,9.416,2.1.1,2026-09-30
embiijo01,Joel Embiid,2018,2023,5,35.39,39,2021,8.569,2.1.1,2026-09-30
thomais01,Isiah Thomas,1982,1994,12,35.28,40,1990,8.067,2.1.1,2026-09-30
mcginge01,George McGinnis,1972,1982,11,35.05,41,1975,9.576,2.1.1,2026-09-30
thompkl01,Klay Thompson,2012,2026,12,34.97,42,2015,8.024,2.1.1,2026-09-30
drexlcl01,Clyde Drexler,1984,1998,13,34.92,43,1992,9.388,2.1.1,2026-09-30
cowenda01,Dave Cowens,1971,1980,9,34.9,44,1976,9.734,2.1.1,2026-09-30
hayesel01,Elvin Hayes,1969,1984,16,34.86,45,1975,8.544,2.1.1,2026-09-30
gilmoar01,Artis Gilmore,1972,1988,16,34.77,46,1975,10.202,2.1.1,2026-09-30
cousybo01,Bob Cousy,1952,1963,12,34.66,47,1957,8.678,2.1.1,2026-09-30
brownja02,Jaylen Brown,2017,2026,10,33.83,48,2024,7.881,2.1.1,2026-09-30
piercpa01,Paul Pierce,1999,2016,17,33.81,49,2008,8.214,2.1.1,2026-09-30
mchalke01,Kevin McHale,1981,1993,12,33.45,50,1986,9.394,2.1.1,2026-09-30
howardw01,Dwight Howard,2005,2022,16,33.42,51,2009,8.548,2.1.1,2026-09-30
roberos01,Oscar Robertson,1961,1974,14,33.28,52,1971,8.199,2.1.1,2026-09-30
brunsja01,Jalen Brunson,2019,2026,8,33.26,53,2026,9.906,2.1.1,2026-09-30
mikange01,George Mikan,1952,1954,3,33.24,54,1952,12.21,2.1.1,2026-09-30
georgpa01,Paul George,2011,2024,10,32.6,55,2021,8.16,2.1.1,2026-09-30
jonessa01,Sam Jones,1958,1969,12,32.42,56,1965,8.592,2.1.1,2026-09-30
davisan02,Anthony Davis,2013,2024,8,32.19,57,2020,10.543,2.1.1,2026-09-30
heinsto01,Tom Heinsohn,1957,1965,9,31.77,58,1957,7.201,2.1.1,2026-09-30
schaydo01,Dolph Schayes,1952,1963,12,31.58,59,1955,8.047,2.1.1,2026-09-30
worthja01,James Worthy,1983,1994,11,31.3,60,1987,6.923,2.1.1,2026-09-30
gasolpa01,Pau Gasol,2002,2018,15,30.91,61,2010,8.567,2.1.1,2026-09-30
hamilri01,Richard Hamilton,2000,2009,10,30.9,62,2004,7.622,2.1.1,2026-09-30
billuch01,Chauncey Billups,1998,2011,13,30.87,63,2004,7.134,2.1.1,2026-09-30
paulch01,Chris Paul,2006,2025,19,30.39,64,2018,7.089,2.1.1,2026-09-30
parisro01,Robert Parish,1977,1996,20,30.37,65,1984,7.094,2.1.1,2026-09-30
irvinky01,Kyrie Irving,2012,2024,10,30.23,66,2017,8.154,2.1.1,2026-09-30
gervige01,George Gervin,1974,1986,13,30.07,67,1982,7.783,2.1.1,2026-09-30
wilkido01,Dominique Wilkins,1983,1997,13,29.95,68,1987,7.996,2.1.1,2026-09-30
dandrbo01,Bob Dandridge,1970,1979,10,29.88,69,1971,7.014,2.1.1,2026-09-30
anthoca01,Carmelo Anthony,2004,2022,17,29.87,70,2013,8.6,2.1.1,2026-09-30
mcgratr01,Tracy McGrady,1998,2012,12,29.8,71,2005,7.656,2.1.1,2026-09-30
mitchdo01,Donovan Mitchell,2018,2026,8,29.8,72,2025,6.966,2.1.1,2026-09-30
fraziwa01,Walt Frazier,1968,1977,10,28.61,73,1970,7.204,2.1.1,2026-09-30
johnske02,Kevin Johnson,1988,1997,7,28.6,74,1989,7.369,2.1.1,2026-09-30
isselda01,Dan Issel,1971,1985,15,28.45,75,1973,8.092,2.1.1,2026-09-30
nashst01,Steve Nash,1997,2012,15,28.15,76,2005,7.458,2.1.1,2026-09-30
lillada01,Damian Lillard,2013,2025,12,27.72,77,2019,7.384,2.1.1,2026-09-30
willigu01,Gus Williams,1976,1986,10,27.64,78,1979,6.925,2.1.1,2026-09-30
greendr01,Draymond Green,2013,2026,11,27.48,79,2016,6.619,2.1.1,2026-09-30
ginobma01,Manu Ginóbili,2003,2018,14,27.38,80,2005,7.582,2.1.1,2026-09-30
butleji01,Jimmy Butler,2013,2024,11,27.21,81,2015,6.374,2.1.1,2026-09-30
paytoga01,Gary Payton,1991,2007,17,27.17,82,1997,6.836,2.1.1,2026-09-30
mcadobo01,Bob McAdoo,1973,1985,10,26.73,83,1975,8.766,2.1.1,2026-09-30
stoudam01,Amar'e Stoudemire,2003,2015,9,26.7,84,2005,8.696,2.1.1,2026-09-30
townska01,Karl-Anthony Towns,2016,2026,8,26.59,85,2026,8.003,2.1.1,2026-09-30
cartevi01,Vince Carter,1999,2020,21,26.42,86,2001,6.913,2.1.1,2026-09-30
aldrila01,LaMarcus Aldridge,2007,2020,14,26.26,87,2015,6.748,2.1.1,2026-09-30
mournal01,Alonzo Mourning,1993,2007,11,26.18,88,2000,6.77,2.1.1,2026-09-30
kiddja01,Jason Kidd,1995,2013,18,26.13,89,2003,8.182,2.1.1,2026-09-30
johnsde01,Dennis Johnson,1977,1990,14,25.99,90,1986,6.121,2.1.1,2026-09-30
kempsh01,Shawn Kemp,1990,2003,14,25.87,91,1996,7.326,2.1.1,2026-09-30
boozeca01,Carlos Boozer,2003,2015,10,25.78,92,2007,7.011,2.1.1,2026-09-30
moncrsi01,Sidney Moncrief,1980,1991,9,25.38,93,1984,7.024,2.1.1,2026-09-30
bookede01,Devin Booker,2016,2026,9,25.26,94,2021,7.894,2.1.1,2026-09-30
webbech01,Chris Webber,1994,2007,10,25.21,95,2001,8.388,2.1.1,2026-09-30
griffbl01,Blake Griffin,2011,2019,8,25.16,96,2015,7.677,2.1.1,2026-09-30
allenra02,Ray Allen,1997,2014,15,25.1,97,2008,6.327,2.1.1,2026-09-30
millere01,Reggie Miller,1988,2005,18,25.01,98,1995,5.436,2.1.1,2026-09-30
boshch01,Chris Bosh,2004,2014,11,24.65,99,2011,6.28,2.1.1,2026-09-30
wilkeja01,Jamaal Wilkes,1975,1984,9,24.52,100,1980,5.984,2.1.1,2026-09-30
arizipa01,Paul Arizin,1952,1962,9,24.51,101,1956,9.234,2.1.1,2026-09-30
murraja01,Jamal Murray,2017,2026,8,24.48,102,2023,7.133,2.1.1,2026-09-30
stockjo01,John Stockton,1985,2003,19,24.47,103,1997,5.681,2.1.1,2026-09-30
loveke01,Kevin Love,2009,2023,12,24.28,104,2014,6.189,2.1.1,2026-09-30
whitejo01,Jo Jo White,1970,1980,10,24.12,105,1976,6.572,2.1.1,2026-09-30
chambto01,Tom Chambers,1982,1995,14,24.05,106,1989,8.094,2.1.1,2026-09-30
danieme01,Mel Daniels,1968,1975,8,23.9,107,1973,5.21,2.1.1,2026-09-30
holidjr01,Jrue Holiday,2010,2025,14,23.82,108,2021,5.984,2.1.1,2026-09-30
edwaran01,Anthony Edwards,2021,2026,6,23.8,109,2024,7.777,2.1.1,2026-09-30
johnsma01,Marques Johnson,1978,1986,9,23.79,110,1983,6.26,2.1.1,2026-09-30
hardaan01,Anfernee Hardaway,1994,2004,9,23.74,111,1996,6.65,2.1.1,2026-09-30
cummite01,Terry Cummings,1983,1999,15,23.69,112,1985,6.742,2.1.1,2026-09-30
middlkh01,Khris Middleton,2014,2026,9,23.53,113,2021,7.876,2.1.1,2026-09-30
reedwi01,Willis Reed,1965,1973,8,23.14,114,1970,8.723,2.1.1,2026-09-30
foustla01,Larry Foust,1952,1962,11,23.1,115,1954,6.936,2.1.1,2026-09-30
hagancl01,Cliff Hagan,1957,1968,11,23.07,116,1959,7.039,2.1.1,2026-09-30
johnsne01,Neil Johnston,1952,1958,7,23.01,117,1956,8.866,2.1.1,2026-09-30
grantho01,Horace Grant,1988,2002,15,22.62,118,1992,5.527,2.1.1,2026-09-30
siakapa01,Pascal Siakam,2018,2026,9,22.55,119,2019,5.935,2.1.1,2026-09-30
englial01,Alex English,1977,1991,15,22.44,120,1985,6.402,2.1.1,2026-09-30
lowryky01,Kyle Lowry,2008,2024,15,22.39,121,2016,6.036,2.1.1,2026-09-30
laniebo01,Bob Lanier,1971,1984,12,22.29,122,1974,6.748,2.1.1,2026-09-30
sikmaja01,Jack Sikma,1978,1991,14,22.25,123,1982,6.467,2.1.1,2026-09-30
willide01,Deron Williams,2006,2017,12,22.13,124,2008,5.497,2.1.1,2026-09-30
dantlad01,Adrian Dantley,1977,1989,11,21.93,125,1984,6.799,2.1.1,2026-09-30
sharmbi01,Bill Sharman,1952,1961,10,21.84,126,1957,7.02,2.1.1,2026-09-30
derozde01,DeMar DeRozan,2010,2026,17,21.83,127,2017,6.442,2.1.1,2026-09-30
dumarjo01,Joe Dumars,1986,1999,14,21.81,128,1989,5.907,2.1.1,2026-09-30
hillgr01,Grant Hill,1995,2012,13,21.81,129,1997,6.149,2.1.1,2026-09-30
aguirma01,Mark Aguirre,1983,1992,10,21.72,130,1988,6.564,2.1.1,2026-09-30
mariosh01,Shawn Marion,2001,2014,14,21.46,131,2006,6.108,2.1.1,2026-09-30
beatyze01,Zelmo Beaty,1963,1975,11,21.36,132,1971,7.953,2.1.1,2026-09-30
yardlge01,George Yardley,1954,1960,7,21.33,133,1956,5.489,2.1.1,2026-09-30
greerha01,Hal Greer,1959,1972,14,21.31,134,1967,7.284,2.1.1,2026-09-30
hardati01,Tim Hardaway,1990,2002,11,21.16,135,1997,6.116,2.1.1,2026-09-30
lovelcl01,Clyde Lovellette,1954,1963,9,21.1,136,1955,4.997,2.1.1,2026-09-30
lucasma01,Maurice Lucas,1975,1988,14,20.94,137,1977,8.816,2.1.1,2026-09-30
thompda01,David Thompson,1976,1983,7,20.84,138,1977,6.171,2.1.1,2026-09-30
stojape01,Peja Stojaković,1999,2010,11,20.65,139,2004,5.744,2.1.1,2026-09-30
wallara01,Rasheed Wallace,1996,2010,15,20.64,140,2002,4.642,2.1.1,2026-09-30
randoza01,Zach Randolph,2003,2018,13,20.24,141,2013,5.438,2.1.1,2026-09-30
randlju01,Julius Randle,2016,2026,10,20.18,142,2023,5.968,2.1.1,2026-09-30
daviswa03,Walter Davis,1978,1991,12,19.99,143,1979,5.7,2.1.1,2026-09-30
mikkeve01,Vern Mikkelsen,1952,1959,8,19.48,144,1952,5.992,2.1.1,2026-09-30
laimbbi01,Bill Laimbeer,1981,1993,13,19.43,145,1990,4.404,2.1.1,2026-09-30
macaued01,Ed Macauley,1952,1958,7,19.34,146,1952,6.47,2.1.1,2026-09-30
cunnibi01,Billy Cunningham,1966,1975,9,19.3,147,1973,5.503,2.1.1,2026-09-30
thurmna01,Nate Thurmond,1964,1976,11,19.29,148,1967,6.71,2.1.1,2026-09-30
davisba01,Baron Davis,2000,2011,9,19.26,149,2004,5.148,2.1.1,2026-09-30
scottby01,Byron Scott,1984,1997,14,19.17,150,1988,5.576,2.1.1,2026-09-30
daughbr01,Brad Daugherty,1987,1993,6,19.15,151,1992,6.878,2.1.1,2026-09-30
gasolma01,Marc Gasol,2009,2021,11,19.11,152,2015,5.444,2.1.1,2026-09-30
rondora01,Rajon Rondo,2007,2018,10,19.1,153,2010,4.567,2.1.1,2026-09-30
smithst01,Steve Smith,1992,2004,11,19.04,154,1999,5.088,2.1.1,2026-09-30
portete01,Terry Porter,1986,2002,16,19.02,155,1992,5.649,2.1.1,2026-09-30
schrede01,Detlef Schrempf,1986,2000,15,18.91,156,1996,4.959,2.1.1,2026-09-30
odomla01,Lamar Odom,2000,2013,11,18.89,157,2008,4.913,2.1.1,2026-09-30
kenonla01,Larry Kenon,1974,1982,9,18.89,158,1979,5.04,2.1.1,2026-09-30
westda01,David West,2004,2018,13,18.84,159,2008,5.834,2.1.1,2026-09-30
lewisra02,Rashard Lewis,2000,2014,12,18.84,160,2009,5.932,2.1.1,2026-09-30
lovebo01,Bob Love,1967,1977,10,18.83,161,1975,5.609,2.1.1,2026-09-30
howelba01,Bailey Howell,1960,1971,12,18.72,162,1968,4.63,2.1.1,2026-09-30
walljo01,John Wall,2011,2017,6,18.67,163,2017,5.934,2.1.1,2026-09-30
haywosp01,Spencer Haywood,1970,1982,10,18.47,164,1970,8.724,2.1.1,2026-09-30
denglu01,Luol Deng,2005,2016,11,18.33,165,2007,5.859,2.1.1,2026-09-30
hornaje01,Jeff Hornacek,1987,2000,14,18.31,166,1992,4.437,2.1.1,2026-09-30
walkech01,Chet Walker,1963,1975,13,18.27,167,1967,5.996,2.1.1,2026-09-30
bealbr01,Bradley Beal,2014,2021,7,18.1,168,2021,4.591,2.1.1,2026-09-30
goodrga01,Gail Goodrich,1966,1979,13,18.0,169,1972,7.352,2.1.1,2026-09-30
kingbe01,Bernard King,1978,1991,10,17.98,170,1984,7.105,2.1.1,2026-09-30
youngtr01,Trae Young,2019,2025,6,17.95,171,2021,6.698,2.1.1,2026-09-30
nixonno01,Norm Nixon,1978,1986,9,17.77,172,1982,5.702,2.1.1,2026-09-30
westppa01,Paul Westphal,1973,1984,10,17.77,173,1978,5.033,2.1.1,2026-09-30
cassesa01,Sam Cassell,1994,2007,13,17.63,174,2004,5.942,2.1.1,2026-09-30
walkean02,Antoine Walker,1997,2007,11,17.63,175,2002,6.887,2.1.1,2026-09-30
walkeke02,Kemba Walker,2012,2020,9,17.58,176,2020,6.021,2.1.1,2026-09-30
unselwe01,Wes Unseld,1969,1981,12,17.47,177,1975,4.64,2.1.1,2026-09-30
princta01,Tayshaun Prince,2004,2016,12,17.45,178,2005,4.756,2.1.1,2026-09-30
maxwece01,Cedric Maxwell,1978,1988,10,17.41,179,1981,5.435,2.1.1,2026-09-30
sprewla01,Latrell Sprewell,1993,2005,12,17.36,180,2004,4.989,2.1.1,2026-09-30
cheniph01,Phil Chenier,1972,1977,6,17.34,181,1975,6.319,2.1.1,2026-09-30
debusda01,Dave DeBusschere,1963,1974,11,16.95,182,1973,4.363,2.1.1,2026-09-30
mashbja01,Jamal Mashburn,1994,2003,6,16.91,183,2001,6.232,2.1.1,2026-09-30
pollaji01,Jim Pollard,1952,1955,4,16.9,184,1952,5.832,2.1.1,2026-09-30
martike01,Kenyon Martin,2001,2010,8,16.9,185,2003,6.315,2.1.1,2026-09-30
hawkico01,Connie Hawkins,1968,1976,7,16.77,186,1968,8.153,2.1.1,2026-09-30
goberru01,Rudy Gobert,2015,2026,11,16.77,187,2021,4.685,2.1.1,2026-09-30
pricema01,Mark Price,1987,1998,9,16.74,188,1992,4.984,2.1.1,2026-09-30
lucasje01,Jerry Lucas,1964,1974,11,16.73,189,1965,4.506,2.1.1,2026-09-30
terryja01,Jason Terry,2000,2017,17,16.73,190,2006,4.926,2.1.1,2026-09-30
waltobi01,Bill Walton,1977,1986,4,16.59,191,1977,9.755,2.1.1,2026-09-30
jefferi01,Richard Jefferson,2002,2017,13,16.59,192,2003,4.89,2.1.1,2026-09-30
rosede01,Derrick Rose,2009,2020,6,16.56,193,2011,9.601,2.1.1,2026-09-30
toneyan01,Andrew Toney,1981,1985,5,16.5,194,1983,5.743,2.1.1,2026-09-30
onealje01,Jermaine O'Neal,1998,2010,10,16.42,195,2004,6.582,2.1.1,2026-09-30
smitsri01,Rik Smits,1989,2000,11,16.37,196,1995,4.731,2.1.1,2026-09-30
brownro01,Roger Brown,1968,1974,7,16.32,197,1970,6.291,2.1.1,2026-09-30
adebaba01,Bam Adebayo,2018,2026,8,16.28,198,2020,4.915,2.1.1,2026-09-30
millspa01,Paul Millsap,2007,2021,13,16.16,199,2016,4.796,2.1.1,2026-09-30
horfoal01,Al Horford,2008,2025,15,16.14,200,2015,4.092,2.1.1,2026-09-30
foxde01,De'Aaron Fox,2018,2026,9,16.06,201,2026,5.176,2.1.1,2026-09-30
colemde01,Derrick Coleman,1991,2003,9,15.99,202,1993,5.523,2.1.1,2026-09-30
architi01,Tiny Archibald,1971,1983,10,15.97,203,1973,4.281,2.1.1,2026-09-30
cheekma01,Maurice Cheeks,1979,1991,13,15.88,204,1983,4.486,2.1.1,2026-09-30
mccolcj01,CJ McCollum,2015,2026,10,15.81,205,2019,4.342,2.1.1,2026-09-30
houstal01,Allan Houston,1994,2003,10,15.78,206,1999,4.338,2.1.1,2026-09-30
brandel01,Elton Brand,2000,2014,13,15.75,207,2006,6.815,2.1.1,2026-09-30
ricegl01,Glen Rice,1990,2003,12,15.74,208,1997,4.76,2.1.1,2026-09-30
gallaha01,Harry Gallatin,1952,1958,7,15.73,209,1953,5.004,2.1.1,2026-09-30
finlemi01,Michael Finley,1996,2009,14,15.71,210,2003,4.634,2.1.1,2026-09-30
elliose01,Sean Elliott,1990,1999,8,15.7,211,1996,4.27,2.1.1,2026-09-30
stricro02,Rod Strickland,1989,2004,13,15.54,212,1995,4.771,2.1.1,2026-09-30
nancela01,Larry Nance,1982,1993,12,15.54,212,1992,4.368,2.1.1,2026-09-30
conlemi01,Mike Conley,2009,2025,14,15.51,214,2013,4.985,2.1.1,2026-09-30
wisewi01,Willie Wise,1970,1977,6,15.5,215,1974,4.61,2.1.1,2026-09-30
kerseje01,Jerome Kersey,1985,2000,15,15.37,216,1992,4.29,2.1.1,2026-09-30
artesro01,Metta World Peace,2000,2013,10,15.26,217,2004,6.077,2.1.1,2026-09-30
blaylmo01,Mookie Blaylock,1991,2001,11,15.21,218,1997,5.0,2.1.1,2026-09-30
wallabe01,Ben Wallace,1998,2012,13,15.21,219,2004,5.621,2.1.1,2026-09-30
monroea01,Earl Monroe,1968,1979,11,15.16,220,1969,3.895,2.1.1,2026-09-30
whitede01,Derrick White,2019,2026,7,15.13,221,2024,5.491,2.1.1,2026-09-30
johnsav01,Avery Johnson,1991,2002,11,14.98,222,1999,4.46,2.1.1,2026-09-30
jonesed02,Eddie Jones,1995,2007,12,14.81,223,1998,4.304,2.1.1,2026-09-30
sabondo01,Domantas Sabonis,2017,2025,9,14.75,224,2024,4.202,2.1.1,2026-09-30
ramsefr01,Frank Ramsey,1955,1964,8,14.65,225,1959,4.43,2.1.1,2026-09-30
roundda01,Dan Roundfield,1976,1986,10,14.63,226,1982,4.186,2.1.1,2026-09-30
francst01,Steve Francis,2000,2006,6,14.56,227,2003,4.671,2.1.1,2026-09-30
kukocto01,Toni Kukoč,1994,2006,10,14.54,228,1998,4.84,2.1.1,2026-09-30
mullich01,Chris Mullin,1987,1999,10,14.49,229,1989,4.915,2.1.1,2026-09-30
silaspa01,Paul Silas,1965,1980,15,14.46,230,1976,4.385,2.1.1,2026-09-30
johnsjo02,Joe Johnson,2002,2017,15,14.41,231,2010,4.265,2.1.1,2026-09-30
simmobe01,Ben Simmons,2018,2021,4,14.37,232,2018,5.321,2.1.1,2026-09-30
dragigo01,Goran Dragić,2010,2023,11,14.37,233,2014,3.93,2.1.1,2026-09-30
harrito02,Tobias Harris,2014,2026,13,14.17,234,2021,4.851,2.1.1,2026-09-30
couside01,DeMarcus Cousins,2011,2017,7,14.15,235,2016,4.669,2.1.1,2026-09-30
vandeki01,Kiki Vandeweghe,1982,1992,8,14.13,236,1983,3.985,2.1.1,2026-09-30
willibu01,Buck Williams,1982,1997,16,14.05,237,1983,3.845,2.1.1,2026-09-30
mutomdi01,Dikembe Mutombo,1992,2007,15,13.93,238,1997,3.927,2.1.1,2026-09-30
johnsla02,Larry Johnson,1992,2001,9,13.85,239,1993,4.268,2.1.1,2026-09-30
adamsal01,Alvan Adams,1976,1988,13,13.84,240,1976,4.229,2.1.1,2026-09-30
haywago01,Gordon Hayward,2011,2020,9,13.8,241,2017,5.833,2.1.1,2026-09-30
starkjo01,John Starks,1991,2002,11,13.67,242,1994,5.017,2.1.1,2026-09-30
mcdanxa01,Xavier McDaniel,1986,1997,11,13.64,243,1987,4.702,2.1.1,2026-09-30
knighbi01,Billy Knight,1975,1985,10,13.62,244,1976,5.635,2.1.1,2026-09-30
smithph01,Phil Smith,1975,1983,8,13.61,245,1976,6.254,2.1.1,2026-09-30
scottch01,Charlie Scott,1971,1980,8,13.61,246,1976,4.765,2.1.1,2026-09-30
marbust01,Stephon Marbury,1997,2007,11,13.52,247,2003,4.427,2.1.1,2026-09-30
lewisre01,Reggie Lewis,1989,1993,5,13.44,248,1992,4.747,2.1.1,2026-09-30
hudsolo01,Lou Hudson,1967,1979,11,13.4,249,1973,3.366,2.1.1,2026-09-30
cunnica01,Cade Cunningham,2022,2026,4,13.38,250,2026,7.728,2.1.1,2026-09-30
mingya01,Yao Ming,2003,2009,4,13.32,251,2009,5.151,2.1.1,2026-09-30
robingl01,Glenn Robinson,1995,2003,8,13.3,252,2001,5.49,2.1.1,2026-09-30
rodmade01,Dennis Rodman,1987,1998,10,13.3,253,1996,4.755,2.1.1,2026-09-30
presspa01,Paul Pressey,1983,1991,8,13.29,254,1985,4.793,2.1.1,2026-09-30
arenagi01,Gilbert Arenas,2003,2011,5,13.26,255,2006,6.076,2.1.1,2026-09-30
willike02,Kevin Willis,1985,2003,17,13.24,256,1994,4.838,2.1.1,2026-09-30
richmmi01,Mitch Richmond,1989,2002,12,13.23,257,1995,3.504,2.1.1,2026-09-30
thorpot01,Otis Thorpe,1985,1999,15,13.23,258,1994,4.338,2.1.1,2026-09-30
risenar01,Arnie Risen,1952,1958,6,13.2,259,1952,5.42,2.1.1,2026-09-30
drewjo01,John Drew,1975,1984,9,13.08,260,1979,4.38,2.1.1,2026-09-30
smithjo03,Josh Smith,2005,2015,11,13.06,261,2012,4.607,2.1.1,2026-09-30
bibbymi01,Mike Bibby,1999,2011,11,13.05,262,2002,4.029,2.1.1,2026-09-30
grangda01,Danny Granger,2006,2012,7,13.05,263,2012,4.067,2.1.1,2026-09-30
nattca01,Calvin Natt,1980,1986,7,13.05,264,1985,4.736,2.1.1,2026-09-30
tomjaru01,Rudy Tomjanovich,1971,1980,9,12.99,265,1977,4.957,2.1.1,2026-09-30
robintr01,Truck Robinson,1975,1984,10,12.92,266,1981,4.491,2.1.1,2026-09-30
lopezbr01,Brook Lopez,2009,2026,15,12.91,267,2013,3.993,2.1.1,2026-09-30
freewo01,World B. Free,1976,1988,12,12.87,268,1979,3.762,2.1.1,2026-09-30
oaklech01,Charles Oakley,1986,2001,14,12.82,269,1994,5.001,2.1.1,2026-09-30
ibakase01,Serge Ibaka,2010,2020,11,12.72,270,2014,3.473,2.1.1,2026-09-30
maravpe01,Pete Maravich,1971,1977,7,12.71,271,1977,4.71,2.1.1,2026-09-30
brandte01,Terrell Brandon,1992,2001,9,12.62,272,1997,3.876,2.1.1,2026-09-30
jacksst02,Stephen Jackson,2001,2012,10,12.59,273,2010,3.655,2.1.1,2026-09-30
blackro01,Rolando Blackman,1982,1993,12,12.57,274,1984,3.106,2.1.1,2026-09-30
jamisan01,Antawn Jamison,1999,2013,13,12.57,275,2006,3.769,2.1.1,2026-09-30
willija06,Jalen Williams,2023,2025,3,12.57,276,2025,7.935,2.1.1,2026-09-30
robincl02,Clifford Robinson,1990,2006,17,12.57,277,2000,4.032,2.1.1,2026-09-30
mitchmi01,Mike Mitchell,1979,1988,9,12.51,278,1983,3.771,2.1.1,2026-09-30
thomais02,Isaiah Thomas,2012,2017,6,12.47,279,2017,5.786,2.1.1,2026-09-30
vanvlfr01,Fred VanVleet,2018,2025,8,12.46,280,2020,4.628,2.1.1,2026-09-30
hawkihe01,Hersey Hawkins,1989,2001,13,12.36,281,1991,3.808,2.1.1,2026-09-30
vucevni01,Nikola Vučević,2012,2026,13,12.35,282,2019,3.698,2.1.1,2026-09-30
iguodan01,Andre Iguodala,2005,2021,16,12.34,283,2012,3.775,2.1.1,2026-09-30
divacvl01,Vlade Divac,1990,2004,14,12.3,284,2002,3.447,2.1.1,2026-09-30
howarjo01,Josh Howard,2004,2008,5,12.26,285,2006,5.017,2.1.1,2026-09-30
ellisda01,Dale Ellis,1984,1999,14,12.25,286,1989,4.368,2.1.1,2026-09-30
stackje01,Jerry Stackhouse,1996,2008,10,12.15,287,2001,4.492,2.1.1,2026-09-30
bellawa01,Walt Bellamy,1962,1974,13,12.01,288,1965,3.565,2.1.1,2026-09-30
colemja01,Jack Coleman,1952,1958,7,11.88,289,1953,3.234,2.1.1,2026-09-30
boonero01,Ron Boone,1969,1980,12,11.84,290,1975,3.562,2.1.1,2026-09-30
malonje01,Jeff Malone,1984,1994,11,11.82,291,1992,3.964,2.1.1,2026-09-30
roseja01,Jalen Rose,1995,2006,12,11.75,292,2000,5.02,2.1.1,2026-09-30
sabonar01,Arvydas Sabonis,1996,2003,7,11.74,293,1998,3.598,2.1.1,2026-09-30
maxeyty01,Tyrese Maxey,2021,2026,5,11.66,294,2024,5.138,2.1.1,2026-09-30
lavinza01,Zach LaVine,2015,2025,8,11.65,295,2021,4.252,2.1.1,2026-09-30
jordade01,DeAndre Jordan,2010,2021,12,11.64,296,2015,3.76,2.1.1,2026-09-30
wanzebo01,Bobby Wanzer,1952,1956,5,11.52,297,1952,4.066,2.1.1,2026-09-30
ellismo01,Monta Ellis,2007,2017,10,11.51,298,2015,3.285,2.1.1,2026-09-30
collido01,Doug Collins,1975,1978,4,11.45,299,1978,4.398,2.1.1,2026-09-30
aingeda01,Danny Ainge,1983,1995,13,11.38,300,1986,3.757,2.1.1,2026-09-30
smithjr01,J.R. Smith,2005,2018,11,11.38,301,2013,3.675,2.1.1,2026-09-30
jeffeal01,Al Jefferson,2005,2017,11,11.37,302,2014,4.175,2.1.1,2026-09-30
anderni01,Nick Anderson,1990,2000,11,11.37,303,1995,3.518,2.1.1,2026-09-30
turkohe01,Hedo Türkoğlu,2001,2015,13,11.32,304,2009,4.909,2.1.1,2026-09-30
richaja01,Jason Richardson,2002,2012,10,11.32,305,2006,3.254,2.1.1,2026-09-30
mcmilji01,Jim McMillian,1971,1978,8,11.23,306,1972,5.662,2.1.1,2026-09-30
ilgauzy01,Zydrunas Ilgauskas,1998,2011,11,11.18,307,2007,3.066,2.1.1,2026-09-30
wiggian01,Andrew Wiggins,2015,2026,11,10.93,308,2022,4.799,2.1.1,2026-09-30
bledser01,Eric Bledsoe,2011,2021,8,10.92,309,2019,4.056,2.1.1,2026-09-30
gordobe01,Ben Gordon,2005,2013,9,10.89,310,2007,5.435,2.1.1,2026-09-30
tripuke01,Kelly Tripucka,1982,1991,8,10.84,311,1983,3.714,2.1.1,2026-09-30
mannida01,Danny Manning,1990,2001,10,10.8,312,1994,3.631,2.1.1,2026-09-30
wembavi01,Victor Wembanyama,2024,2026,2,10.78,313,2026,9.259,2.1.1,2026-09-30
piercri01,Ricky Pierce,1984,1997,10,10.77,314,1992,3.479,2.1.1,2026-09-30
harpero01,Ron Harper,1987,2000,11,10.76,315,1989,4.572,2.1.1,2026-09-30
capelca01,Clint Capela,2016,2026,9,10.72,316,2018,4.176,2.1.1,2026-09-30
sengual01,Alperen Şengün,2022,2026,5,10.72,317,2026,5.261,2.1.1,2026-09-30
dawkida01,Darryl Dawkins,1977,1984,7,10.68,318,1980,3.968,2.1.1,2026-09-30
bingda01,Dave Bing,1967,1978,11,10.68,319,1974,3.391,2.1.1,2026-09-30
paultbi01,Billy Paultz,1971,1985,14,10.66,320,1974,4.633,2.1.1,2026-09-30
barrerj01,RJ Barrett,2020,2025,6,10.65,321,2023,3.35,2.1.1,2026-09-30
mobleev01,Evan Mobley,2022,2026,4,10.62,322,2025,4.349,2.1.1,2026-09-30
drumman01,Andre Drummond,2013,2026,12,10.58,323,2016,3.452,2.1.1,2026-09-30
howarju01,Juwan Howard,1995,2010,14,10.58,324,1996,3.58,2.1.1,2026-09-30
perkisa01,Sam Perkins,1985,2001,17,10.55,325,1991,3.471,2.1.1,2026-09-30
thompmy01,Mychal Thompson,1979,1991,12,10.46,326,1982,3.738,2.1.1,2026-09-30
masonan01,Anthony Mason,1992,2003,11,10.42,327,1996,3.274,2.1.1,2026-09-30
gayru01,Rudy Gay,2007,2021,12,10.3,328,2012,3.671,2.1.1,2026-09-30
roybr01,Brandon Roy,2008,2010,3,10.28,329,2009,5.921,2.1.1,2026-09-30
shuege01,Gene Shue,1955,1963,9,10.26,330,1960,2.79,2.1.1,2026-09-30
bridgbi01,Bill Bridges,1964,1974,11,10.26,331,1967,2.831,2.1.1,2026-09-30
lewisfr02,Freddie Lewis,1968,1976,9,10.24,332,1975,2.785,2.1.1,2026-09-30
bridgmi01,Mikal Bridges,2019,2026,8,10.23,333,2026,3.292,2.1.1,2026-09-30
johnsgu01,Gus Johnson,1964,1971,6,10.13,334,1971,3.581,2.1.1,2026-09-30
majerda01,Dan Majerle,1990,2002,11,10.13,335,1993,3.682,2.1.1,2026-09-30
vanexni01,Nick Van Exel,1994,2006,11,10.12,336,1997,2.872,2.1.1,2026-09-30
johnsmi01,Mickey Johnson,1976,1986,11,10.12,337,1977,4.205,2.1.1,2026-09-30
sampsra01,Ralph Sampson,1984,1989,4,10.12,338,1986,5.912,2.1.1,2026-09-30
portemi01,Michael Porter Jr.,2020,2025,5,10.08,339,2023,3.842,2.1.1,2026-09-30
daviebo01,Bob Davies,1952,1955,4,10.03,340,1952,3.921,2.1.1,2026-09-30
murphca01,Calvin Murphy,1971,1983,13,10.02,341,1977,3.202,2.1.1,2026-09-30
wilkele01,Lenny Wilkens,1961,1975,14,10.0,342,1968,3.207,2.1.1,2026-09-30
ingrabr01,Brandon Ingram,2017,2026,6,9.99,343,2021,3.611,2.1.1,2026-09-30
johnsed03,Eddie Johnson,1982,1998,15,9.95,344,1989,3.827,2.1.1,2026-09-30
leeda02,David Lee,2006,2017,10,9.9,345,2013,3.432,2.1.1,2026-09-30
bogdabo02,Bojan Bogdanović,2015,2023,9,9.84,346,2021,3.586,2.1.1,2026-09-30
vanhoke01,Keith Van Horn,1998,2005,7,9.82,347,1999,2.938,2.1.1,2026-09-30
brownfr01,Fred Brown,1973,1984,12,9.79,348,1976,3.219,2.1.1,2026-09-30
sandeto01,Tom Sanders,1961,1973,11,9.73,349,1965,3.086,2.1.1,2026-09-30
stoudda01,Damon Stoudamire,1996,2008,12,9.7,350,1999,3.175,2.1.1,2026-09-30
anunoog01,OG Anunoby,2018,2026,6,9.67,351,2026,5.174,2.1.1,2026-09-30
birdsot01,Otis Birdsong,1978,1988,8,9.65,352,1980,3.382,2.1.1,2026-09-30
anderke01,Kenny Anderson,1992,2003,9,9.64,353,1997,3.602,2.1.1,2026-09-30
moblecu01,Cuttino Mobley,1999,2008,10,9.59,354,2001,3.26,2.1.1,2026-09-30
braunca01,Carl Braun,1953,1960,8,9.53,355,1953,3.445,2.1.1,2026-09-30
willilo02,Lou Williams,2007,2021,14,9.51,356,2020,3.436,2.1.1,2026-09-30
nelsoja01,Jameer Nelson,2005,2017,10,9.49,357,2010,3.965,2.1.1,2026-09-30
butleca01,Caron Butler,2003,2015,11,9.45,358,2008,3.595,2.1.1,2026-09-30
wedmasc01,Scott Wedman,1975,1986,11,9.44,359,1980,3.342,2.1.1,2026-09-30
bakervi01,Vin Baker,1994,2001,7,9.41,360,1998,3.822,2.1.1,2026-09-30
cartwbi01,Bill Cartwright,1980,1993,12,9.4,361,1984,3.774,2.1.1,2026-09-30
willima01,Mo Williams,2005,2015,10,9.39,362,2009,5.262,2.1.1,2026-09-30
moranja01,Ja Morant,2020,2023,3,9.37,363,2023,5.871,2.1.1,2026-09-30
jonesji01,Jimmy Jones,1968,1976,9,9.36,364,1969,3.548,2.1.1,2026-09-30
rulanje01,Jeff Ruland,1982,1984,3,9.34,365,1984,4.725,2.1.1,2026-09-30
aytonde01,Deandre Ayton,2019,2026,5,9.29,366,2021,4.227,2.1.1,2026-09-30
garlada01,Darius Garland,2020,2025,5,9.29,367,2022,4.11,2.1.1,2026-09-30
gueriri01,Richie Guerin,1957,1967,11,9.26,368,1959,3.473,2.1.1,2026-09-30
jonesbo01,Bobby Jones,1975,1986,12,9.26,369,1977,2.554,2.1.1,2026-09-30
hutchme01,Mel Hutchins,1952,1957,6,9.26,370,1954,3.754,2.1.1,2026-09-30
theusre01,Reggie Theus,1979,1991,13,9.24,371,1981,3.435,2.1.1,2026-09-30
baileth01,Thurl Bailey,1984,1999,12,9.24,372,1988,4.116,2.1.1,2026-09-30
hinriki01,Kirk Hinrich,2004,2015,11,9.22,373,2007,4.021,2.1.1,2026-09-30
banchpa01,Paolo Banchero,2023,2026,3,9.21,374,2024,4.518,2.1.1,2026-09-30
gordoaa01,Aaron Gordon,2016,2024,8,9.21,375,2023,3.764,2.1.1,2026-09-30
stokema01,Maurice Stokes,1956,1958,3,9.18,376,1958,5.1,2.1.1,2026-09-30
greenac01,A.C. Green,1986,2001,16,9.14,377,1989,2.165,2.1.1,2026-09-30
martike02,Kevin Martin,2006,2014,6,9.14,378,2011,3.389,2.1.1,2026-09-30
searske01,Kenny Sears,1956,1963,6,9.09,379,1959,3.692,2.1.1,2026-09-30
jacksja02,Jaren Jackson Jr.,2019,2025,6,9.07,380,2025,3.289,2.1.1,2026-09-30
hairsha01,Happy Hairston,1965,1975,10,9.07,381,1972,3.745,2.1.1,2026-09-30
mullije01,Jeff Mullins,1967,1975,9,9.06,382,1968,2.603,2.1.1,2026-09-30
dampilo01,Louie Dampier,1968,1979,12,9.06,383,1975,4.254,2.1.1,2026-09-30
kerrre01,Red Kerr,1955,1966,12,8.97,384,1959,3.139,2.1.1,2026-09-30
leverfa01,Fat Lever,1983,1994,9,8.94,385,1988,3.568,2.1.1,2026-09-30
johnsvi01,Vinnie Johnson,1981,1992,12,8.91,386,1989,2.958,2.1.1,2026-09-30
teaguje01,Jeff Teague,2010,2021,11,8.9,387,2015,3.653,2.1.1,2026-09-30
horryro01,Robert Horry,1993,2007,14,8.88,388,1994,2.24,2.1.1,2026-09-30
valanjo01,Jonas Valančiūnas,2013,2026,13,8.86,389,2018,2.647,2.1.1,2026-09-30
halibty01,Tyrese Haliburton,2021,2025,4,8.84,390,2025,4.666,2.1.1,2026-09-30
smithra01,Randy Smith,1972,1983,12,8.82,391,1976,3.743,2.1.1,2026-09-30
twymaja01,Jack Twyman,1956,1966,11,8.79,392,1960,2.496,2.1.1,2026-09-30
willira01,Ray Williams,1978,1984,7,8.78,393,1982,2.919,2.1.1,2026-09-30
oladivi01,Victor Oladipo,2014,2018,5,8.72,394,2018,5.442,2.1.1,2026-09-30
lawsoty01,Ty Lawson,2010,2017,8,8.71,395,2013,3.634,2.1.1,2026-09-30
scolalu01,Luis Scola,2008,2016,9,8.71,396,2011,3.114,2.1.1,2026-09-30
riverdo01,Doc Rivers,1984,1996,10,8.68,397,1987,3.382,2.1.1,2026-09-30
banede01,Desmond Bane,2021,2026,5,8.65,398,2023,4.196,2.1.1,2026-09-30
jacksma01,Mark Jackson,1988,2003,16,8.65,399,1989,2.611,2.1.1,2026-09-30
barneha02,Harrison Barnes,2013,2026,14,8.62,400,2015,2.562,2.1.1,2026-09-30
okurme01,Mehmet Okur,2003,2010,8,8.6,401,2007,3.417,2.1.1,2026-09-30
martisl01,Slater Martin,1952,1960,9,8.59,402,1953,2.046,2.1.1,2026-09-30
millean02,Andre Miller,2000,2015,16,8.57,403,2009,2.858,2.1.1,2026-09-30
harpede01,Derek Harper,1984,1999,16,8.55,404,1988,3.159,2.1.1,2026-09-30
wintebr01,Brian Winters,1975,1982,8,8.54,405,1982,2.454,2.1.1,2026-09-30
abdursh01,Shareef Abdur-Rahim,1997,2007,10,8.48,406,2003,2.67,2.1.1,2026-09-30
noahjo01,Joakim Noah,2008,2015,7,8.48,407,2014,3.092,2.1.1,2026-09-30
golato01,Tom Gola,1956,1966,10,8.45,408,1956,4.785,2.1.1,2026-09-30
mckeyde01,Derrick McKey,1988,2001,9,8.44,409,1995,2.638,2.1.1,2026-09-30
hughela01,Larry Hughes,1999,2008,8,8.42,410,2005,4.075,2.1.1,2026-09-30
seymopa01,Paul Seymour,1952,1958,7,8.4,411,1955,4.141,2.1.1,2026-09-30
sloanje01,Jerry Sloan,1966,1975,9,8.39,412,1971,3.609,2.1.1,2026-09-30
hillge01,George Hill,2009,2020,10,8.39,413,2013,4.476,2.1.1,2026-09-30
mcdyean01,Antonio McDyess,1996,2011,13,8.35,414,2001,2.774,2.1.1,2026-09-30
rideris01,Isaiah Rider,1994,2001,8,8.35,415,1999,3.392,2.1.1,2026-09-30
willizi01,Zion Williamson,2021,2026,3,8.28,416,2021,4.394,2.1.1,2026-09-30
persoch01,Chuck Person,1987,1999,12,8.26,417,1987,3.067,2.1.1,2026-09-30
wallage01,Gerald Wallace,2005,2014,9,8.26,418,2010,3.614,2.1.1,2026-09-30
herroty01,Tyler Herro,2020,2025,5,8.24,419,2022,4.14,2.1.1,2026-09-30
barnedi01,Dick Barnett,1960,1972,12,8.23,420,1970,2.905,2.1.1,2026-09-30
laettch01,Christian Laettner,1993,2003,9,8.22,421,1997,4.615,2.1.1,2026-09-30
hibbero01,Roy Hibbert,2009,2016,8,8.19,422,2013,3.548,2.1.1,2026-09-30
cliftna01,Nat Clifton,1952,1958,7,8.15,423,1953,3.705,2.1.1,2026-09-30
wagnefr01,Franz Wagner,2022,2025,4,8.11,424,2025,4.476,2.1.1,2026-09-30
carrojo01,Joe Barry Carroll,1981,1990,9,8.11,425,1983,2.396,2.1.1,2026-09-30
johnsed02,Eddie Johnson,1978,1986,9,8.11,426,1980,3.246,2.1.1,2026-09-30
simpsra01,Ralph Simpson,1971,1979,9,8.1,427,1975,2.789,2.1.1,2026-09-30
wickssi01,Sidney Wicks,1972,1980,9,8.1,428,1975,3.486,2.1.1,2026-09-30
barnesc01,Scottie Barnes,2022,2026,5,8.04,429,2026,3.505,2.1.1,2026-09-30
reddmi01,Michael Redd,2002,2012,7,8.04,430,2006,3.898,2.1.1,2026-09-30
vanlino01,Norm Van Lier,1970,1978,9,7.98,431,1975,3.894,2.1.1,2026-09-30
porzikr01,Kristaps Porziņģis,2016,2023,4,7.97,432,2020,3.762,2.1.1,2026-09-30
jacksre01,Reggie Jackson,2013,2024,9,7.95,433,2016,2.785,2.1.1,2026-09-30
redicjj01,JJ Redick,2009,2020,11,7.9,434,2018,3.422,2.1.1,2026-09-30
schrode01,Dennis Schröder,2015,2026,12,7.82,435,2017,3.17,2.1.1,2026-09-30
grantbr01,Brian Grant,1995,2005,10,7.79,436,1999,3.873,2.1.1,2026-09-30
russeca02,Campy Russell,1975,1982,7,7.74,437,1978,2.873,2.1.1,2026-09-30
bradlbi01,Bill Bradley,1969,1977,9,7.7,438,1973,3.053,2.1.1,2026-09-30
barnema01,Marvin Barnes,1975,1978,3,7.69,439,1975,5.407,2.1.1,2026-09-30
arizatr01,Trevor Ariza,2005,2020,11,7.66,440,2014,2.638,2.1.1,2026-09-30
naullwi01,Willie Naulls,1957,1966,10,7.65,441,1959,2.456,2.1.1,2026-09-30
hartjo01,Josh Hart,2018,2026,7,7.61,442,2026,3.797,2.1.1,2026-09-30
wesleda01,David Wesley,1994,2006,12,7.59,443,2001,3.332,2.1.1,2026-09-30
grabojo01,Joe Graboski,1952,1961,10,7.59,444,1956,3.549,2.1.1,2026-09-30
gallida01,Danilo Gallinari,2010,2022,9,7.54,445,2013,3.195,2.1.1,2026-09-30
maggeco01,Corey Maggette,2000,2011,10,7.53,446,2005,3.126,2.1.1,2026-09-30
bridgju01,Junior Bridgeman,1976,1986,10,7.52,447,1984,2.6,2.1.1,2026-09-30
allenlu01,Lucius Allen,1970,1978,9,7.51,448,1974,3.064,2.1.1,2026-09-30
murrade01,Dejounte Murray,2018,2024,6,7.49,449,2022,3.69,2.1.1,2026-09-30
clarkar01,Archie Clark,1967,1976,8,7.49,450,1972,3.31,2.1.1,2026-09-30
sheltlo01,Lonnie Shelton,1977,1984,7,7.47,451,1979,3.156,2.1.1,2026-09-30
reidro01,Robert Reid,1978,1990,12,7.44,452,1981,2.908,2.1.1,2026-09-30
gortama01,Marcin Gortat,2009,2018,10,7.43,453,2012,2.493,2.1.1,2026-09-30
russebr01,Bryon Russell,1994,2005,12,7.4,454,1999,2.692,2.1.1,2026-09-30
coopemi01,Michael Cooper,1980,1990,11,7.39,455,1987,2.029,2.1.1,2026-09-30
campbel01,Elden Campbell,1992,2004,12,7.36,456,1997,2.348,2.1.1,2026-09-30
smithke01,Kenny Smith,1988,1996,9,7.31,457,1991,2.923,2.1.1,2026-09-30
williho01,Hot Rod Williams,1987,1998,11,7.28,458,1992,2.684,2.1.1,2026-09-30
silasja01,James Silas,1973,1982,8,7.25,459,1976,3.51,2.1.1,2026-09-30
chandty01,Tyson Chandler,2002,2016,11,7.22,460,2008,2.704,2.1.1,2026-09-30
holmgch01,Chet Holmgren,2024,2026,2,7.21,461,2026,5.023,2.1.1,2026-09-30
parsoch01,Chandler Parsons,2012,2016,5,7.17,462,2014,3.388,2.1.1,2026-09-30
diawbo01,Boris Diaw,2004,2017,14,7.17,463,2006,3.135,2.1.1,2026-09-30
paxsoji02,Jim Paxson,1980,1990,9,7.16,464,1983,3.705,2.1.1,2026-09-30
smartma01,Marcus Smart,2015,2026,8,7.16,465,2022,3.655,2.1.1,2026-09-30
duckwke01,Kevin Duckworth,1987,1994,8,7.15,466,1991,2.471,2.1.1,2026-09-30
maxweve01,Vernon Maxwell,1989,1999,10,7.11,467,1994,3.579,2.1.1,2026-09-30
davisan01,Antonio Davis,1994,2005,10,7.05,468,2001,3.002,2.1.1,2026-09-30
allenja01,Jarrett Allen,2018,2025,7,7.03,469,2025,3.334,2.1.1,2026-09-30
willijo01,John Williamson,1974,1980,7,7.02,470,1976,2.119,2.1.1,2026-09-30
larusru01,Rudy LaRusso,1960,1969,9,7.01,471,1968,2.703,2.1.1,2026-09-30
netolbo01,Bob Netolicky,1968,1975,8,7.0,472,1970,4.278,2.1.1,2026-09-30
bogutan01,Andrew Bogut,2006,2016,8,7.0,473,2010,3.589,2.1.1,2026-09-30
hilarne01,Nenê,2003,2017,9,6.95,474,2009,2.58,2.1.1,2026-09-30
robincl01,Cliff Robinson,1980,1988,8,6.92,475,1986,2.533,2.1.1,2026-09-30
johnsjo01,John Johnson,1971,1981,11,6.92,476,1979,2.776,2.1.1,2026-09-30
crawfja01,Jamal Crawford,2001,2019,18,6.92,477,2014,2.677,2.1.1,2026-09-30
edwarja01,James Edwards,1978,1992,12,6.89,478,1990,2.896,2.1.1,2026-09-30
batumni01,Nicolas Batum,2009,2026,16,6.89,479,2014,2.502,2.1.1,2026-09-30
felixra01,Ray Felix,1954,1962,8,6.88,480,1955,3.349,2.1.1,2026-09-30
roziete01,Terry Rozier,2017,2025,9,6.73,481,2018,2.616,2.1.1,2026-09-30
foxri01,Rick Fox,1992,2003,11,6.72,482,1998,2.08,2.1.1,2026-09-30
gordoer01,Eric Gordon,2009,2024,9,6.72,483,2018,3.419,2.1.1,2026-09-30
kirilan01,Andrei Kirilenko,2002,2013,10,6.65,484,2004,3.545,2.1.1,2026-09-30
favorde01,Derrick Favors,2011,2021,10,6.64,485,2015,2.812,2.1.1,2026-09-30
marinja01,Jack Marin,1967,1976,10,6.64,486,1971,3.023,2.1.1,2026-09-30
powelno01,Norman Powell,2017,2026,9,6.62,487,2025,3.603,2.1.1,2026-09-30
griffda01,Darrell Griffith,1981,1991,9,6.6,488,1985,2.685,2.1.1,2026-09-30
brogdma01,Malcolm Brogdon,2017,2023,5,6.53,489,2019,2.752,2.1.1,2026-09-30
richami01,Michael Ray Richardson,1979,1985,6,6.49,490,1985,3.143,2.1.1,2026-09-30
jennibr01,Brandon Jennings,2010,2017,6,6.47,491,2012,2.428,2.1.1,2026-09-30
petrige01,Geoff Petrie,1971,1976,6,6.45,492,1975,2.033,2.1.1,2026-09-30
monrogr01,Greg Monroe,2011,2017,7,6.45,493,2015,2.312,2.1.1,2026-09-30
shortpu01,Purvis Short,1979,1990,11,6.43,494,1986,2.34,2.1.1,2026-09-30
szczewa02,Wally Szczerbiak,2000,2009,7,6.4,495,2002,3.582,2.1.1,2026-09-30
harrial01,Al Harrington,2001,2012,11,6.38,496,2004,2.706,2.1.1,2026-09-30
mccraro01,Rodney McCray,1984,1993,10,6.37,497,1987,2.598,2.1.1,2026-09-30
adamsmi01,Michael Adams,1987,1994,8,6.35,498,1991,2.475,2.1.1,2026-09-30
kuzmaky01,Kyle Kuzma,2018,2026,9,6.31,499,2023,2.263,2.1.1,2026-09-30
floydsl01,Sleepy Floyd,1983,1992,10,6.31,500,1987,2.319,2.1.1,2026-09-30
natersw01,Swen Nater,1974,1984,9,6.29,501,1975,2.45,2.1.1,2026-09-30
castlst01,Stephon Castle,2025,2026,2,6.28,502,2026,5.744,2.1.1,2026-09-30
poolejo01,Jordan Poole,2020,2025,6,6.21,503,2022,5.249,2.1.1,2026-09-30
ballla01,LaMelo Ball,2021,2026,3,6.2,504,2026,3.922,2.1.1,2026-09-30
ballagr01,Greg Ballard,1978,1987,10,6.19,505,1982,3.528,2.1.1,2026-09-30
davisda01,Dale Davis,1992,2005,14,6.16,506,1994,2.244,2.1.1,2026-09-30
kittlke01,Kerry Kittles,1997,2004,7,6.11,507,2002,1.841,2.1.1,2026-09-30
turnemy01,Myles Turner,2016,2026,9,6.09,508,2024,2.354,2.1.1,2026-09-30
hollili01,Lionel Hollins,1976,1985,7,6.04,509,1977,3.814,2.1.1,2026-09-30
nelsodo01,Don Nelson,1963,1976,13,6.0,510,1975,2.342,2.1.1,2026-09-30
clarkjo01,Jordan Clarkson,2015,2026,10,6.0,511,2021,3.355,2.1.1,2026-09-30
gilliar01,Armen Gilliam,1989,1998,10,5.99,512,1996,2.364,2.1.1,2026-09-30
russeca01,Cazzie Russell,1967,1977,8,5.96,513,1974,2.451,2.1.1,2026-09-30
goodedr01,Drew Gooden,2003,2012,8,5.9,514,2007,2.464,2.1.1,2026-09-30
vanardi01,Dick Van Arsdale,1966,1977,12,5.87,515,1971,2.538,2.1.1,2026-09-30
markkla01,Lauri Markkanen,2018,2023,5,5.81,516,2023,3.746,2.1.1,2026-09-30
rubiori01,Ricky Rubio,2014,2021,7,5.75,517,2018,2.199,2.1.1,2026-09-30
alstora01,Rafer Alston,2004,2009,6,5.72,518,2007,2.394,2.1.1,2026-09-30
seikaro01,Rony Seikaly,1989,1997,8,5.69,519,1993,2.427,2.1.1,2026-09-30
russeda01,D'Angelo Russell,2016,2025,7,5.66,520,2019,2.494,2.1.1,2026-09-30
choneji01,Jim Chones,1973,1982,10,5.66,521,1976,2.526,2.1.1,2026-09-30
smithch01,Charles Smith,1989,1996,6,5.65,522,1991,2.766,2.1.1,2026-09-30
millebr01,Brad Miller,1999,2011,10,5.56,523,2004,2.871,2.1.1,2026-09-30
feltora01,Raymond Felton,2006,2018,12,5.51,524,2013,2.433,2.1.1,2026-09-30
porteke01,Kevin Porter,1973,1981,8,5.5,525,1975,3.362,2.1.1,2026-09-30
guglito01,Tom Gugliotta,1993,1999,6,5.41,526,1999,2.652,2.1.1,2026-09-30
thompam01,Amen Thompson,2024,2026,3,5.3,527,2026,3.988,2.1.1,2026-09-30
harride01,Devin Harris,2005,2019,13,5.3,528,2009,2.659,2.1.1,2026-09-30
bynuman01,Andrew Bynum,2007,2012,3,5.29,529,2012,5.052,2.1.1,2026-09-30
evansty01,Tyreke Evans,2010,2019,6,5.29,530,2015,2.726,2.1.1,2026-09-30
chrisdo01,Doug Christie,1994,2004,9,5.28,531,2002,2.403,2.1.1,2026-09-30
kanteen01,Enes Freedom,2012,2021,10,5.24,532,2015,1.813,2.1.1,2026-09-30
jacksji01,Jim Jackson,1994,2005,9,5.23,533,2004,2.428,2.1.1,2026-09-30
laceysa01,Sam Lacey,1971,1983,12,5.16,534,1975,1.903,2.1.1,2026-09-30
bridgmi02,Miles Bridges,2019,2026,7,5.13,535,2026,2.537,2.1.1,2026-09-30
willihe01,Herb Williams,1982,1994,12,5.12,536,1986,2.799,2.1.1,2026-09-30
fishede01,Derek Fisher,1997,2014,16,5.07,537,2002,1.744,2.1.1,2026-09-30
calvima01,Mack Calvin,1970,1978,8,5.04,538,1975,2.446,2.1.1,2026-09-30
greenda01,Dave Greenwood,1980,1991,10,5.03,539,1981,2.614,2.1.1,2026-09-30
newlimi01,Mike Newlin,1972,1982,10,5.0,540,1980,2.023,2.1.1,2026-09-30
murphtr01,Troy Murphy,2002,2012,9,4.91,541,2009,2.101,2.1.1,2026-09-30
gminsmi01,Mike Gminski,1982,1991,10,4.84,542,1986,1.645,2.1.1,2026-09-30
cebalce01,Cedric Ceballos,1991,2000,6,4.81,543,1996,3.718,2.1.1,2026-09-30
greveke01,Kevin Grevey,1977,1985,8,4.8,544,1978,2.846,2.1.1,2026-09-30
embrywa01,Wayne Embry,1959,1969,11,4.8,545,1963,2.406,2.1.1,2026-09-30
hillty01,Tyrone Hill,1991,2001,8,4.78,546,1997,2.427,2.1.1,2026-09-30
armstda01,Darrell Armstrong,1997,2007,10,4.78,547,1999,2.863,2.1.1,2026-09-30
gillke01,Kendall Gill,1991,2003,11,4.77,548,1997,2.601,2.1.1,2026-09-30
bartowi01,Will Barton,2013,2022,8,4.69,549,2018,1.704,2.1.1,2026-09-30
collijo01,John Collins,2018,2026,6,4.66,550,2021,2.783,2.1.1,2026-09-30
marshdo01,Donyell Marshall,1995,2007,13,4.66,551,2002,2.201,2.1.1,2026-09-30
mcglojo01,Jon McGlocklin,1966,1975,10,4.62,552,1971,3.602,2.1.1,2026-09-30
dinwisp01,Spencer Dinwiddie,2017,2025,8,4.61,553,2020,2.993,2.1.1,2026-09-30
armstbj01,B.J. Armstrong,1990,1998,8,4.59,554,1994,2.165,2.1.1,2026-09-30
vinceja01,Jay Vincent,1982,1988,6,4.57,555,1985,2.424,2.1.1,2026-09-30
avdijde01,Deni Avdija,2021,2026,6,4.57,556,2026,4.577,2.1.1,2026-09-30
roberal01,Alvin Robertson,1985,1996,10,4.56,557,1991,1.54,2.1.1,2026-09-30
durenja01,Jalen Duren,2023,2026,4,4.55,558,2026,4.403,2.1.1,2026-09-30
morrima03,Marcus Morris,2013,2023,9,4.52,559,2019,1.494,2.1.1,2026-09-30
lucasjo01,John Lucas,1977,1989,10,4.48,560,1979,2.279,2.1.1,2026-09-30
whiteha01,Hassan Whiteside,2016,2022,5,4.46,561,2017,3.666,2.1.1,2026-09-30
brookdi01,Dillon Brooks,2018,2025,6,4.45,562,2021,1.714,2.1.1,2026-09-30
tisdawa01,Wayman Tisdale,1986,1996,10,4.45,563,1988,1.346,2.1.1,2026-09-30
cartefr01,Fred Carter,1970,1977,8,4.45,564,1976,2.444,2.1.1,2026-09-30
williwa02,Walt Williams,1993,2003,9,4.44,565,1995,2.33,2.1.1,2026-09-30
brownpj01,P.J. Brown,1994,2007,14,4.44,566,1999,1.63,2.1.1,2026-09-30
kamanch01,Chris Kaman,2004,2015,8,4.42,567,2006,1.968,2.1.1,2026-09-30
matthwe02,Wesley Matthews,2010,2021,12,4.39,568,2015,2.821,2.1.1,2026-09-30
snower01,Eric Snow,1997,2007,10,4.33,569,2003,1.974,2.1.1,2026-09-30
snydedi01,Dick Snyder,1968,1978,11,4.32,570,1971,1.52,2.1.1,2026-09-30
rulebo01,Bob Rule,1968,1972,4,4.28,571,1970,2.691,2.1.1,2026-09-30
dunlemi02,Mike Dunleavy,2003,2015,12,4.28,572,2008,2.078,2.1.1,2026-09-30
caldwke01,Kentavious Caldwell-Pope,2014,2025,12,4.24,573,2016,1.329,2.1.1,2026-09-30
moorejo01,Johnny Moore,1981,1985,5,4.24,574,1983,4.034,2.1.1,2026-09-30
cambyma01,Marcus Camby,1997,2012,13,4.23,575,2001,2.081,2.1.1,2026-09-30
adamsst01,Steven Adams,2014,2025,10,4.19,576,2018,1.821,2.1.1,2026-09-30
woolror01,Orlando Woolridge,1982,1994,10,4.15,577,1985,2.607,2.1.1,2026-09-30
dukeswa01,Walter Dukes,1956,1963,8,4.03,578,1960,1.432,2.1.1,2026-09-30
kellocl01,Clark Kellogg,1983,1985,3,4.01,579,1983,1.835,2.1.1,2026-09-30
thomptr01,Tristan Thompson,2012,2021,8,4.01,580,2015,1.35,2.1.1,2026-09-30
freemdo01,Donnie Freeman,1968,1976,9,4.01,581,1971,1.889,2.1.1,2026-09-30
portibo01,Bobby Portis,2016,2026,9,4.01,582,2022,2.13,2.1.1,2026-09-30
boozebo01,Bob Boozer,1961,1971,11,4.0,583,1969,1.789,2.1.1,2026-09-30
jonesca01,Caldwell Jones,1974,1990,16,3.99,584,1980,1.39,2.1.1,2026-09-30
greenja05,Jalen Green,2022,2025,4,3.99,585,2025,3.163,2.1.1,2026-09-30
greenda02,Danny Green,2012,2022,11,3.9,586,2013,1.748,2.1.1,2026-09-30
raycl01,Clifford Ray,1972,1981,10,3.89,587,1975,1.895,2.1.1,2026-09-30
owensbi01,Billy Owens,1992,2000,7,3.89,588,1994,2.021,2.1.1,2026-09-30
zubaciv01,Ivica Zubac,2019,2025,7,3.89,589,2025,3.531,2.1.1,2026-09-30
millemi01,Mike Miller,2001,2014,11,3.89,590,2006,1.4,2.1.1,2026-09-30
wellsbo01,Bonzi Wells,2000,2008,7,3.87,591,2003,2.804,2.1.1,2026-09-30
vanarto01,Tom Van Arsdale,1966,1977,12,3.86,592,1971,1.189,2.1.1,2026-09-30
davisjo01,Johnny Davis,1977,1986,9,3.79,593,1979,1.813,2.1.1,2026-09-30
hinsoro01,Roy Hinson,1984,1989,6,3.79,594,1986,2.023,2.1.1,2026-09-30
siegfla01,Larry Siegfried,1965,1970,6,3.77,595,1969,1.826,2.1.1,2026-09-30
dischte01,Terry Dischinger,1963,1973,9,3.77,596,1963,2.284,2.1.1,2026-09-30
harremo01,Montrezl Harrell,2017,2022,6,3.76,597,2020,3.064,2.1.1,2026-09-30
wilkige01,Gerald Wilkins,1986,1998,11,3.76,598,1988,1.371,2.1.1,2026-09-30
anderry01,Ryan Anderson,2009,2018,9,3.75,599,2012,2.502,2.1.1,2026-09-30
reaveau01,Austin Reaves,2022,2025,4,3.75,600,2025,2.805,2.1.1,2026-09-30
ohldo01,Don Ohl,1961,1970,10,3.73,601,1965,1.571,2.1.1,2026-09-30
youngth01,Thaddeus Young,2008,2021,14,3.66,602,2012,1.456,2.1.1,2026-09-30
saricda01,Dario Šarić,2017,2024,5,3.58,603,2018,3.548,2.1.1,2026-09-30
okafoem01,Emeka Okafor,2005,2013,7,3.55,604,2007,1.301,2.1.1,2026-09-30
knighbr03,Brandon Knight,2012,2015,4,3.53,605,2015,2.501,2.1.1,2026-09-30
walkne01,Neal Walk,1970,1976,7,3.52,606,1973,2.361,2.1.1,2026-09-30
lloydle01,Lewis Lloyd,1983,1986,4,3.52,607,1986,2.772,2.1.1,2026-09-30
vandeer01,Ernie Vandeweghe,1952,1953,2,3.51,608,1953,3.368,2.1.1,2026-09-30
richaqu01,Quentin Richardson,2001,2012,9,3.49,609,2005,2.452,2.1.1,2026-09-30
whiteco01,Coby White,2020,2025,6,3.49,610,2025,2.212,2.1.1,2026-09-30
caldwjo01,Joe Caldwell,1965,1974,10,3.43,611,1970,2.97,2.1.1,2026-09-30
owensto01,Tom Owens,1972,1982,10,3.42,612,1979,2.961,2.1.1,2026-09-30
farieke01,Kenneth Faried,2013,2017,5,3.41,613,2013,1.632,2.1.1,2026-09-30
stuckro01,Rodney Stuckey,2009,2016,8,3.36,614,2015,1.341,2.1.1,2026-09-30
harprma01,Matt Harpring,1999,2009,8,3.34,615,2003,2.732,2.1.1,2026-09-30
hasleud01,Udonis Haslem,2004,2015,9,3.29,616,2005,2.696,2.1.1,2026-09-30
chalmma01,Mario Chalmers,2009,2018,9,3.26,617,2012,2.638,2.1.1,2026-09-30
barrybr01,Brent Barry,1996,2007,12,3.26,618,2002,2.112,2.1.1,2026-09-30
curryed01,Eddy Curry,2002,2008,7,3.25,619,2007,2.358,2.1.1,2026-09-30
hieldbu01,Buddy Hield,2017,2025,9,3.25,620,2019,2.054,2.1.1,2026-09-30
stipast01,Steve Stipanovich,1984,1988,5,3.25,621,1988,1.591,2.1.1,2026-09-30
phillan01,Andy Phillip,1952,1958,7,3.23,622,1954,3.003,2.1.1,2026-09-30
rogerro01,Rodney Rogers,1994,2005,12,3.19,623,2000,2.211,2.1.1,2026-09-30
soberri01,Ricky Sobers,1976,1986,10,3.17,624,1978,1.558,2.1.1,2026-09-30
bantomi01,Mike Bantom,1974,1982,9,3.16,625,1978,1.192,2.1.1,2026-09-30
crowdja01,Jae Crowder,2013,2022,10,3.13,626,2016,1.474,2.1.1,2026-09-30
flemive01,Vern Fleming,1985,1996,10,3.09,627,1988,1.544,2.1.1,2026-09-30
perrycu01,Curtis Perry,1972,1976,5,3.08,628,1976,2.032,2.1.1,2026-09-30
scottra01,Ray Scott,1962,1971,10,3.07,629,1968,1.406,2.1.1,2026-09-30
jonesla01,Larry Jones,1968,1974,7,2.98,630,1970,4.188,2.1.1,2026-09-30
smithja05,Jabari Smith Jr.,2023,2026,3,2.95,631,2026,2.921,2.1.1,2026-09-30
brickfr01,Frank Brickowski,1985,1996,9,2.91,632,1993,1.683,2.1.1,2026-09-30
bellra01,Raja Bell,2002,2011,9,2.9,633,2006,1.521,2.1.1,2026-09-30
taylobr01,Brian Taylor,1973,1981,6,2.87,634,1977,2.393,2.1.1,2026-09-30
osterwa01,Wally Osterkorn,1952,1954,2,2.86,635,1954,2.198,2.1.1,2026-09-30
longgr01,Grant Long,1989,2002,12,2.85,636,1999,1.621,2.1.1,2026-09-30
johnske04,Keldon Johnson,2021,2026,6,2.81,637,2022,1.612,2.1.1,2026-09-30
anderwi01,Willie Anderson,1989,1996,5,2.78,638,1990,2.8,2.1.1,2026-09-30
harpedy01,Dylan Harper,2026,2026,1,2.78,639,2026,2.722,2.1.1,2026-09-30
vassede01,Devin Vassell,2021,2026,5,2.78,640,2026,2.807,2.1.1,2026-09-30
millebr02,Brandon Miller,2024,2026,2,2.77,641,2026,4.128,2.1.1,2026-09-30
meschto01,Tom Meschery,1962,1971,10,2.76,642,1964,1.741,2.1.1,2026-09-30
millsch01,Chris Mills,1994,2002,7,2.76,643,1997,2.124,2.1.1,2026-09-30
smithjo02,Joe Smith,1996,2010,12,2.75,644,1996,1.094,2.1.1,2026-09-30
tarplro01,Roy Tarpley,1987,1988,2,2.73,645,1988,3.658,2.1.1,2026-09-30
carrau01,Austin Carr,1973,1980,7,2.7,646,1973,1.578,2.1.1,2026-09-30
loughke01,Kevin Loughery,1963,1972,9,2.69,647,1969,2.84,2.1.1,2026-09-30
dampier01,Erick Dampier,1997,2009,11,2.64,648,2004,2.051,2.1.1,2026-09-30
knuepko01,Kon Knueppel,2026,2026,1,2.64,649,2026,3.43,2.1.1,2026-09-30
fryech01,Channing Frye,2006,2017,11,2.63,650,2014,1.202,2.1.1,2026-09-30
georgja01,Jack George,1954,1960,7,2.62,651,1956,3.676,2.1.1,2026-09-30
westde01,Delonte West,2006,2010,5,2.62,652,2009,3.224,2.1.1,2026-09-30
battish01,Shane Battier,2002,2014,13,2.6,653,2007,1.736,2.1.1,2026-09-30
davisri01,Ricky Davis,1999,2008,8,2.58,654,2006,1.943,2.1.1,2026-09-30
longjo01,John Long,1979,1989,11,2.55,655,1982,1.8,2.1.1,2026-09-30
eliema01,Mario Elie,1992,2001,9,2.5,656,1997,1.878,2.1.1,2026-09-30
haskicl01,Clem Haskins,1968,1975,8,2.5,657,1972,1.252,2.1.1,2026-09-30
willija02,Jason Williams,1999,2010,11,2.49,658,2006,2.386,2.1.1,2026-09-30
stephla01,Lance Stephenson,2013,2019,6,2.47,659,2014,3.834,2.1.1,2026-09-30
morrich01,Chris Morris,1989,1999,9,2.46,660,1993,1.4,2.1.1,2026-09-30
kojisdo01,Don Kojis,1964,1974,10,2.45,661,1969,2.532,2.1.1,2026-09-30
chandwi01,Wilson Chandler,2009,2018,7,2.45,662,2017,1.523,2.1.1,2026-09-30
skilesc01,Scott Skiles,1989,1995,7,2.39,663,1993,2.618,2.1.1,2026-09-30
joneskc01,K.C. Jones,1960,1967,8,2.34,664,1965,1.625,2.1.1,2026-09-30
fournev01,Evan Fournier,2014,2022,7,2.34,665,2020,1.129,2.1.1,2026-09-30
barbole01,Leandro Barbosa,2004,2017,10,2.32,666,2007,2.76,2.1.1,2026-09-30
greenje02,Jeff Green,2008,2024,14,2.3,667,2010,1.046,2.1.1,2026-09-30
morrima02,Markieff Morris,2012,2021,10,2.28,668,2014,1.451,2.1.1,2026-09-30
willire01,Reggie Williams,1989,1995,6,2.28,669,1993,1.589,2.1.1,2026-09-30
sextoco01,Collin Sexton,2019,2026,6,2.28,670,2021,0.944,2.1.1,2026-09-30
reidna01,Naz Reid,2021,2026,6,2.28,671,2025,1.62,2.1.1,2026-09-30
smithel01,Elmore Smith,1972,1978,7,2.28,672,1976,1.452,2.1.1,2026-09-30
willimi02,Micheal Williams,1991,1994,4,2.27,673,1992,1.757,2.1.1,2026-09-30
douglsh01,Sherman Douglas,1990,2001,9,2.26,674,1991,1.507,2.1.1,2026-09-30
jackja01,Jarrett Jack,2006,2018,10,2.26,675,2013,1.941,2.1.1,2026-09-30
inglejo01,Joe Ingles,2015,2024,8,2.26,676,2018,2.366,2.1.1,2026-09-30
corbity01,Tyrone Corbin,1987,1999,13,2.24,677,1991,1.909,2.1.1,2026-09-30
giddejo01,Josh Giddey,2023,2025,3,2.23,678,2023,2.028,2.1.1,2026-09-30
greenjo01,Johnny Green,1960,1973,14,2.23,679,1971,0.848,2.1.1,2026-09-30
walkeji01,Jimmy Walker,1968,1976,9,2.23,680,1971,0.769,2.1.1,2026-09-30
ehlocr01,Craig Ehlo,1988,1997,9,2.22,681,1993,1.277,2.1.1,2026-09-30
lenarvo01,Voshon Lenard,1997,2004,6,2.22,682,1997,1.73,2.1.1,2026-09-30
lopezro01,Robin Lopez,2009,2021,12,2.21,683,2014,1.616,2.1.1,2026-09-30
sharech01,Chuck Share,1952,1959,8,2.21,684,1956,2.271,2.1.1,2026-09-30
robisda01,Dave Robisch,1972,1983,11,2.19,685,1980,1.344,2.1.1,2026-09-30
greenri01,Rickey Green,1978,1991,11,2.18,686,1984,1.276,2.1.1,2026-09-30
smithgr01,Greg Smith,1969,1974,6,2.18,687,1971,2.908,2.1.1,2026-09-30
nurkiju01,Jusuf Nurkić,2015,2024,5,2.17,688,2019,3.107,2.1.1,2026-09-30
mcguidi01,Dick McGuire,1952,1960,9,2.16,689,1952,1.561,2.1.1,2026-09-30
hardati02,Tim Hardaway Jr.,2014,2026,10,2.16,690,2020,1.386,2.1.1,2026-09-30
cleamji01,Jim Cleamons,1973,1980,8,2.14,691,1976,2.59,2.1.1,2026-09-30
petrodr01,Dražen Petrović,1990,1993,4,2.13,692,1993,3.25,2.1.1,2026-09-30
daniean01,Antonio Daniels,1998,2009,12,2.11,693,2001,1.793,2.1.1,2026-09-30
hendeto01,Tom Henderson,1975,1982,8,2.11,694,1978,1.333,2.1.1,2026-09-30
augusdj01,D.J. Augustin,2009,2021,13,2.1,695,2014,1.265,2.1.1,2026-09-30
mcinnje01,Jeff McInnis,1999,2005,6,2.1,696,2002,1.698,2.1.1,2026-09-30
afflaar01,Arron Afflalo,2008,2017,10,2.08,697,2014,1.13,2.1.1,2026-09-30
rodgegu01,Guy Rodgers,1960,1970,11,2.07,698,1964,1.264,2.1.1,2026-09-30
monkma01,Malik Monk,2018,2026,8,2.07,699,2025,1.682,2.1.1,2026-09-30
scottde01,Dennis Scott,1991,2000,8,2.07,700,1996,2.53,2.1.1,2026-09-30
simmoli01,Lionel Simmons,1991,1995,5,2.06,701,1991,1.515,2.1.1,2026-09-30
weathcl01,Clarence Weatherspoon,1993,2003,10,2.03,702,1994,1.255,2.1.1,2026-09-30
leverca01,Caris LeVert,2018,2026,6,2.03,703,2022,1.188,2.1.1,2026-09-30
grossbo01,Bob Gross,1976,1982,6,2.03,704,1977,3.469,2.1.1,2026-09-30
barroda01,Dana Barros,1990,2001,11,2.01,705,1995,2.69,2.1.1,2026-09-30
normake01,Ken Norman,1988,1995,8,2.01,706,1991,1.254,2.1.1,2026-09-30
jackslu01,Luke Jackson,1965,1972,6,2.01,707,1967,2.256,2.1.1,2026-09-30
washipj01,P.J. Washington,2020,2024,5,2.0,708,2021,0.814,2.1.1,2026-09-30
humphja01,Jay Humphries,1985,1994,10,2.0,709,1991,1.476,2.1.1,2026-09-30
beaslmi01,Michael Beasley,2009,2018,6,1.92,710,2010,1.253,2.1.1,2026-09-30
warretj01,T.J. Warren,2017,2020,3,1.91,711,2020,2.301,2.1.1,2026-09-30
costela01,Larry Costello,1957,1965,8,1.89,712,1959,1.746,2.1.1,2026-09-30
kingge01,George King,1952,1958,6,1.89,713,1954,1.227,2.1.1,2026-09-30
willico02,Corliss Williamson,1997,2007,10,1.88,714,1998,1.26,2.1.1,2026-09-30
carrke01,Kenny Carr,1979,1984,6,1.88,715,1984,1.631,2.1.1,2026-09-30
jacksbo01,Bobby Jackson,1998,2009,9,1.88,716,2003,3.037,2.1.1,2026-09-30
podzibr01,Brandin Podziemski,2024,2026,3,1.86,717,2026,1.041,2.1.1,2026-09-30
jabalwa01,Warren Jabali,1969,1975,5,1.85,718,1969,6.166,2.1.1,2026-09-30
poseyja01,James Posey,2000,2010,10,1.8,719,2004,1.093,2.1.1,2026-09-30
anderde01,Derek Anderson,1998,2003,6,1.8,720,2001,2.644,2.1.1,2026-09-30
longllu01,Luc Longley,1992,2000,7,1.77,721,1998,2.053,2.1.1,2026-09-30
thomaku01,Kurt Thomas,1996,2012,13,1.76,722,2005,1.053,2.1.1,2026-09-30
mcdanja02,Jaden McDaniels,2021,2026,6,1.73,723,2025,1.686,2.1.1,2026-09-30
jonesri01,Rich Jones,1971,1976,6,1.71,724,1975,1.923,2.1.1,2026-09-30
drewla01,Larry Drew,1981,1990,9,1.7,725,1983,3.356,2.1.1,2026-09-30
caldejo01,José Calderón,2006,2016,10,1.69,726,2008,0.854,2.1.1,2026-09-30
phillbo01,Bobby Phills,1994,1999,6,1.67,727,1997,1.337,2.1.1,2026-09-30
ellisla01,LaPhonso Ellis,1993,2002,6,1.63,728,1994,2.788,2.1.1,2026-09-30
waitedi01,Dion Waiters,2013,2016,4,1.61,729,2014,0.774,2.1.1,2026-09-30
mayooj01,O.J. Mayo,2009,2015,6,1.58,730,2009,1.248,2.1.1,2026-09-30
ilyaser01,Ersan İlyasova,2007,2020,11,1.57,731,2012,1.416,2.1.1,2026-09-30
joneswi02,Wil Jones,1970,1978,9,1.52,732,1975,2.111,2.1.1,2026-09-30
johnsar01,Arnie Johnson,1952,1953,2,1.51,733,1952,1.381,2.1.1,2026-09-30
fordtj01,T.J. Ford,2006,2009,3,1.5,734,2009,1.374,2.1.1,2026-09-30
hollawi01,Wilbur Holland,1977,1979,3,1.48,735,1977,1.172,2.1.1,2026-09-30
zasloma01,Max Zaslofsky,1952,1955,3,1.47,736,1952,1.64,2.1.1,2026-09-30
mahorri01,Rick Mahorn,1982,1998,13,1.45,737,1982,1.216,2.1.1,2026-09-30
collida01,Darren Collison,2010,2019,9,1.44,738,2018,0.918,2.1.1,2026-09-30
flaggco01,Cooper Flagg,2026,2026,1,1.44,739,2026,1.873,2.1.1,2026-09-30
shaffle01,Lee Shaffer,1962,1963,2,1.44,740,1963,1.568,2.1.1,2026-09-30
balllo01,Lonzo Ball,2020,2021,2,1.41,741,2021,1.279,2.1.1,2026-09-30
radjadi01,Dino Radja,1994,1995,2,1.4,742,1995,1.459,2.1.1,2026-09-30
korveky01,Kyle Korver,2004,2020,16,1.4,743,2015,1.961,2.1.1,2026-09-30
abdulma01,Walt Hazzard,1965,1972,8,1.39,744,1970,1.066,2.1.1,2026-09-30
campbto01,Tony Campbell,1986,1995,8,1.39,745,1990,2.493,2.1.1,2026-09-30
curryde01,Dell Curry,1987,2001,13,1.36,746,1994,1.043,2.1.1,2026-09-30
thomati01,Tim Thomas,1998,2009,11,1.36,747,2001,1.014,2.1.1,2026-09-30
delnevi01,Vinny Del Negro,1989,2001,10,1.34,748,1996,2.123,2.1.1,2026-09-30
mckieaa01,Aaron McKie,1996,2005,9,1.31,749,2001,3.092,2.1.1,2026-09-30
burleto01,Tom Burleson,1975,1978,4,1.3,750,1976,1.488,2.1.1,2026-09-30
smithbi02,Bingo Smith,1970,1980,11,1.28,751,1976,1.032,2.1.1,2026-09-30
schaufr01,Fred Schaus,1952,1954,3,1.26,752,1952,3.123,2.1.1,2026-09-30
gibsota01,Taj Gibson,2010,2020,11,1.24,753,2014,2.079,2.1.1,2026-09-30
woodch01,Christian Wood,2020,2023,3,1.23,754,2023,0.939,2.1.1,2026-09-30
pekovni01,Nikola Peković,2011,2013,3,1.21,755,2013,2.086,2.1.1,2026-09-30
bogdabo01,Bogdan Bogdanović,2018,2024,5,1.2,756,2020,1.22,2.1.1,2026-09-30
brookaa01,Aaron Brooks,2009,2017,7,1.18,757,2010,1.99,2.1.1,2026-09-30
hendege01,Gerald Henderson,1980,1989,10,1.17,758,1984,1.561,2.1.1,2026-09-30
fordph01,Phil Ford,1979,1984,6,1.17,759,1980,1.852,2.1.1,2026-09-30
bradlsh01,Shawn Bradley,1995,2005,10,1.16,760,1996,0.825,2.1.1,2026-09-30
covinro01,Robert Covington,2015,2022,7,1.12,761,2018,1.936,2.1.1,2026-09-30
abdulma02,Mahmoud Abdul-Rauf,1991,1997,6,1.1,762,1993,1.913,2.1.1,2026-09-30
ellisle01,Leroy Ellis,1963,1975,13,1.1,763,1971,1.408,2.1.1,2026-09-30
salmojo01,John Salmons,2003,2014,11,1.08,764,2011,1.023,2.1.1,2026-09-30
knighbr01,Brevin Knight,1998,2009,7,1.08,765,1999,0.998,2.1.1,2026-09-30
thomake01,Kenny Thomas,2000,2007,8,1.08,766,2004,1.435,2.1.1,2026-09-30
mooreot01,Otto Moore,1969,1977,8,1.07,767,1976,0.904,2.1.1,2026-09-30
woodsmi01,Mike Woodson,1981,1990,10,1.05,768,1983,1.762,2.1.1,2026-09-30
augmost01,Stacey Augmon,1992,2004,13,1.05,769,1994,2.102,2.1.1,2026-09-30
rochare01,Red Rocha,1952,1957,5,1.04,770,1952,3.647,2.1.1,2026-09-30
surabo01,Bob Sura,1996,2005,7,1.04,771,2005,1.498,2.1.1,2026-09-30
murrala01,Lamond Murray,1995,2005,9,1.04,772,2002,0.98,2.1.1,2026-09-30
kupchmi01,Mitch Kupchak,1977,1985,5,1.03,773,1978,2.682,2.1.1,2026-09-30
oubreke01,Kelly Oubre Jr.,2016,2025,9,1.03,774,2020,0.967,2.1.1,2026-09-30
benjabe01,Benoit Benjamin,1986,1996,11,1.02,775,1991,0.892,2.1.1,2026-09-30
mathube01,Bennedict Mathurin,2023,2025,3,0.99,776,2025,1.012,2.1.1,2026-09-30
heardga01,Gar Heard,1971,1981,10,0.98,777,1976,1.689,2.1.1,2026-09-30
jeromty01,Ty Jerome,2025,2025,1,0.98,778,2025,1.436,2.1.1,2026-09-30
richapo01,Pooh Richardson,1990,1998,8,0.97,779,1991,1.378,2.1.1,2026-09-30
grantha01,Harvey Grant,1989,1999,11,0.95,780,1991,1.534,2.1.1,2026-09-30
carrml01,M.L. Carr,1976,1984,7,0.95,781,1979,2.035,2.1.1,2026-09-30
kingal01,Albert King,1982,1988,6,0.95,782,1983,2.496,2.1.1,2026-09-30
masonde01,Desmond Mason,2001,2008,8,0.9,783,2005,1.005,2.1.1,2026-09-30
quickim01,Immanuel Quickley,2021,2026,5,0.89,784,2026,2.052,2.1.1,2026-09-30
villach01,Charlie Villanueva,2006,2016,8,0.89,785,2009,1.502,2.1.1,2026-09-30
robinna01,Nate Robinson,2006,2013,7,0.88,786,2013,1.074,2.1.1,2026-09-30
curryse01,Seth Curry,2017,2025,7,0.85,787,2021,2.004,2.1.1,2026-09-30
edgecvj01,VJ Edgecombe,2026,2026,1,0.84,788,2026,1.396,2.1.1,2026-09-30
polynol01,Olden Polynice,1988,2001,14,0.81,789,1997,0.493,2.1.1,2026-09-30
smithde03,Dennis Smith Jr.,2018,2018,1,0.79,790,2018,1.029,2.1.1,2026-09-30
milesda01,Darius Miles,2001,2005,5,0.78,791,2002,0.439,2.1.1,2026-09-30
motiedo01,Donatas Motiejūnas,2014,2015,2,0.77,792,2015,2.005,2.1.1,2026-09-30
perkike01,Kendrick Perkins,2005,2015,10,0.76,793,2009,1.444,2.1.1,2026-09-30
aminual01,Al-Farouq Aminu,2011,2019,9,0.75,794,2016,1.365,2.1.1,2026-09-30
rowecu01,Curtis Rowe,1972,1977,6,0.75,795,1973,1.46,2.1.1,2026-09-30
baglema01,Marvin Bagley III,2019,2026,2,0.74,796,2019,1.159,2.1.1,2026-09-30
cheanca01,Calbert Cheaney,1994,2004,10,0.74,797,1996,0.862,2.1.1,2026-09-30
mercero01,Ron Mercer,1998,2003,5,0.74,798,1999,1.799,2.1.1,2026-09-30
vaughlo01,Loy Vaught,1991,1999,8,0.73,799,1996,1.467,2.1.1,2026-09-30
nealll01,Lloyd Neal,1973,1978,6,0.72,800,1976,1.466,2.1.1,2026-09-30
nembhan01,Andrew Nembhard,2023,2025,3,0.71,801,2025,0.956,2.1.1,2026-09-30
varejan01,Anderson Varejão,2007,2014,4,0.7,802,2009,1.438,2.1.1,2026-09-30
lafrera01,Raef LaFrentz,2000,2006,6,0.69,803,2001,0.964,2.1.1,2026-09-30
hubbaph01,Phil Hubbard,1980,1988,8,0.66,804,1985,0.835,2.1.1,2026-09-30
robbire01,Red Robbins,1968,1974,6,0.66,805,1971,1.879,2.1.1,2026-09-30
donalja01,James Donaldson,1981,1992,11,0.6,806,1987,1.082,2.1.1,2026-09-30
webbsp01,Spud Webb,1986,1996,10,0.59,807,1995,0.788,2.1.1,2026-09-30
robinfl01,Flynn Robinson,1967,1972,6,0.59,808,1970,2.83,2.1.1,2026-09-30
suggsja01,Jalen Suggs,2024,2024,1,0.58,809,2024,0.884,2.1.1,2026-09-30
washike01,Kermit Washington,1979,1981,3,0.58,810,1980,1.169,2.1.1,2026-09-30
thornma01,Marcus Thornton,2010,2016,6,0.58,811,2012,1.102,2.1.1,2026-09-30
johnsst03,Steve Johnson,1982,1989,7,0.54,812,1987,1.952,2.1.1,2026-09-30
simmoco01,Connie Simmons,1952,1956,4,0.54,813,1953,1.779,2.1.1,2026-09-30
powelci01,Cincy Powell,1968,1975,8,0.52,814,1971,1.025,2.1.1,2026-09-30
grantje01,Jerami Grant,2015,2023,8,0.51,815,2021,1.675,2.1.1,2026-09-30
huertke01,Kevin Huerter,2019,2026,8,0.49,816,2021,0.839,2.1.1,2026-09-30
atkinch01,Chucky Atkins,2000,2007,8,0.49,817,2001,0.548,2.1.1,2026-09-30
ellispe01,Pervis Ellison,1991,1996,3,0.49,818,1992,2.017,2.1.1,2026-09-30
larsspe01,Pelle Larsson,2026,2026,1,0.49,819,2026,0.632,2.1.1,2026-09-30
ridnolu01,Luke Ridnour,2004,2014,11,0.48,820,2012,0.546,2.1.1,2026-09-30
bareajo01,J.J. Barea,2009,2018,8,0.48,821,2011,0.974,2.1.1,2026-09-30
persowe01,Wesley Person,1995,2004,9,0.48,822,1998,1.155,2.1.1,2026-09-30
brookmi01,Michael Brooks,1981,1983,3,0.48,823,1981,0.647,2.1.1,2026-09-30
listeal01,Alton Lister,1982,1996,11,0.47,824,1986,1.266,2.1.1,2026-09-30
cartemi01,Michael Carter-Williams,2014,2015,2,0.47,825,2015,0.682,2.1.1,2026-09-30
rosema01,Malik Rose,1999,2007,8,0.46,826,2003,2.151,2.1.1,2026-09-30
cagemi01,Michael Cage,1985,1998,14,0.45,827,1990,0.904,2.1.1,2026-09-30
willima07,Mark Williams,2026,2026,1,0.44,828,2026,0.575,2.1.1,2026-09-30
marcisa01,Šarūnas Marčiulionis,1990,1995,3,0.44,829,1992,1.825,2.1.1,2026-09-30
olynyke01,Kelly Olynyk,2014,2024,10,0.43,830,2023,0.75,2.1.1,2026-09-30
johnsja05,Jalen Johnson,2023,2026,2,0.41,831,2026,4.566,2.1.1,2026-09-30
muresgh01,Gheorghe Mureșan,1995,1997,3,0.4,832,1996,1.908,2.1.1,2026-09-30
bucknqu01,Quinn Buckner,1977,1985,9,0.39,833,1982,1.6,2.1.1,2026-09-30
carrida01,Darel Carrier,1968,1971,4,0.39,834,1968,1.252,2.1.1,2026-09-30
divindo01,Donte DiVincenzo,2020,2026,6,0.38,835,2024,2.153,2.1.1,2026-09-30
rolliry01,Ryan Rollins,2026,2026,1,0.38,836,2026,0.49,2.1.1,2026-09-30
parkeja01,Jabari Parker,2016,2019,2,0.37,837,2019,0.256,2.1.1,2026-09-30
plumlma01,Mason Plumlee,2014,2025,11,0.37,838,2016,0.635,2.1.1,2026-09-30
willina01,Nate Williams,1972,1979,8,0.36,839,1974,0.525,2.1.1,2026-09-30
boerwto01,Tom Boerwinkle,1969,1977,7,0.33,840,1971,1.484,2.1.1,2026-09-30
webstma01,Marvin Webster,1977,1984,7,0.31,841,1978,5.4,2.1.1,2026-09-30
hendesc01,Scoot Henderson,2024,2025,2,0.31,842,2025,0.503,2.1.1,2026-09-30
sessira01,Ramon Sessions,2009,2016,8,0.3,843,2009,0.815,2.1.1,2026-09-30
threase01,Sedale Threatt,1985,1996,12,0.29,844,1993,1.069,2.1.1,2026-09-30
joneste01,Terrence Jones,2014,2014,1,0.29,845,2014,0.986,2.1.1,2026-09-30
sullija01,Jared Sullinger,2014,2016,3,0.27,846,2015,1.074,2.1.1,2026-09-30
bowenbr01,Bruce Bowen,1998,2009,11,0.26,847,2005,0.951,2.1.1,2026-09-30
chapmre01,Rex Chapman,1989,1999,7,0.24,848,1998,1.36,2.1.1,2026-09-30
houbrbo01,Bob Houbregs,1954,1957,3,0.24,849,1956,0.75,2.1.1,2026-09-30
mixst01,Steve Mix,1974,1983,9,0.24,850,1976,1.282,2.1.1,2026-09-30
chanedo01,Don Chaney,1970,1980,9,0.24,851,1974,0.803,2.1.1,2026-09-30
nichoja01,Jack Nichols,1953,1958,6,0.22,852,1953,2.166,2.1.1,2026-09-30
johnsca02,Cameron Johnson,2020,2024,4,0.21,853,2024,0.966,2.1.1,2026-09-30
hunteli01,Lindsey Hunter,1994,2005,9,0.2,854,1997,1.516,2.1.1,2026-09-30
willisl01,Sly Williams,1981,1983,3,0.18,855,1982,0.937,2.1.1,2026-09-30
beardbu01,Butch Beard,1970,1978,8,0.17,856,1975,1.882,2.1.1,2026-09-30
ottendo01,Don Otten,1952,1952,1,0.14,857,1952,0.183,2.1.1,2026-09-30
anderro01,Ron Anderson,1986,1993,8,0.13,858,1989,1.022,2.1.1,2026-09-30
jonespo01,Popeye Jones,1994,2002,5,0.13,859,1995,0.775,2.1.1,2026-09-30
udrihbe01,Beno Udrih,2005,2015,9,0.1,860,2008,0.797,2.1.1,2026-09-30
kauffbo01,Bob Kauffman,1969,1975,7,0.1,861,1973,1.373,2.1.1,2026-09-30
richajo01,Josh Richardson,2018,2023,6,0.09,862,2019,1.981,2.1.1,2026-09-30
champju02,Julian Champagnie,2024,2026,3,0.09,863,2026,1.993,2.1.1,2026-09-30
pritcpa01,Payton Pritchard,2021,2026,5,0.09,864,2026,3.374,2.1.1,2026-09-30
wellsja01,Jaylen Wells,2025,2026,2,0.09,865,2025,0.568,2.1.1,2026-09-30
stephja01,Jack Stephens,1956,1956,1,0.08,866,1956,0.083,2.1.1,2026-09-30
brownde01,Dee Brown,1991,1999,7,0.08,867,1995,0.68,2.1.1,2026-09-30
queende01,Derik Queen,2026,2026,1,0.06,868,2026,0.084,2.1.1,2026-09-30
riordmi01,Mike Riordan,1970,1976,7,0.06,869,1973,2.207,2.1.1,2026-09-30
sojoumi01,Mike Sojourner,1975,1976,2,0.05,870,1975,0.507,2.1.1,2026-09-30
kelleri01,Rich Kelley,1976,1985,10,0.04,871,1979,1.215,2.1.1,2026-09-30
sallejo01,John Salley,1987,1995,8,0.04,872,1988,0.29,2.1.1,2026-09-30
walkeda01,Darrell Walker,1984,1992,8,0.04,873,1990,1.146,2.1.1,2026-09-30
strusma01,Max Strus,2022,2024,3,0.03,874,2024,0.573,2.1.1,2026-09-30
fearsje01,Jeremiah Fears,2026,2026,1,0.0,875,2026,0.003,2.1.1,2026-09-30
johnsty01,Tyler Johnson,2017,2018,2,-0.01,876,2017,1.182,2.1.1,2026-09-30
sheppre01,Reed Sheppard,2026,2026,1,-0.01,877,2026,0.591,2.1.1,2026-09-30
belinma01,Marco Belinelli,2010,2020,11,-0.03,878,2014,1.182,2.1.1,2026-09-30
harriga01,Gary Harris,2016,2022,4,-0.03,879,2018,2.069,2.1.1,2026-09-30
edwarbl01,Blue Edwards,1990,1998,9,-0.04,880,1993,1.288,2.1.1,2026-09-30
fultzma01,Markelle Fultz,2020,2023,2,-0.05,881,2023,0.818,2.1.1,2026-09-30
kalkbry01,Ryan Kalkbrenner,2026,2026,1,-0.05,882,2026,-0.068,2.1.1,2026-09-30
willibr03,Brandon Williams,2026,2026,1,-0.05,883,2026,-0.069,2.1.1,2026-09-30
bassbr01,Brandon Bass,2008,2016,8,-0.06,884,2012,2.158,2.1.1,2026-09-30
maystr01,Travis Mays,1991,1991,1,-0.06,885,1991,-0.074,2.1.1,2026-09-30
lavoybo01,Bob Lavoy,1952,1954,3,-0.07,886,1952,0.312,2.1.1,2026-09-30
mirotni01,Nikola Mirotić,2015,2017,3,-0.07,887,2016,0.907,2.1.1,2026-09-30
millejo02,Jordan Miller,2026,2026,1,-0.07,888,2026,-0.09,2.1.1,2026-09-30
furlote01,Terry Furlow,1979,1980,2,-0.07,889,1980,0.205,2.1.1,2026-09-30
leeco01,Courtney Lee,2009,2018,10,-0.08,890,2015,0.817,2.1.1,2026-09-30
cowarce01,Cedric Coward,2026,2026,1,-0.11,891,2026,-0.148,2.1.1,2026-09-30
delebi01,Bison Dele,1994,1999,5,-0.12,892,1998,2.243,2.1.1,2026-09-30
carran01,Antoine Carr,1985,1998,12,-0.14,893,1991,1.166,2.1.1,2026-09-30
willial02,Alvin Williams,1999,2003,4,-0.15,894,2002,0.757,2.1.1,2026-09-30
mozgoti01,Timofey Mozgov,2014,2016,3,-0.17,895,2015,1.87,2.1.1,2026-09-30
countme01,Mel Counts,1966,1975,8,-0.18,896,1969,0.66,2.1.1,2026-09-30
olberma01,Mark Olberding,1976,1987,12,-0.19,897,1982,1.894,2.1.1,2026-09-30
porteot01,Otto Porter Jr.,2015,2022,5,-0.2,898,2018,1.362,2.1.1,2026-09-30
nocioan01,Andrés Nocioni,2005,2010,5,-0.21,899,2006,1.48,2.1.1,2026-09-30
cartewe01,Wendell Carter Jr.,2021,2026,4,-0.21,900,2022,1.112,2.1.1,2026-09-30
carrode01,DeMarre Carroll,2010,2019,7,-0.21,901,2015,2.539,2.1.1,2026-09-30
cannola01,Larry Cannon,1971,1971,1,-0.22,902,1971,0.315,2.1.1,2026-09-30
clingdo01,Donovan Clingan,2025,2026,2,-0.22,903,2026,0.882,2.1.1,2026-09-30
joyceke01,Kevin Joyce,1975,1975,1,-0.23,904,1975,-0.08,2.1.1,2026-09-30
sochaje01,Jeremy Sochan,2024,2024,1,-0.23,905,2024,-0.299,2.1.1,2026-09-30
magloja01,Jamaal Magloire,2001,2007,6,-0.24,906,2004,1.89,2.1.1,2026-09-30
millspa02,Patty Mills,2011,2022,10,-0.25,907,2017,1.22,2.1.1,2026-09-30
newmajo01,Johnny Newman,1987,2001,14,-0.25,908,1989,1.129,2.1.1,2026-09-30
batesbi01,Billy Ray Bates,1981,1982,2,-0.25,909,1981,0.276,2.1.1,2026-09-30
murrake02,Keegan Murray,2023,2025,3,-0.25,910,2024,0.834,2.1.1,2026-09-30
jenkida01,Daniss Jenkins,2026,2026,1,-0.26,911,2026,0.207,2.1.1,2026-09-30
gilleco01,Collin Gillespie,2026,2026,1,-0.27,912,2026,0.378,2.1.1,2026-09-30
kesslwa01,Walker Kessler,2023,2025,3,-0.27,913,2025,0.099,2.1.1,2026-09-30
bargnan01,Andrea Bargnani,2007,2011,5,-0.28,914,2010,1.202,2.1.1,2026-09-30
dailequ01,Quintin Dailey,1983,1989,5,-0.28,915,1984,0.848,2.1.1,2026-09-30
boguemu01,Muggsy Bogues,1988,2000,12,-0.29,916,1995,0.974,2.1.1,2026-09-30
austiis01,Isaac Austin,1997,2000,4,-0.3,917,1998,1.819,2.1.1,2026-09-30
gamblke01,Kevin Gamble,1990,1997,8,-0.31,918,1992,1.371,2.1.1,2026-09-30
bibbyhe01,Henry Bibby,1974,1981,8,-0.31,919,1977,0.937,2.1.1,2026-09-30
milleed01,Eddie Miller,1953,1954,2,-0.32,920,1953,-0.175,2.1.1,2026-09-30
thompla01,LaSalle Thompson,1983,1993,11,-0.32,921,1989,0.795,2.1.1,2026-09-30
tayloma01,Maurice Taylor,1998,2006,8,-0.32,922,2001,0.86,2.1.1,2026-09-30
morriad01,Adam Morrison,2007,2007,1,-0.32,923,2007,-0.421,2.1.1,2026-09-30
spencca01,Cam Spencer,2026,2026,1,-0.33,924,2026,-0.426,2.1.1,2026-09-30
murphto01,Tod Murphy,1990,1990,1,-0.33,925,1990,-0.428,2.1.1,2026-09-30
dortlu01,Luguentz Dort,2021,2026,5,-0.33,926,2025,0.839,2.1.1,2026-09-30
blatcan01,Andray Blatche,2008,2014,6,-0.33,927,2011,1.181,2.1.1,2026-09-30
azubuke01,Kelenna Azubuike,2008,2009,2,-0.36,928,2009,-0.012,2.1.1,2026-09-30
ruffitr01,Trevor Ruffin,1996,1996,1,-0.36,929,1996,-0.472,2.1.1,2026-09-30
baileac01,Ace Bailey,2026,2026,1,-0.36,930,2026,-0.474,2.1.1,2026-09-30
terreir01,Ira Terrell,1977,1977,1,-0.37,931,1977,-0.475,2.1.1,2026-09-30
flynnjo01,Jonny Flynn,2010,2010,1,-0.37,932,2010,-0.475,2.1.1,2026-09-30
patteru01,Ruben Patterson,2000,2007,8,-0.37,933,2001,0.471,2.1.1,2026-09-30
santogu01,Gui Santos,2026,2026,1,-0.38,934,2026,-0.494,2.1.1,2026-09-30
garbajo01,Jorge Garbajosa,2007,2007,1,-0.38,935,2007,-0.495,2.1.1,2026-09-30
tylerte01,Terry Tyler,1979,1989,11,-0.38,936,1985,0.107,2.1.1,2026-09-30
pippesc02,Scotty Pippen Jr.,2025,2025,1,-0.38,937,2025,0.036,2.1.1,2026-09-30
foyera01,Randy Foye,2007,2017,9,-0.39,938,2009,0.545,2.1.1,2026-09-30
banksge01,Gene Banks,1982,1987,6,-0.39,939,1983,3.104,2.1.1,2026-09-30
lopezra01,Raül López,2004,2004,1,-0.4,940,2004,-0.522,2.1.1,2026-09-30
barnema02,Matt Barnes,2007,2017,10,-0.4,941,2013,0.813,2.1.1,2026-09-30
herroke01,Keith Herron,1981,1981,1,-0.4,942,1981,-0.524,2.1.1,2026-09-30
smithis01,Ish Smith,2014,2022,6,-0.41,943,2018,0.773,2.1.1,2026-09-30
jonestr01,Tre Jones,2022,2026,4,-0.41,944,2026,0.642,2.1.1,2026-09-30
sundedo01,Don Sunderlage,1954,1954,1,-0.43,945,1954,-0.556,2.1.1,2026-09-30
diabamo01,Moussa Diabaté,2025,2026,2,-0.43,946,2026,0.676,2.1.1,2026-09-30
willija03,Jay Williams,2003,2003,1,-0.43,947,2003,-0.562,2.1.1,2026-09-30
johnsra01,Ralph Johnson,1952,1952,1,-0.44,948,1952,-0.436,2.1.1,2026-09-30
tuckepj01,P.J. Tucker,2013,2023,11,-0.44,949,2014,0.656,2.1.1,2026-09-30
corzida01,Dave Corzine,1979,1989,11,-0.45,950,1982,0.82,2.1.1,2026-09-30
sharpsh01,Shaedon Sharpe,2023,2025,2,-0.45,951,2025,1.044,2.1.1,2026-09-30
feickja01,Jamie Feick,2000,2000,1,-0.45,952,2000,-0.591,2.1.1,2026-09-30
dalemsa01,Samuel Dalembert,2004,2014,10,-0.45,953,2008,0.434,2.1.1,2026-09-30
mehendi01,Dick Mehen,1952,1952,1,-0.46,954,1952,-0.597,2.1.1,2026-09-30
ratlith01,Theo Ratliff,1996,2005,7,-0.46,955,1999,1.096,2.1.1,2026-09-30
huntede01,De'Andre Hunter,2020,2025,3,-0.47,956,2025,1.082,2.1.1,2026-09-30
tsakaja01,Jake Tsakalidis,2002,2002,1,-0.47,957,2002,-0.617,2.1.1,2026-09-30
berryri01,Ricky Berry,1989,1989,1,-0.48,958,1989,-0.619,2.1.1,2026-09-30
eacklle01,Ledell Eackles,1989,1992,4,-0.48,959,1990,0.059,2.1.1,2026-09-30
geigema01,Matt Geiger,1994,2000,6,-0.49,960,1999,2.576,2.1.1,2026-09-30
sparrro01,Rory Sparrow,1982,1991,10,-0.52,961,1984,0.759,2.1.1,2026-09-30
clarkbr01,Brandon Clarke,2020,2025,4,-0.52,962,2022,0.642,2.1.1,2026-09-30
thompau01,Ausar Thompson,2024,2026,3,-0.53,963,2026,1.297,2.1.1,2026-09-30
robinru01,Rumeal Robinson,1992,1993,2,-0.53,964,1992,0.965,2.1.1,2026-09-30
breweji01,Jim Brewer,1974,1982,9,-0.53,965,1976,2.482,2.1.1,2026-09-30
joneswa01,Wah Wah Jones,1952,1952,1,-0.53,966,1952,-0.694,2.1.1,2026-09-30
colesbi01,Bimbo Coles,1991,2000,8,-0.53,967,1996,0.846,2.1.1,2026-09-30
trentga02,Gary Trent Jr.,2020,2026,7,-0.56,968,2022,1.248,2.1.1,2026-09-30
micicva01,Vasilije Micić,2024,2024,1,-0.56,969,2024,-0.73,2.1.1,2026-09-30
dickemi01,Michael Dickerson,1999,2001,3,-0.57,970,2000,0.826,2.1.1,2026-09-30
iveyja01,Jaden Ivey,2023,2024,2,-0.58,971,2023,-0.219,2.1.1,2026-09-30
ratkoge01,George Ratkovicz,1952,1954,3,-0.58,972,1953,1.066,2.1.1,2026-09-30
anderju01,Justin Anderson,2017,2017,1,-0.58,973,2017,-0.755,2.1.1,2026-09-30
turneev01,Evan Turner,2011,2019,9,-0.58,974,2012,1.015,2.1.1,2026-09-30
bolbo01,Bol Bol,2023,2023,1,-0.58,975,2023,-0.759,2.1.1,2026-09-30
buzelma01,Matas Buzelis,2025,2026,2,-0.59,976,2026,0.448,2.1.1,2026-09-30
petermo01,Morris Peterson,2001,2008,8,-0.59,977,2006,0.498,2.1.1,2026-09-30
kerrija01,Jack Kerris,1952,1953,2,-0.59,978,1952,0.74,2.1.1,2026-09-30
raynama01,Maxime Raynaud,2026,2026,1,-0.6,979,2026,-0.782,2.1.1,2026-09-30
tysonja01,Jaylon Tyson,2026,2026,1,-0.6,980,2026,0.146,2.1.1,2026-09-30
okongon01,Onyeka Okongwu,2023,2026,3,-0.6,981,2026,1.101,2.1.1,2026-09-30
pachuza01,Zaza Pachulia,2004,2019,14,-0.61,982,2012,0.684,2.1.1,2026-09-30
georgke01,Keyonte George,2024,2025,2,-0.61,983,2025,-0.07,2.1.1,2026-09-30
braddga01,Gary Bradds,1969,1970,2,-0.61,984,1969,2.957,2.1.1,2026-09-30
dayto01,Todd Day,1993,2000,6,-0.61,985,1995,0.653,2.1.1,2026-09-30
garmadi01,Dick Garmaker,1956,1961,6,-0.62,986,1957,0.804,2.1.1,2026-09-30
birchkh01,Khem Birch,2021,2021,1,-0.62,987,2021,-0.807,2.1.1,2026-09-30
spanaji01,Jim Spanarkel,1981,1982,2,-0.63,988,1981,-0.237,2.1.1,2026-09-30
simmojo02,Jonathon Simmons,2017,2018,2,-0.63,989,2018,-0.033,2.1.1,2026-09-30
miasest01,Stan Miasek,1952,1953,2,-0.63,990,1952,-0.045,2.1.1,2026-09-30
mccloge01,George McCloud,1991,2002,9,-0.64,991,1996,1.28,2.1.1,2026-09-30
anderjj01,J.J. Anderson,1983,1983,1,-0.64,992,1983,-0.835,2.1.1,2026-09-30
smithla01,Larry Smith,1981,1993,10,-0.65,993,1981,0.256,2.1.1,2026-09-30
parkeso01,Sonny Parker,1977,1982,6,-0.65,994,1979,2.02,2.1.1,2026-09-30
johnske07,Keon Johnson,2025,2025,1,-0.65,995,2025,-0.847,2.1.1,2026-09-30
thomppa01,Paul Thompson,1984,1984,1,-0.66,996,1984,-0.852,2.1.1,2026-09-30
sobiero01,Ron Sobie,1957,1958,2,-0.66,997,1958,0.056,2.1.1,2026-09-30
bensoke01,Kent Benson,1978,1987,9,-0.66,998,1982,0.63,2.1.1,2026-09-30
dienetr01,Travis Diener,2008,2008,1,-0.67,999,2008,-0.876,2.1.1,2026-09-30
nwabada01,David Nwaba,2018,2018,1,-0.67,1000,2018,-0.876,2.1.1,2026-09-30
hendeal01,Alan Henderson,1996,2005,7,-0.68,1001,1998,1.294,2.1.1,2026-09-30
shumajo01,John Shumate,1976,1980,4,-0.68,1002,1978,1.421,2.1.1,2026-09-30
willima02,Marvin Williams,2006,2020,15,-0.69,1003,2017,0.591,2.1.1,2026-09-30
spencpa01,Pat Spencer,2026,2026,1,-0.69,1004,2026,-0.892,2.1.1,2026-09-30
jamessi01,Sion James,2026,2026,1,-0.69,1005,2026,-0.892,2.1.1,2026-09-30
sarral01,Alex Sarr,2025,2025,1,-0.69,1006,2025,-0.893,2.1.1,2026-09-30
heymaar01,Art Heyman,1964,1969,3,-0.69,1007,1968,1.213,2.1.1,2026-09-30
kilpase01,Sean Kilpatrick,2017,2017,1,-0.7,1008,2017,-0.909,2.1.1,2026-09-30
bradlav01,Avery Bradley,2012,2022,6,-0.71,1009,2016,1.233,2.1.1,2026-09-30
easonta01,Tari Eason,2023,2026,2,-0.71,1010,2026,0.154,2.1.1,2026-09-30
trieral01,Allonzo Trier,2019,2019,1,-0.71,1011,2019,-0.922,2.1.1,2026-09-30
diallha01,Hamidou Diallo,2021,2022,2,-0.71,1012,2021,-0.012,2.1.1,2026-09-30
barneji02,Jim Barnett,1969,1976,8,-0.72,1013,1971,0.266,2.1.1,2026-09-30
kudelfr01,Frank Kudelka,1952,1952,1,-0.72,1014,1952,-0.938,2.1.1,2026-09-30
washiji01,Jim Washington,1966,1975,10,-0.72,1015,1969,0.548,2.1.1,2026-09-30
radmavl01,Vladimir Radmanović,2002,2012,9,-0.72,1016,2004,0.572,2.1.1,2026-09-30
gilesha01,Harry Giles,2019,2019,1,-0.72,1017,2019,-0.941,2.1.1,2026-09-30
landrca01,Carl Landry,2009,2015,5,-0.73,1018,2010,1.444,2.1.1,2026-09-30
okafoja01,Jahlil Okafor,2019,2019,1,-0.73,1019,2019,-0.947,2.1.1,2026-09-30
odengr01,Greg Oden,2009,2009,1,-0.73,1020,2009,-0.046,2.1.1,2026-09-30
tabakza01,Žan Tabak,1996,1996,1,-0.73,1021,1996,-0.955,2.1.1,2026-09-30
hamiljo02,Jordan Hamilton,2014,2014,1,-0.73,1022,2014,-0.955,2.1.1,2026-09-30
navarju01,Juan Carlos Navarro,2008,2008,1,-0.74,1023,2008,-0.958,2.1.1,2026-09-30
postqu01,Quinten Post,2026,2026,1,-0.74,1024,2026,-0.963,2.1.1,2026-09-30
besttr01,Travis Best,1996,2005,10,-0.74,1025,2001,0.677,2.1.1,2026-09-30
harpemi01,Mike Harper,1982,1982,1,-0.74,1026,1982,-0.965,2.1.1,2026-09-30
randoan01,Anthony Randolph,2009,2009,1,-0.75,1027,2009,-0.979,2.1.1,2026-09-30
claxtsp01,Speedy Claxton,2002,2006,4,-0.76,1028,2005,0.574,2.1.1,2026-09-30
finnda01,Danny Finn,1954,1954,1,-0.76,1029,1954,-0.984,2.1.1,2026-09-30
edeyza01,Zach Edey,2025,2025,1,-0.77,1030,2025,-0.16,2.1.1,2026-09-30
longar01,Art Long,2002,2002,1,-0.77,1031,2002,-1.0,2.1.1,2026-09-30
barketo01,Tom Barker,1977,1977,1,-0.77,1032,1977,-1.005,2.1.1,2026-09-30
harteis01,Isaiah Hartenstein,2022,2024,3,-0.79,1033,2024,1.463,2.1.1,2026-09-30
brownbr01,Bruce Brown,2019,2026,7,-0.79,1034,2023,1.765,2.1.1,2026-09-30
porteke02,Kevin Porter Jr.,2020,2025,4,-0.79,1035,2023,1.403,2.1.1,2026-09-30
diallch01,Cheick Diallo,2019,2019,1,-0.8,1036,2019,-1.038,2.1.1,2026-09-30
ayongu01,Gustavo Ayón,2012,2012,1,-0.8,1037,2012,-1.04,2.1.1,2026-09-30
smithdr01,Dru Smith,2026,2026,1,-0.82,1038,2026,-1.06,2.1.1,2026-09-30
houseda01,Danuel House Jr.,2020,2020,1,-0.82,1039,2020,-0.586,2.1.1,2026-09-30
leebu01,Butch Lee,1979,1979,1,-0.82,1040,1979,-1.064,2.1.1,2026-09-30
leecl01,Clyde Lee,1967,1976,9,-0.84,1041,1968,0.688,2.1.1,2026-09-30
laskojo01,John Laskowski,1976,1976,1,-0.84,1042,1976,-1.095,2.1.1,2026-09-30
harribo01,Bob Harris,1952,1954,3,-0.84,1043,1952,0.412,2.1.1,2026-09-30
canaais01,Isaiah Canaan,2016,2016,1,-0.85,1044,2016,-1.102,2.1.1,2026-09-30
paytome01,Mel Payton,1953,1953,1,-0.85,1045,1953,-1.103,2.1.1,2026-09-30
clownno01,Noah Clowney,2026,2026,1,-0.85,1046,2026,-1.107,2.1.1,2026-09-30
murphtr02,Trey Murphy III,2022,2026,3,-0.85,1047,2026,1.997,2.1.1,2026-09-30
elyme01,Melvin Ely,2005,2005,1,-0.86,1048,2005,-1.122,2.1.1,2026-09-30
reedwi02,Willie Reed,2017,2017,1,-0.87,1049,2017,-1.125,2.1.1,2026-09-30
mackol01,Ollie Mack,1981,1981,1,-0.87,1050,1981,-1.127,2.1.1,2026-09-30
reevebr01,Bryant Reeves,1996,2001,5,-0.87,1051,1998,0.719,2.1.1,2026-09-30
griffaj01,AJ Griffin,2023,2023,1,-0.88,1052,2023,-1.147,2.1.1,2026-09-30
holmeri01,Richaun Holmes,2019,2021,2,-0.9,1053,2021,0.375,2.1.1,2026-09-30
vaughda01,David Vaughn,1975,1975,1,-0.9,1054,1975,-1.064,2.1.1,2026-09-30
coxjo01,Johnny Cox,1963,1963,1,-0.9,1055,1963,-1.165,2.1.1,2026-09-30
maconma01,Mark Macon,1992,1992,1,-0.9,1056,1992,-1.166,2.1.1,2026-09-30
marshna01,Naji Marshall,2023,2026,4,-0.9,1057,2025,0.567,2.1.1,2026-09-30
nailole01,Lee Nailon,2002,2005,2,-0.9,1057,2005,-0.121,2.1.1,2026-09-30
benbole01,Leon Benbow,1976,1976,1,-0.9,1059,1976,-1.169,2.1.1,2026-09-30
lestero01,Ronnie Lester,1982,1983,2,-0.9,1060,1982,0.082,2.1.1,2026-09-30
johnstr03,Tre Johnson,2026,2026,1,-0.9,1061,2026,-1.174,2.1.1,2026-09-30
okekech01,Chuma Okeke,2022,2022,1,-0.91,1062,2022,-1.181,2.1.1,2026-09-30
nembhry01,Ryan Nembhard,2026,2026,1,-0.91,1063,2026,-1.183,2.1.1,2026-09-30
milescj01,C.J. Miles,2008,2018,10,-0.91,1064,2015,0.671,2.1.1,2026-09-30
willire02,Reggie Williams,2011,2011,1,-0.91,1065,2011,-1.187,2.1.1,2026-09-30
sandeko01,Kobe Sanders,2026,2026,1,-0.91,1066,2026,-1.189,2.1.1,2026-09-30
reathdu01,Duop Reath,2024,2024,1,-0.91,1067,2024,-1.189,2.1.1,2026-09-30
coopewa01,Wayne Cooper,1979,1991,12,-0.92,1068,1985,0.667,2.1.1,2026-09-30
henrido01,Don Henriksen,1953,1953,1,-0.92,1069,1953,-1.199,2.1.1,2026-09-30
evansje01,Jeremy Evans,2014,2014,1,-0.93,1070,2014,-1.207,2.1.1,2026-09-30
washiwi01,Wilson Washington,1979,1979,1,-0.93,1071,1979,-1.215,2.1.1,2026-09-30
macksa01,Sam Mack,1999,1999,1,-0.94,1072,1999,-0.627,2.1.1,2026-09-30
nesmiaa01,Aaron Nesmith,2023,2024,2,-0.94,1073,2024,-0.303,2.1.1,2026-09-30
sloando01,Donald Sloan,2016,2016,1,-0.95,1074,2016,-1.231,2.1.1,2026-09-30
batismi01,Mike Batiste,2003,2003,1,-0.95,1075,2003,-1.24,2.1.1,2026-09-30
jaqueja01,Jaime Jaquez Jr.,2024,2026,3,-0.96,1076,2026,1.831,2.1.1,2026-09-30
hachiru01,Rui Hachimura,2021,2026,5,-0.96,1077,2025,0.408,2.1.1,2026-09-30
splitti01,Tiago Splitter,2011,2014,4,-0.96,1078,2013,1.441,2.1.1,2026-09-30
murdoer01,Eric Murdock,1993,1998,5,-0.97,1079,1994,0.969,2.1.1,2026-09-30
cleavma01,Mateen Cleaves,2001,2001,1,-0.97,1080,2001,-1.255,2.1.1,2026-09-30
mellini01,Nicolò Melli,2020,2020,1,-0.97,1081,2020,-1.256,2.1.1,2026-09-30
baechji01,Jim Baechtold,1953,1956,4,-0.97,1082,1955,2.353,2.1.1,2026-09-30
juzanjo01,Johnny Juzang,2025,2025,1,-0.98,1083,2025,-1.268,2.1.1,2026-09-30
mccalra01,Ray McCallum,2015,2015,1,-0.98,1084,2015,-1.28,2.1.1,2026-09-30
wroteto01,Tony Wroten,2014,2014,1,-0.99,1085,2014,-1.281,2.1.1,2026-09-30
joneshe01,Herbert Jones,2022,2024,3,-0.99,1086,2024,0.431,2.1.1,2026-09-30
martity01,Tyrese Martin,2025,2025,1,-0.99,1087,2025,-1.282,2.1.1,2026-09-30
andersh01,Shandon Anderson,1997,2005,9,-0.99,1088,2000,0.865,2.1.1,2026-09-30
labissk01,Skal Labissière,2018,2018,1,-1.0,1089,2018,-1.296,2.1.1,2026-09-30
walkeho01,Horace Walker,1962,1962,1,-1.0,1090,1962,-1.302,2.1.1,2026-09-30
beysa01,Saddiq Bey,2021,2026,5,-1.01,1091,2026,0.958,2.1.1,2026-09-30
yarbrvi01,Vincent Yarbrough,2003,2003,1,-1.01,1092,2003,-1.315,2.1.1,2026-09-30
behagro01,Ron Behagen,1974,1978,5,-1.01,1093,1976,1.025,2.1.1,2026-09-30
maledth01,Théo Maledon,2021,2021,1,-1.02,1094,2021,-1.332,2.1.1,2026-09-30
masinal01,Al Masino,1953,1953,1,-1.03,1095,1953,-1.338,2.1.1,2026-09-30
robinwa01,Wayne Robinson,1981,1981,1,-1.04,1096,1981,-1.346,2.1.1,2026-09-30
shawbr01,Brian Shaw,1989,2003,13,-1.04,1097,1991,2.444,2.1.1,2026-09-30
erickke01,Keith Erickson,1966,1976,9,-1.04,1098,1974,0.728,2.1.1,2026-09-30
sprigla01,Larry Spriggs,1985,1985,1,-1.04,1099,1985,-0.967,2.1.1,2026-09-30
davisem01,Emanual Davis,2001,2001,1,-1.04,1100,2001,-1.358,2.1.1,2026-09-30
halimsh01,Shaler Halimon,1971,1971,1,-1.05,1101,1971,-1.366,2.1.1,2026-09-30
macledo01,Don MacLean,1993,1994,2,-1.05,1102,1994,0.688,2.1.1,2026-09-30
claxtni01,Nic Claxton,2023,2026,4,-1.05,1103,2024,0.54,2.1.1,2026-09-30
hoffmpa01,Paul Hoffman,1953,1954,2,-1.06,1104,1954,-0.464,2.1.1,2026-09-30
pokusal01,Aleksej Pokusevski,2022,2022,1,-1.06,1105,2022,-1.379,2.1.1,2026-09-30
osheake01,Kevin O'Shea,1952,1952,1,-1.06,1106,1952,-1.379,2.1.1,2026-09-30
baglejo01,John Bagley,1983,1992,8,-1.06,1107,1986,0.409,2.1.1,2026-09-30
valende01,Denzel Valentine,2018,2021,2,-1.07,1108,2018,-0.442,2.1.1,2026-09-30
barnhle01,Leo Barnhorst,1952,1954,3,-1.07,1109,1953,1.256,2.1.1,2026-09-30
wileymi01,Michael Wiley,1982,1982,1,-1.07,1110,1982,-1.394,2.1.1,2026-09-30
robinbi01,Bill Robinzine,1976,1981,6,-1.07,1111,1979,0.426,2.1.1,2026-09-30
zizican01,Ante Žižić,2019,2019,1,-1.08,1112,2019,-1.399,2.1.1,2026-09-30
payakjo01,Johnny Payak,1953,1953,1,-1.08,1113,1953,-1.401,2.1.1,2026-09-30
anderda03,David Andersen,2010,2010,1,-1.08,1114,2010,-1.406,2.1.1,2026-09-30
carribo01,Bob Carrington,1978,1978,1,-1.08,1115,1978,-1.41,2.1.1,2026-09-30
dilliro01,Rob Dillingham,2026,2026,1,-1.09,1116,2026,-1.411,2.1.1,2026-09-30
harriju01,Junior Harrington,2003,2003,1,-1.09,1117,2003,-1.418,2.1.1,2026-09-30
moedo01,Doug Moe,1968,1972,5,-1.09,1118,1968,3.559,2.1.1,2026-09-30
burtowi01,Willie Burton,1991,1992,2,-1.09,1119,1991,-0.498,2.1.1,2026-09-30
sumneed01,Edmond Sumner,2021,2021,1,-1.09,1120,2021,-1.421,2.1.1,2026-09-30
mcleoke01,Keith McLeod,2006,2006,1,-1.1,1121,2006,-1.424,2.1.1,2026-09-30
eddledi01,Dike Eddleman,1952,1953,2,-1.1,1122,1952,-0.344,2.1.1,2026-09-30
skinnal01,Al Skinner,1976,1978,3,-1.1,1123,1977,0.074,2.1.1,2026-09-30
brezepr01,Primož Brezec,2005,2007,3,-1.1,1124,2005,0.198,2.1.1,2026-09-30
spencel01,Elmore Spencer,1994,1994,1,-1.1,1125,1994,-1.436,2.1.1,2026-09-30
thompbr01,Brooks Thompson,1997,1997,1,-1.1,1126,1997,-1.436,2.1.1,2026-09-30
kunneke01,Kevin Kunnert,1974,1979,6,-1.11,1127,1976,0.878,2.1.1,2026-09-30
kingge02,Gerard King,2000,2000,1,-1.11,1128,2000,-1.445,2.1.1,2026-09-30
wallaca01,Cason Wallace,2024,2026,3,-1.12,1129,2025,0.75,2.1.1,2026-09-30
spellom01,Omari Spellman,2020,2020,1,-1.12,1130,2020,-1.454,2.1.1,2026-09-30
seldewa01,Wayne Selden,2019,2019,1,-1.12,1131,2019,-1.456,2.1.1,2026-09-30
simshe01,Henry Sims,2015,2015,1,-1.12,1132,2015,-1.459,2.1.1,2026-09-30
kuzmimi01,Mindaugas Kuzminskas,2017,2017,1,-1.12,1133,2017,-1.462,2.1.1,2026-09-30
douglch01,Chris Douglas-Roberts,2010,2010,1,-1.13,1134,2010,-1.464,2.1.1,2026-09-30
richawi02,Will Richard,2026,2026,1,-1.13,1135,2026,-1.468,2.1.1,2026-09-30
bowiesa01,Sam Bowie,1985,1995,6,-1.13,1136,1992,0.542,2.1.1,2026-09-30
veselja01,Jan Veselý,2012,2012,1,-1.13,1137,2012,-1.474,2.1.1,2026-09-30
jonesdw01,Dwight Jones,1974,1983,10,-1.13,1138,1975,0.297,2.1.1,2026-09-30
sharpda01,Day'Ron Sharpe,2024,2026,2,-1.14,1139,2026,-0.612,2.1.1,2026-09-30
mogbojo01,Jonathan Mogbo,2025,2025,1,-1.14,1140,2025,-1.481,2.1.1,2026-09-30
rogesal01,Al Roges,1954,1954,1,-1.14,1141,1954,-1.481,2.1.1,2026-09-30
hernawi01,Willy Hernangómez,2017,2019,2,-1.14,1142,2017,-0.467,2.1.1,2026-09-30
nelsolo01,Louie Nelson,1975,1976,2,-1.14,1143,1976,0.038,2.1.1,2026-09-30
culveja01,Jarrett Culver,2020,2020,1,-1.14,1143,2020,-1.486,2.1.1,2026-09-30
willite01,Terrence Williams,2010,2010,1,-1.14,1145,2010,-1.487,2.1.1,2026-09-30
claytwa01,Walter Clayton,2026,2026,1,-1.14,1146,2026,-1.487,2.1.1,2026-09-30
kellyry01,Ryan Kelly,2014,2014,1,-1.15,1147,2014,-1.489,2.1.1,2026-09-30
lewiski01,Kira Lewis Jr.,2021,2021,1,-1.15,1148,2021,-1.497,2.1.1,2026-09-30
hamilju01,Justin Hamilton,2017,2017,1,-1.16,1149,2017,-1.506,2.1.1,2026-09-30
mcdankj01,K.J. McDaniels,2015,2015,1,-1.16,1150,2015,-1.508,2.1.1,2026-09-30
butleja02,Jared Butler,2025,2025,1,-1.16,1151,2025,-1.51,2.1.1,2026-09-30
hansegl01,Glenn Hansen,1976,1976,1,-1.16,1152,1976,-1.514,2.1.1,2026-09-30
martija01,Jarell Martin,2018,2018,1,-1.16,1152,2018,-1.514,2.1.1,2026-09-30
paulkch01,Charlie Paulk,1971,1971,1,-1.17,1154,1971,-1.517,2.1.1,2026-09-30
burrobo01,Bob Burrow,1957,1957,1,-1.17,1155,1957,-1.518,2.1.1,2026-09-30
wilsobo03,Bobby Wilson,1976,1976,1,-1.17,1156,1976,-1.522,2.1.1,2026-09-30
hansro01,Rollen Hans,1954,1954,1,-1.17,1157,1954,-1.524,2.1.1,2026-09-30
williea01,Earl Williams,1975,1975,1,-1.18,1158,1975,-1.536,2.1.1,2026-09-30
bradlmi01,Michael Bradley,2003,2003,1,-1.18,1159,2003,-1.538,2.1.1,2026-09-30
thomajo02,John Thomas,1999,1999,1,-1.19,1160,1999,-1.541,2.1.1,2026-09-30
legleti01,Tim Legler,1994,1996,2,-1.19,1161,1996,0.066,2.1.1,2026-09-30
robinbe01,Bernard Robinson,2006,2006,1,-1.19,1162,2006,-1.542,2.1.1,2026-09-30
muhamsh01,Shabazz Muhammad,2016,2017,2,-1.19,1163,2016,-0.755,2.1.1,2026-09-30
kimblbo01,Bo Kimble,1991,1991,1,-1.19,1164,1991,-1.545,2.1.1,2026-09-30
willish01,Shammond Williams,2001,2003,2,-1.2,1165,2003,-0.436,2.1.1,2026-09-30
mcnamma01,Mark McNamara,1984,1984,1,-1.2,1166,1984,-1.561,2.1.1,2026-09-30
smithwi02,Willie Smith,1980,1980,1,-1.2,1167,1980,-1.566,2.1.1,2026-09-30
washibo01,Bobby Washington,1972,1972,1,-1.2,1168,1972,-1.566,2.1.1,2026-09-30
bacondw01,Dwayne Bacon,2021,2021,1,-1.21,1169,2021,-1.569,2.1.1,2026-09-30
robyis01,Isaiah Roby,2021,2021,1,-1.21,1170,2021,-1.57,2.1.1,2026-09-30
lacoufr01,Fred LaCour,1962,1962,1,-1.21,1171,1962,-1.571,2.1.1,2026-09-30
hendrta01,Taylor Hendricks,2026,2026,1,-1.21,1172,2026,-1.575,2.1.1,2026-09-30
farmeto01,Tony Farmer,2000,2000,1,-1.21,1173,2000,-1.577,2.1.1,2026-09-30
taylois01,Isaiah Taylor,2018,2018,1,-1.22,1174,2018,-1.58,2.1.1,2026-09-30
simmobo01,Bobby Simmons,2005,2009,4,-1.22,1175,2005,2.026,2.1.1,2026-09-30
fryerbe01,Bernie Fryer,1974,1974,1,-1.23,1176,1974,-1.595,2.1.1,2026-09-30
greenst01,Steve Green,1977,1977,1,-1.23,1177,1977,-1.595,2.1.1,2026-09-30
flynnma01,Malachi Flynn,2024,2024,1,-1.23,1178,2024,-1.596,2.1.1,2026-09-30
hawessp01,Spencer Hawes,2008,2015,7,-1.23,1179,2014,0.86,2.1.1,2026-09-30
hardire01,Reggie Harding,1965,1967,2,-1.23,1180,1965,0.202,2.1.1,2026-09-30
doumbse01,Sekou Doumbouya,2021,2021,1,-1.23,1181,2021,-1.604,2.1.1,2026-09-30
rosendi01,Dick Rosenthal,1955,1955,1,-1.24,1182,1955,-1.064,2.1.1,2026-09-30
glovedi01,Dion Glover,2003,2004,2,-1.24,1183,2003,-0.761,2.1.1,2026-09-30
buckncl01,Cleveland Buckner,1962,1962,1,-1.24,1184,1962,-1.617,2.1.1,2026-09-30
elliobo01,Bob Elliott,1981,1981,1,-1.25,1185,1981,-1.623,2.1.1,2026-09-30
peterbo01,Bob Peterson,1956,1956,1,-1.25,1186,1956,-1.624,2.1.1,2026-09-30
moorelo01,Lowes Moore,1981,1981,1,-1.25,1187,1981,-1.628,2.1.1,2026-09-30
kingch01,Chris King,1996,1996,1,-1.26,1188,1996,-1.633,2.1.1,2026-09-30
mckenke01,Kevin McKenna,1984,1984,1,-1.26,1189,1984,-1.634,2.1.1,2026-09-30
dudleja01,Jared Dudley,2008,2019,11,-1.26,1190,2012,0.945,2.1.1,2026-09-30
reddica01,Cam Reddish,2020,2020,1,-1.26,1191,2020,-1.641,2.1.1,2026-09-30
jamesmi01,Mike James,2003,2009,6,-1.26,1192,2006,1.272,2.1.1,2026-09-30
dawkijo01,Johnny Dawkins,1987,1994,6,-1.27,1193,1990,2.116,2.1.1,2026-09-30
khryavi01,Viktor Khryapa,2006,2006,1,-1.27,1194,2006,-1.654,2.1.1,2026-09-30
paddige01,Gerald Paddio,1991,1991,1,-1.27,1195,1991,-1.657,2.1.1,2026-09-30
brianfr01,Frankie Brian,1952,1955,4,-1.29,1196,1952,2.76,2.1.1,2026-09-30
colliis01,Isaiah Collier,2025,2026,2,-1.3,1197,2026,-0.344,2.1.1,2026-09-30
gillihe01,Herm Gilliam,1971,1977,7,-1.3,1198,1974,0.555,2.1.1,2026-09-30
langdtr01,Trajan Langdon,2001,2001,1,-1.3,1199,2001,-1.693,2.1.1,2026-09-30
bynumwi01,Will Bynum,2010,2013,3,-1.3,1200,2010,-0.322,2.1.1,2026-09-30
hoppeda01,Dave Hoppen,1989,1989,1,-1.3,1201,1989,-1.695,2.1.1,2026-09-30
davisde01,Deyonta Davis,2018,2018,1,-1.3,1201,2018,-1.695,2.1.1,2026-09-30
sassema01,Marcus Sasser,2024,2024,1,-1.31,1203,2024,-1.699,2.1.1,2026-09-30
boothca01,Calvin Booth,2004,2004,1,-1.31,1204,2004,-1.702,2.1.1,2026-09-30
berrywa01,Walter Berry,1987,1989,3,-1.31,1205,1987,0.583,2.1.1,2026-09-30
finnedo01,Dorian Finney-Smith,2017,2025,8,-1.32,1206,2022,1.224,2.1.1,2026-09-30
simsbo01,Bob Sims,1962,1962,1,-1.32,1207,1962,-1.716,2.1.1,2026-09-30
mitchsa01,Sam Mitchell,1990,2002,13,-1.32,1208,1991,0.35,2.1.1,2026-09-30
georgky01,Kyshawn George,2025,2025,1,-1.32,1209,2025,-1.722,2.1.1,2026-09-30
blockjo01,John Block,1969,1974,6,-1.33,1210,1969,0.325,2.1.1,2026-09-30
milesed01,Eddie Miles,1964,1971,7,-1.33,1211,1967,0.19,2.1.1,2026-09-30
dierkco01,Connie Dierking,1959,1970,9,-1.34,1212,1969,0.84,2.1.1,2026-09-30
matkoka01,Karlo Matković,2026,2026,1,-1.34,1213,2026,-1.738,2.1.1,2026-09-30
yelvech01,Charlie Yelverton,1972,1972,1,-1.34,1213,1972,-1.738,2.1.1,2026-09-30
wileymo01,Morlon Wiley,1993,1993,1,-1.34,1215,1993,-1.738,2.1.1,2026-09-30
murratr01,Tracy Murray,1994,2000,6,-1.34,1216,1998,1.259,2.1.1,2026-09-30
tolsode01,Dean Tolson,1977,1977,1,-1.34,1217,1977,-1.743,2.1.1,2026-09-30
palmeji01,Jim Palmer,1959,1960,2,-1.34,1217,1959,-0.848,2.1.1,2026-09-30
rileywi01,Will Riley,2026,2026,1,-1.34,1219,2026,-1.743,2.1.1,2026-09-30
alexajo01,Joe Alexander,2009,2009,1,-1.35,1220,2009,-1.749,2.1.1,2026-09-30
gatlich01,Chris Gatling,1993,2001,7,-1.35,1221,2000,0.684,2.1.1,2026-09-30
briskjo01,John Brisker,1970,1973,3,-1.35,1222,1971,1.706,2.1.1,2026-09-30
ferryda01,Danny Ferry,1991,2003,12,-1.36,1223,1997,0.811,2.1.1,2026-09-30
taylojo01,Johnny Taylor,1999,1999,1,-1.36,1224,1999,-1.762,2.1.1,2026-09-30
fredean01,Anthony Frederick,1992,1992,1,-1.36,1225,1992,-1.764,2.1.1,2026-09-30
wilsoja03,Jalen Wilson,2025,2025,1,-1.36,1226,2025,-1.768,2.1.1,2026-09-30
willise01,Sean Williams,2008,2008,1,-1.36,1227,2008,-1.771,2.1.1,2026-09-30
willico04,Cody Williams,2026,2026,1,-1.37,1228,2026,-1.775,2.1.1,2026-09-30
gondrgr01,Grant Gondrezick,1987,1987,1,-1.37,1229,1987,-1.78,2.1.1,2026-09-30
forretr01,Trent Forrest,2022,2022,1,-1.37,1230,2022,-1.784,2.1.1,2026-09-30
davidko01,Kornél Dávid,1999,1999,1,-1.37,1231,1999,-1.785,2.1.1,2026-09-30
cliffni01,Nique Clifford,2026,2026,1,-1.37,1232,2026,-1.786,2.1.1,2026-09-30
singlch01,Chris Singleton,2012,2012,1,-1.37,1233,2012,-1.787,2.1.1,2026-09-30
davismi01,Mike Davis,1971,1972,2,-1.38,1234,1971,-0.669,2.1.1,2026-09-30
jackstr01,Tracy Jackson,1983,1983,1,-1.38,1235,1983,-1.79,2.1.1,2026-09-30
jeelaab01,Abdul Jeelani,1980,1981,2,-1.38,1236,1980,-0.454,2.1.1,2026-09-30
rogerro02,Roy Rogers,1997,1997,1,-1.38,1237,1997,-1.799,2.1.1,2026-09-30
aldamsa01,Santi Aldama,2023,2025,3,-1.39,1238,2025,1.049,2.1.1,2026-09-30
simsje01,Jericho Sims,2026,2026,1,-1.39,1239,2026,-1.802,2.1.1,2026-09-30
earlac01,Acie Earl,1994,1994,1,-1.39,1240,1994,-1.805,2.1.1,2026-09-30
johnsam01,Amir Johnson,2008,2018,11,-1.39,1241,2014,0.4,2.1.1,2026-09-30
woltena01,Nate Wolters,2014,2014,1,-1.39,1242,2014,-1.812,2.1.1,2026-09-30
crittja01,Javaris Crittenton,2009,2009,1,-1.4,1243,2009,-1.815,2.1.1,2026-09-30
whiteis01,Isaiah Whitehead,2017,2017,1,-1.4,1244,2017,-1.821,2.1.1,2026-09-30
wattssl01,Slick Watts,1974,1979,6,-1.4,1245,1977,1.111,2.1.1,2026-09-30
grimequ01,Quentin Grimes,2023,2026,3,-1.4,1246,2025,0.448,2.1.1,2026-09-30
sparrgu01,Guy Sparrow,1958,1959,2,-1.41,1247,1958,0.095,2.1.1,2026-09-30
lynchge01,George Lynch,1994,2004,8,-1.42,1248,1999,0.588,2.1.1,2026-09-30
childch01,Chris Childs,1996,2002,7,-1.43,1249,1996,1.052,2.1.1,2026-09-30
hicksjj01,J.J. Hickson,2009,2015,7,-1.43,1250,2013,0.258,2.1.1,2026-09-30
wisemja01,James Wiseman,2024,2024,1,-1.43,1251,2024,-1.857,2.1.1,2026-09-30
chrisbo01,Bob Christian,1974,1974,1,-1.43,1252,1974,-1.858,2.1.1,2026-09-30
morroan01,Anthony Morrow,2009,2016,7,-1.43,1253,2015,0.508,2.1.1,2026-09-30
salauti01,Tidjane Salaün,2025,2025,1,-1.43,1254,2025,-1.859,2.1.1,2026-09-30
thornbo01,Bob Thornton,1986,1986,1,-1.43,1255,1986,-1.864,2.1.1,2026-09-30
muldemy01,Mychal Mulder,2021,2021,1,-1.43,1256,2021,-1.864,2.1.1,2026-09-30
paytoel01,Elfrid Payton,2015,2021,5,-1.44,1257,2016,0.436,2.1.1,2026-09-30
kingre01,Reggie King,1980,1985,6,-1.44,1258,1981,3.279,2.1.1,2026-09-30
crosspe01,Pete Cross,1971,1972,2,-1.44,1259,1971,-0.461,2.1.1,2026-09-30
smithni01,Nick Smith Jr.,2025,2025,1,-1.44,1260,2025,-1.872,2.1.1,2026-09-30
joneswa02,Wali Jones,1965,1975,7,-1.44,1261,1967,2.232,2.1.1,2026-09-30
meyerlo01,Loren Meyer,1996,1996,1,-1.45,1262,1996,-1.884,2.1.1,2026-09-30
crockdi01,Dillard Crocker,1953,1953,1,-1.45,1263,1953,-1.887,2.1.1,2026-09-30
tatumea01,Earl Tatum,1977,1979,3,-1.45,1264,1978,0.184,2.1.1,2026-09-30
dougljo01,John Douglas,1982,1982,1,-1.46,1265,1982,-1.892,2.1.1,2026-09-30
minorda01,Dave Minor,1952,1953,2,-1.46,1266,1953,-0.802,2.1.1,2026-09-30
gainesu01,Sundiata Gaines,2012,2012,1,-1.46,1267,2012,-1.894,2.1.1,2026-09-30
torreos01,Óscar Torres,2002,2002,1,-1.46,1268,2002,-1.895,2.1.1,2026-09-30
eschmev01,Evan Eschmeyer,2001,2001,1,-1.46,1269,2001,-1.902,2.1.1,2026-09-30
brownko01,Kobe Brown,2026,2026,1,-1.46,1270,2026,-1.904,2.1.1,2026-09-30
davisro01,Ron Davis,1981,1981,1,-1.47,1271,1981,-1.909,2.1.1,2026-09-30
robinje02,Jeremiah Robinson-Earl,2025,2025,1,-1.47,1272,2025,-1.91,2.1.1,2026-09-30
reedju01,Justin Reed,2006,2006,1,-1.47,1273,2006,-1.911,2.1.1,2026-09-30
mccontj01,T.J. McConnell,2016,2025,9,-1.47,1274,2024,0.058,2.1.1,2026-09-30
shaskjo01,John Shasky,1989,1989,1,-1.47,1275,1989,-1.913,2.1.1,2026-09-30
sauldwo01,Woody Sauldsberry,1958,1963,6,-1.47,1276,1959,0.67,2.1.1,2026-09-30
grahade01,Devonte' Graham,2020,2023,4,-1.47,1277,2020,1.091,2.1.1,2026-09-30
hodgecr01,Craig Hodges,1983,1991,9,-1.47,1278,1986,0.85,2.1.1,2026-09-30
collija02,Jason Collier,2005,2005,1,-1.48,1279,2005,-1.922,2.1.1,2026-09-30
mcdanji01,Jim McDaniels,1973,1973,1,-1.48,1280,1973,-1.927,2.1.1,2026-09-30
hawesst01,Steve Hawes,1976,1984,7,-1.48,1281,1978,0.477,2.1.1,2026-09-30
hugheed01,Eddie Hughes,1990,1990,1,-1.48,1282,1990,-1.928,2.1.1,2026-09-30
robinje01,Jerome Robinson,2020,2020,1,-1.48,1283,2020,-1.929,2.1.1,2026-09-30
toshebi01,Bill Tosheff,1952,1954,3,-1.49,1284,1953,0.08,2.1.1,2026-09-30
ratlimi01,Mike Ratliff,1973,1973,1,-1.49,1285,1973,-1.941,2.1.1,2026-09-30
mcneibo01,Bob McNeill,1961,1961,1,-1.5,1286,1961,-1.944,2.1.1,2026-09-30
gelabmi01,Mickaël Gelabale,2007,2007,1,-1.5,1287,2007,-1.946,2.1.1,2026-09-30
moreler01,Eric Moreland,2018,2018,1,-1.5,1288,2018,-1.949,2.1.1,2026-09-30
araujra01,Rafael Araújo,2005,2005,1,-1.5,1289,2005,-1.95,2.1.1,2026-09-30
englisc01,Scott English,1975,1975,1,-1.5,1290,1975,-1.852,2.1.1,2026-09-30
hummejo01,John Hummer,1971,1973,2,-1.51,1291,1971,-0.551,2.1.1,2026-09-30
brownde04,Derrick Brown,2012,2012,1,-1.51,1291,2012,-1.963,2.1.1,2026-09-30
jetereu01,Eugene Jeter,2011,2011,1,-1.51,1293,2011,-1.969,2.1.1,2026-09-30
borchcu01,Curtis Borchardt,2005,2005,1,-1.52,1294,2005,-1.98,2.1.1,2026-09-30
wrighsh01,Sharone Wright,1995,1997,2,-1.53,1295,1995,-0.382,2.1.1,2026-09-30
hillcl01,Cleo Hill,1962,1962,1,-1.53,1296,1962,-1.989,2.1.1,2026-09-30
gomesry01,Ryan Gomes,2006,2011,6,-1.53,1296,2009,0.069,2.1.1,2026-09-30
filipky01,Kyle Filipowski,2025,2026,2,-1.53,1298,2026,-0.812,2.1.1,2026-09-30
aleksch01,Chuck Aleksinas,1985,1985,1,-1.53,1299,1985,-1.994,2.1.1,2026-09-30
winchke01,Kennard Winchester,1991,1991,1,-1.54,1300,1991,-2.002,2.1.1,2026-09-30
wheatde01,DeJuan Wheat,1999,1999,1,-1.54,1301,1999,-2.006,2.1.1,2026-09-30
slatere01,Reggie Slater,1998,1998,1,-1.54,1302,1998,-2.008,2.1.1,2026-09-30
johnsri01,Rich Johnson,1970,1970,1,-1.55,1303,1970,-2.016,2.1.1,2026-09-30
cabarza01,Žarko Čabarkapa,2006,2006,1,-1.55,1304,2006,-2.016,2.1.1,2026-09-30
rudezda01,Damjan Rudež,2015,2015,1,-1.55,1305,2015,-2.019,2.1.1,2026-09-30
engliaj01,A.J. English,1991,1992,2,-1.56,1306,1992,-0.861,2.1.1,2026-09-30
lantzst01,Stu Lantz,1969,1975,5,-1.56,1307,1971,1.899,2.1.1,2026-09-30
mccaran01,Andre McCarter,1977,1977,1,-1.56,1308,1977,-2.027,2.1.1,2026-09-30
poeltja01,Jakob Poeltl,2018,2023,6,-1.56,1309,2022,1.317,2.1.1,2026-09-30
phillju01,Julian Phillips,2025,2025,1,-1.57,1310,2025,-2.037,2.1.1,2026-09-30
johnsja01,James Johnson,2010,2022,7,-1.57,1311,2017,1.662,2.1.1,2026-09-30
durhapa01,Pat Durham,1995,1995,1,-1.57,1312,1995,-2.039,2.1.1,2026-09-30
fordch01,Chris Ford,1973,1982,10,-1.57,1313,1981,0.048,2.1.1,2026-09-30
tskitni01,Nikoloz Tskitishvili,2003,2003,1,-1.57,1314,2003,-2.046,2.1.1,2026-09-30
garzalu01,Luka Garza,2026,2026,1,-1.58,1315,2026,-0.981,2.1.1,2026-09-30
duartch01,Chris Duarte,2024,2024,1,-1.58,1316,2024,-2.048,2.1.1,2026-09-30
lloydea01,Earl Lloyd,1953,1960,8,-1.58,1317,1955,2.381,2.1.1,2026-09-30
loganhe01,Henry Logan,1969,1969,1,-1.58,1318,1969,-1.782,2.1.1,2026-09-30
woodsqy01,Qyntel Woods,2004,2004,1,-1.58,1319,2004,-2.06,2.1.1,2026-09-30
brownma02,Markel Brown,2016,2016,1,-1.59,1320,2016,-2.061,2.1.1,2026-09-30
thomaca02,Cam Thomas,2022,2024,2,-1.59,1321,2024,1.809,2.1.1,2026-09-30
breweco01,Corey Brewer,2008,2018,10,-1.59,1322,2014,0.78,2.1.1,2026-09-30
mccaija01,Jared McCain,2026,2026,1,-1.59,1323,2026,-1.608,2.1.1,2026-09-30
camarto01,Toumani Camara,2024,2026,3,-1.6,1324,2025,0.184,2.1.1,2026-09-30
bransbr01,Brad Branson,1983,1983,1,-1.6,1325,1983,-2.074,2.1.1,2026-09-30
valenda01,Darnell Valentine,1982,1991,8,-1.6,1326,1985,0.74,2.1.1,2026-09-30
wareke01,Kel'el Ware,2025,2026,2,-1.6,1327,2026,0.495,2.1.1,2026-09-30
zawolze01,Zeke Zawoluk,1954,1955,2,-1.6,1328,1954,-0.635,2.1.1,2026-09-30
hollajo01,Joe Holland,1952,1952,1,-1.6,1329,1952,-2.077,2.1.1,2026-09-30
harrish01,Shaquille Harrison,2019,2019,1,-1.6,1330,2019,-2.08,2.1.1,2026-09-30
dickada01,Dan Dickau,2005,2008,2,-1.6,1331,2005,-0.129,2.1.1,2026-09-30
martibi01,Bill Martin,1986,1986,1,-1.6,1332,1986,-2.081,2.1.1,2026-09-30
hydergr01,Greg Hyder,1971,1971,1,-1.6,1333,1971,-2.081,2.1.1,2026-09-30
rhodege01,Gene Rhodes,1953,1953,1,-1.6,1334,1953,-2.084,2.1.1,2026-09-30
hancoda01,Darrin Hancock,1996,1996,1,-1.6,1335,1996,-2.085,2.1.1,2026-09-30
mcneila01,Larry McNeill,1975,1976,2,-1.61,1336,1976,-0.503,2.1.1,2026-09-30
jonesda03,Damian Jones,2020,2020,1,-1.61,1337,2020,-2.088,2.1.1,2026-09-30
wilsoot01,Othell Wilson,1985,1985,1,-1.61,1338,1985,-2.089,2.1.1,2026-09-30
kolokch01,Christian Koloko,2023,2023,1,-1.61,1339,2023,-2.092,2.1.1,2026-09-30
langan02,Antonio Lang,1997,1997,1,-1.61,1340,1997,-2.094,2.1.1,2026-09-30
morrimo01,Monte Morris,2019,2023,4,-1.61,1341,2023,0.501,2.1.1,2026-09-30
toneyse01,Sedric Toney,1990,1990,1,-1.61,1342,1990,-2.098,2.1.1,2026-09-30
ukicro01,Roko Ukić,2009,2009,1,-1.62,1343,2009,-2.101,2.1.1,2026-09-30
solomwi01,Will Solomon,2002,2002,1,-1.62,1343,2002,-2.101,2.1.1,2026-09-30
bongais01,Isaac Bonga,2020,2020,1,-1.62,1345,2020,-2.101,2.1.1,2026-09-30
fernabr01,Bruno Fernando,2020,2020,1,-1.62,1346,2020,-2.11,2.1.1,2026-09-30
warribr01,Bryan Warrick,1985,1985,1,-1.63,1347,1985,-2.113,2.1.1,2026-09-30
martiwh01,Whitey Martin,1962,1962,1,-1.63,1348,1962,-2.114,2.1.1,2026-09-30
borylvi01,Vince Boryla,1953,1954,2,-1.63,1349,1953,1.04,2.1.1,2026-09-30
ferreyo01,Yogi Ferrell,2018,2019,2,-1.63,1350,2018,-0.606,2.1.1,2026-09-30
pritcke01,Kevin Pritchard,1991,1991,1,-1.64,1351,1991,-2.127,2.1.1,2026-09-30
willidu01,Duck Williams,1980,1980,1,-1.64,1352,1980,-2.133,2.1.1,2026-09-30
fontesi01,Simone Fontecchio,2024,2026,3,-1.64,1353,2024,-0.047,2.1.1,2026-09-30
duerote01,Terry Duerod,1980,1980,1,-1.64,1354,1980,-2.137,2.1.1,2026-09-30
stithbr01,Bryant Stith,1994,2001,5,-1.64,1355,1994,0.959,2.1.1,2026-09-30
polsora01,Ralph Polson,1953,1953,1,-1.65,1356,1953,-2.14,2.1.1,2026-09-30
thompja02,Jason Thompson,2009,2015,7,-1.65,1357,2010,0.461,2.1.1,2026-09-30
witheje01,Jeff Withey,2014,2014,1,-1.65,1358,2014,-2.143,2.1.1,2026-09-30
mortojo01,John Morton,1991,1991,1,-1.65,1359,1991,-2.143,2.1.1,2026-09-30
blackto01,Tom Black,1971,1971,1,-1.65,1360,1971,-2.145,2.1.1,2026-09-30
brownti01,Tierre Brown,2005,2005,1,-1.65,1361,2005,-2.147,2.1.1,2026-09-30
huntech01,Chris Hunter,2010,2010,1,-1.66,1362,2010,-2.153,2.1.1,2026-09-30
morrite01,Terence Morris,2002,2002,1,-1.66,1363,2002,-2.153,2.1.1,2026-09-30
wilcoch01,Chris Wilcox,2004,2013,6,-1.66,1364,2007,0.816,2.1.1,2026-09-30
mulleby01,Byron Mullens,2012,2012,1,-1.66,1365,2012,-2.158,2.1.1,2026-09-30
durrade01,Devin Durrant,1985,1985,1,-1.66,1366,1985,-2.159,2.1.1,2026-09-30
copelho01,Hollis Copeland,1980,1980,1,-1.66,1367,1980,-2.159,2.1.1,2026-09-30
knighto01,Toby Knight,1978,1980,3,-1.66,1368,1980,1.474,2.1.1,2026-09-30
manntr01,Tre Mann,2022,2023,2,-1.67,1369,2023,-1.056,2.1.1,2026-09-30
alcorga01,Gary Alcorn,1960,1960,1,-1.67,1370,1960,-2.171,2.1.1,2026-09-30
sweetmi01,Mike Sweetney,2005,2006,2,-1.67,1371,2005,-0.444,2.1.1,2026-09-30
mcneach01,Chris McNealy,1987,1987,1,-1.67,1372,1987,-2.175,2.1.1,2026-09-30
millste01,Terry Mills,1992,2000,7,-1.67,1373,1994,0.522,2.1.1,2026-09-30
butleal01,Al Butler,1962,1964,3,-1.68,1374,1962,0.022,2.1.1,2026-09-30
harribi01,Billy Harris,1975,1975,1,-1.68,1375,1975,-2.086,2.1.1,2026-09-30
greenor01,Orien Greene,2006,2006,1,-1.68,1376,2006,-2.189,2.1.1,2026-09-30
bullore01,Reggie Bullock,2018,2023,5,-1.69,1377,2021,0.438,2.1.1,2026-09-30
baxtelo01,Lonny Baxter,2004,2004,1,-1.69,1378,2004,-2.2,2.1.1,2026-09-30
pressph01,Phil Pressey,2014,2014,1,-1.69,1379,2014,-2.201,2.1.1,2026-09-30
crawfch01,Chris Crawford,1999,1999,1,-1.7,1380,1999,-1.559,2.1.1,2026-09-30
watsoea01,Earl Watson,2002,2012,11,-1.7,1381,2006,0.202,2.1.1,2026-09-30
maysc01,Scott May,1977,1982,3,-1.7,1382,1977,1.819,2.1.1,2026-09-30
willier01,Eric Williams,1996,2004,8,-1.7,1383,2004,0.369,2.1.1,2026-09-30
tayloje03,Jeff Taylor,2013,2013,1,-1.7,1384,2013,-2.213,2.1.1,2026-09-30
laytomo01,Mo Layton,1972,1973,2,-1.7,1385,1972,-0.601,2.1.1,2026-09-30
foxji01,Jim Fox,1969,1977,9,-1.71,1386,1974,0.046,2.1.1,2026-09-30
weemsso01,Sonny Weems,2010,2011,2,-1.71,1387,2010,-1.076,2.1.1,2026-09-30
dareyi01,Yinka Dare,1996,1996,1,-1.71,1388,1996,-2.225,2.1.1,2026-09-30
kuestjo01,John Kuester,1978,1978,1,-1.71,1389,1978,-2.226,2.1.1,2026-09-30
samuesa01,Samardo Samuels,2012,2012,1,-1.71,1390,2012,-2.228,2.1.1,2026-09-30
closske01,Keith Closs,1998,1998,1,-1.71,1391,1998,-2.228,2.1.1,2026-09-30
jacksme01,Merv Jackson,1969,1971,2,-1.72,1392,1971,0.948,2.1.1,2026-09-30
brewero02,Ronnie Brewer,2008,2013,6,-1.72,1393,2010,0.559,2.1.1,2026-09-30
motenla01,Lawrence Moten,1997,1997,1,-1.72,1394,1997,-2.241,2.1.1,2026-09-30
woodslo01,Loren Woods,2002,2002,1,-1.73,1395,2002,-2.244,2.1.1,2026-09-30
hawkiju01,Juaquin Hawkins,2003,2003,1,-1.73,1396,2003,-2.248,2.1.1,2026-09-30
wagnemo01,Moritz Wagner,2022,2024,2,-1.73,1397,2024,-0.46,2.1.1,2026-09-30
edneyty01,Tyus Edney,1996,1997,2,-1.73,1398,1996,-0.653,2.1.1,2026-09-30
carrco01,Cory Carr,1999,1999,1,-1.74,1399,1999,-2.264,2.1.1,2026-09-30
parrja01,Jack Parr,1959,1959,1,-1.75,1400,1959,-2.269,2.1.1,2026-09-30
johnsal01,Alexander Johnson,2007,2007,1,-1.75,1401,2007,-2.27,2.1.1,2026-09-30
willide02,Derrick Williams,2012,2016,5,-1.75,1402,2013,0.43,2.1.1,2026-09-30
wrighlo02,Lorenzen Wright,1997,2007,10,-1.75,1403,2001,0.377,2.1.1,2026-09-30
vrankst01,Stojko Vranković,1998,1998,1,-1.76,1404,1998,-2.284,2.1.1,2026-09-30
bondwa01,Walter Bond,1993,1993,1,-1.76,1405,1993,-2.285,2.1.1,2026-09-30
tuckean01,Anthony Tucker,1995,1995,1,-1.76,1406,1995,-2.287,2.1.1,2026-09-30
wrighjo01,Joby Wright,1973,1973,1,-1.76,1407,1973,-2.292,2.1.1,2026-09-30
peavymi01,Micah Peavy,2026,2026,1,-1.76,1408,2026,-2.293,2.1.1,2026-09-30
rudomjo01,John Rudometkin,1963,1963,1,-1.77,1409,1963,-2.295,2.1.1,2026-09-30
doubyqu01,Quincy Douby,2008,2008,1,-1.77,1410,2008,-2.296,2.1.1,2026-09-30
williel01,Elliot Williams,2014,2014,1,-1.77,1411,2014,-2.296,2.1.1,2026-09-30
smithot01,Otis Smith,1988,1991,4,-1.77,1412,1991,0.475,2.1.1,2026-09-30
bendedr01,Dragan Bender,2018,2018,1,-1.77,1413,2018,-2.299,2.1.1,2026-09-30
elstoda01,Darrell Elston,1975,1975,1,-1.77,1414,1975,-2.199,2.1.1,2026-09-30
wilsobo01,Bob Wilson,1952,1952,1,-1.77,1415,1952,-2.3,2.1.1,2026-09-30
zidekge01,George Zídek,1996,1996,1,-1.77,1416,1996,-2.305,2.1.1,2026-09-30
rileyer01,Eric Riley,1999,1999,1,-1.77,1417,1999,-2.305,2.1.1,2026-09-30
ellebcj01,CJ Elleby,2022,2022,1,-1.78,1418,2022,-2.309,2.1.1,2026-09-30
callori01,Rick Calloway,1991,1991,1,-1.78,1419,1991,-2.31,2.1.1,2026-09-30
mcgowbr01,Bryce McGowens,2024,2024,1,-1.78,1420,2024,-2.312,2.1.1,2026-09-30
sealyma01,Malik Sealy,1993,2000,6,-1.78,1421,2000,0.319,2.1.1,2026-09-30
garlawi01,Winston Garland,1988,1995,7,-1.78,1422,1989,0.845,2.1.1,2026-09-30
kingji02,Jimmy King,1996,1996,1,-1.78,1423,1996,-2.318,2.1.1,2026-09-30
curlebi01,Bill Curley,1999,1999,1,-1.79,1424,1999,-2.322,2.1.1,2026-09-30
johnsch04,Chris Johnson,2016,2016,1,-1.79,1425,2016,-2.323,2.1.1,2026-09-30
higgiro01,Rod Higgins,1983,1993,9,-1.79,1426,1989,-0.034,2.1.1,2026-09-30
howarbr01,Brian Howard,1993,1993,1,-1.79,1427,1993,-2.325,2.1.1,2026-09-30
poweldr01,Drake Powell,2026,2026,1,-1.79,1428,2026,-2.325,2.1.1,2026-09-30
brockjo01,Jon Brockman,2011,2011,1,-1.79,1429,2011,-2.329,2.1.1,2026-09-30
allenra01,Randy Allen,1990,1990,1,-1.79,1430,1990,-2.333,2.1.1,2026-09-30
ruperra01,Rayan Rupert,2026,2026,1,-1.8,1431,2026,-2.335,2.1.1,2026-09-30
jacksda01,Darnell Jackson,2011,2011,1,-1.8,1432,2011,-2.336,2.1.1,2026-09-30
shvedal01,Alexey Shved,2013,2014,2,-1.8,1433,2013,-0.404,2.1.1,2026-09-30
kiddwa01,Warren Kidd,1994,1994,1,-1.8,1434,1994,-2.336,2.1.1,2026-09-30
woodal01,Al Wood,1983,1986,4,-1.8,1435,1986,-0.154,2.1.1,2026-09-30
boothke01,Keith Booth,1999,1999,1,-1.8,1436,1999,-2.343,2.1.1,2026-09-30
tinslja01,Jamaal Tinsley,2002,2013,4,-1.8,1437,2007,0.441,2.1.1,2026-09-30
councri01,Ricky Council IV,2025,2025,1,-1.81,1438,2025,-2.348,2.1.1,2026-09-30
fritsji01,Jim Fritsche,1954,1954,1,-1.81,1439,1954,-2.349,2.1.1,2026-09-30
iuzzomi01,Mike Iuzzolino,1993,1993,1,-1.81,1440,1993,-2.35,2.1.1,2026-09-30
caulewi01,Willie Cauley-Stein,2016,2021,6,-1.81,1441,2019,0.591,2.1.1,2026-09-30
tillida01,Darren Tillis,1984,1984,1,-1.81,1442,1984,-2.352,2.1.1,2026-09-30
blackta01,Tarik Black,2015,2017,2,-1.81,1443,2015,-1.175,2.1.1,2026-09-30
linje01,Jeremy Lin,2013,2019,5,-1.81,1444,2013,1.348,2.1.1,2026-09-30
respesh01,Shawn Respert,1996,1996,1,-1.81,1444,1996,-2.354,2.1.1,2026-09-30
jacksmi02,Michael Jackson,1988,1988,1,-1.81,1446,1988,-2.356,2.1.1,2026-09-30
marshri01,Ricky Marsh,1978,1978,1,-1.81,1447,1978,-2.359,2.1.1,2026-09-30
fizerma01,Marcus Fizer,2001,2002,2,-1.82,1448,2002,-1.125,2.1.1,2026-09-30
noelda01,David Noel,2007,2007,1,-1.82,1449,2007,-2.366,2.1.1,2026-09-30
mccanra01,Rashad McCants,2006,2009,3,-1.82,1450,2008,-0.052,2.1.1,2026-09-30
larueru01,Rusty LaRue,1999,1999,1,-1.83,1451,1999,-2.378,2.1.1,2026-09-30
jordoph01,Phil Jordon,1958,1963,6,-1.83,1452,1959,1.363,2.1.1,2026-09-30
allento01,Tony Allen,2005,2017,8,-1.83,1453,2013,1.011,2.1.1,2026-09-30
allenje01,Jerome Allen,1997,1997,1,-1.84,1454,1997,-2.387,2.1.1,2026-09-30
sensabr01,Brice Sensabaugh,2025,2026,2,-1.84,1455,2026,-0.923,2.1.1,2026-09-30
cookan01,Anthony Cook,1991,1991,1,-1.84,1456,1991,-2.392,2.1.1,2026-09-30
bazemke01,Kent Bazemore,2013,2021,9,-1.84,1457,2016,0.817,2.1.1,2026-09-30
garubus01,Usman Garuba,2023,2023,1,-1.84,1458,2023,-2.396,2.1.1,2026-09-30
garredi02,Diante Garrett,2014,2014,1,-1.84,1459,2014,-2.398,2.1.1,2026-09-30
bambamo01,Mo Bamba,2020,2022,2,-1.85,1460,2022,-0.667,2.1.1,2026-09-30
greensi01,Si Green,1960,1965,6,-1.85,1460,1963,0.15,2.1.1,2026-09-30
langhda01,Dan Langhi,2003,2003,1,-1.85,1462,2003,-2.409,2.1.1,2026-09-30
griffed01,Eddie Griffin,2002,2006,4,-1.86,1463,2003,0.273,2.1.1,2026-09-30
obryajo01,Johnny O'Bryant,2016,2016,1,-1.86,1464,2016,-2.412,2.1.1,2026-09-30
whitedj01,D.J. White,2012,2012,1,-1.86,1465,2012,-2.415,2.1.1,2026-09-30
jonesde01,DeQuan Jones,2013,2013,1,-1.86,1466,2013,-2.416,2.1.1,2026-09-30
westma01,Mark West,1985,1999,13,-1.86,1467,1990,1.708,2.1.1,2026-09-30
washipe01,Pearl Washington,1987,1988,2,-1.86,1468,1988,-1.195,2.1.1,2026-09-30
cookejo01,Joe Cooke,1971,1971,1,-1.86,1469,1971,-2.42,2.1.1,2026-09-30
wrighju01,Julian Wright,2010,2010,1,-1.87,1470,2010,-2.432,2.1.1,2026-09-30
greento01,Tommie Green,1979,1979,1,-1.87,1471,1979,-2.434,2.1.1,2026-09-30
averywi01,William Avery,2000,2000,1,-1.88,1472,2000,-2.438,2.1.1,2026-09-30
johnsge03,George Johnson,1979,1984,5,-1.88,1473,1980,0.155,2.1.1,2026-09-30
burroju01,Junior Burrough,1996,1996,1,-1.88,1474,1996,-2.444,2.1.1,2026-09-30
mccasam01,Amal McCaskill,2004,2004,1,-1.88,1475,2004,-2.449,2.1.1,2026-09-30
workmma01,Mark Workman,1953,1953,1,-1.89,1476,1953,-2.451,2.1.1,2026-09-30
brownbo02,Bobby Brown,2009,2009,1,-1.89,1477,2009,-2.452,2.1.1,2026-09-30
volkoal01,Alexander Volkov,1990,1992,2,-1.89,1478,1992,-0.513,2.1.1,2026-09-30
reevekh01,Khalid Reeves,1995,1998,3,-1.89,1479,1995,-0.516,2.1.1,2026-09-30
grahagr01,Greg Graham,1994,1994,1,-1.89,1480,1994,-2.453,2.1.1,2026-09-30
melchga01,Gary Melchionni,1974,1975,2,-1.89,1481,1975,-0.828,2.1.1,2026-09-30
benjaco01,Corey Benjamin,2001,2001,1,-1.89,1482,2001,-2.46,2.1.1,2026-09-30
marshto01,Tom Marshall,1955,1955,1,-1.89,1483,1955,-1.893,2.1.1,2026-09-30
meelycl01,Cliff Meely,1972,1974,3,-1.89,1484,1974,-0.515,2.1.1,2026-09-30
grandro01,Ron Grandison,1989,1989,1,-1.89,1485,1989,-2.462,2.1.1,2026-09-30
willilo01,Lorenzo Williams,1995,1996,2,-1.9,1486,1995,-0.939,2.1.1,2026-09-30
napiesh01,Shabazz Napier,2018,2020,2,-1.9,1487,2020,-0.166,2.1.1,2026-09-30
walkelo01,Lonnie Walker IV,2020,2024,4,-1.9,1488,2022,0.041,2.1.1,2026-09-30
williro04,Robert Williams,2021,2026,3,-1.9,1489,2022,1.788,2.1.1,2026-09-30
anslemi01,Michael Ansley,1990,1991,2,-1.9,1490,1990,-0.93,2.1.1,2026-09-30
robinmi01,Mitchell Robinson,2019,2026,5,-1.92,1491,2022,0.088,2.1.1,2026-09-30
ruddjo01,John Rudd,1979,1979,1,-1.92,1492,1979,-2.498,2.1.1,2026-09-30
wheelcl01,Clinton Wheeler,1988,1988,1,-1.93,1493,1988,-2.507,2.1.1,2026-09-30
robindu01,Duncan Robinson,2020,2026,6,-1.95,1494,2020,1.23,2.1.1,2026-09-30
winslju01,Justise Winslow,2016,2019,3,-1.95,1495,2019,1.336,2.1.1,2026-09-30
mcmahja01,Jack McMahon,1953,1959,7,-1.95,1496,1954,0.906,2.1.1,2026-09-30
thomaji01,Jim Thomas,1984,1985,2,-1.96,1497,1985,-0.785,2.1.1,2026-09-30
beshode01,Del Beshore,1980,1980,1,-1.96,1498,1980,-2.55,2.1.1,2026-09-30
russewa01,Walker Russell,1983,1983,1,-1.96,1499,1983,-2.553,2.1.1,2026-09-30
hendege02,Gerald Henderson,2011,2017,7,-1.96,1500,2014,0.326,2.1.1,2026-09-30
kuminjo01,Jonathan Kuminga,2022,2024,3,-1.97,1501,2024,1.877,2.1.1,2026-09-30
hardnch01,Charlie Hardnett,1963,1964,2,-1.97,1502,1963,-0.55,2.1.1,2026-09-30
okoboel01,Elie Okobo,2020,2020,1,-1.97,1503,2020,-2.561,2.1.1,2026-09-30
allengr01,Grayson Allen,2022,2025,4,-1.97,1504,2024,0.475,2.1.1,2026-09-30
yabusgu01,Guerschon Yabusele,2025,2026,2,-1.97,1505,2025,-1.064,2.1.1,2026-09-30
collido02,Don Collins,1981,1984,4,-1.98,1506,1983,0.85,2.1.1,2026-09-30
slaugjo01,Jose Slaughter,1983,1983,1,-1.98,1507,1983,-2.57,2.1.1,2026-09-30
biedran01,Andris Biedriņš,2006,2012,6,-1.98,1508,2008,0.699,2.1.1,2026-09-30
hamilro01,Roy Hamilton,1980,1980,1,-1.98,1509,1980,-2.575,2.1.1,2026-09-30
wittmra01,Randy Wittman,1984,1990,6,-1.99,1510,1987,1.666,2.1.1,2026-09-30
humphkr01,Kris Humphries,2005,2015,10,-1.99,1511,2012,1.003,2.1.1,2026-09-30
smithji01,Jim Smith,1982,1982,1,-1.99,1512,1982,-2.588,2.1.1,2026-09-30
davisbr01,Brad Davis,1982,1991,10,-1.99,1513,1983,0.509,2.1.1,2026-09-30
gillan01,Anthony Gill,2023,2023,1,-1.99,1514,2023,-2.59,2.1.1,2026-09-30
sheppst01,Steve Sheppard,1978,1978,1,-1.99,1515,1978,-2.591,2.1.1,2026-09-30
ellisha01,Harold Ellis,1995,1995,1,-2.0,1516,1995,-2.603,2.1.1,2026-09-30
smithja04,Jalen Smith,2023,2025,3,-2.0,1517,2025,-0.234,2.1.1,2026-09-30
stoudsa01,Salim Stoudamire,2006,2007,2,-2.01,1518,2006,-0.936,2.1.1,2026-09-30
davisch01,Charlie Davis,1972,1973,2,-2.01,1519,1972,-1.234,2.1.1,2026-09-30
garlaga01,Gary Garland,1980,1980,1,-2.01,1520,1980,-2.616,2.1.1,2026-09-30
boykiea01,Earl Boykins,2002,2010,7,-2.02,1521,2005,0.44,2.1.1,2026-09-30
johnsan02,Anthony Johnson,1998,2009,9,-2.03,1522,2006,0.907,2.1.1,2026-09-30
hodgedo01,Donald Hodge,1993,1993,1,-2.03,1523,1993,-2.642,2.1.1,2026-09-30
mcnamjo01,Joe McNamee,1952,1952,1,-2.03,1524,1952,-2.643,2.1.1,2026-09-30
boynewi01,Winford Boynes,1979,1980,2,-2.04,1525,1980,-1.32,2.1.1,2026-09-30
kaminfr01,Frank Kaminsky,2016,2018,3,-2.04,1526,2017,0.159,2.1.1,2026-09-30
blackco01,Cory Blackwell,1985,1985,1,-2.05,1527,1985,-2.663,2.1.1,2026-09-30
blankla01,Lance Blanks,1993,1993,1,-2.05,1528,1993,-2.666,2.1.1,2026-09-30
burdeti01,Ticky Burden,1976,1977,2,-2.05,1529,1976,-0.587,2.1.1,2026-09-30
beaubro01,Rodrigue Beaubois,2012,2012,1,-2.06,1530,2012,-1.532,2.1.1,2026-09-30
fieldke01,Kenny Fields,1986,1986,1,-2.06,1531,1986,-1.85,2.1.1,2026-09-30
clossbi01,Bill Closs,1952,1952,1,-2.06,1532,1952,-2.062,2.1.1,2026-09-30
nunnke01,Kendrick Nunn,2020,2023,3,-2.07,1533,2020,0.64,2.1.1,2026-09-30
kurucro01,Rodions Kurucs,2019,2019,1,-2.07,1534,2019,-1.668,2.1.1,2026-09-30
wardch01,Charlie Ward,1996,2004,9,-2.07,1535,1999,0.211,2.1.1,2026-09-30
walteja01,Ja'Kobe Walter,2026,2026,1,-2.07,1536,2026,-1.906,2.1.1,2026-09-30
hayeski01,Killian Hayes,2022,2023,2,-2.08,1537,2023,-0.946,2.1.1,2026-09-30
cervial01,Al Cervi,1952,1952,1,-2.08,1538,1952,-1.734,2.1.1,2026-09-30
dumasto01,Tony Dumas,1995,1996,2,-2.08,1539,1996,-0.623,2.1.1,2026-09-30
potapvi01,Vitaly Potapenko,1997,2004,7,-2.08,1540,1999,0.684,2.1.1,2026-09-30
leeke01,Keith Lee,1986,1987,2,-2.08,1541,1986,-1.086,2.1.1,2026-09-30
szabobr01,Brett Szabo,1997,1997,1,-2.1,1542,1997,-2.725,2.1.1,2026-09-30
meyerda01,Dave Meyers,1976,1980,3,-2.1,1543,1978,0.461,2.1.1,2026-09-30
marjabo01,Boban Marjanović,2019,2019,1,-2.11,1544,2019,-1.935,2.1.1,2026-09-30
armstta01,Tate Armstrong,1978,1978,1,-2.11,1545,1978,-2.744,2.1.1,2026-09-30
bannike01,Ken Bannister,1985,1986,2,-2.12,1546,1986,-1.021,2.1.1,2026-09-30
rickedi01,Dick Ricketts,1956,1958,3,-2.12,1547,1956,-0.188,2.1.1,2026-09-30
mykhasv01,Svi Mykhailiuk,2020,2021,2,-2.12,1548,2021,-1.252,2.1.1,2026-09-30
robinro01,Ronnie Robinson,1974,1974,1,-2.12,1549,1974,-2.534,2.1.1,2026-09-30
lofgrdo01,Don Lofgran,1952,1953,2,-2.13,1550,1952,-1.073,2.1.1,2026-09-30
thornal01,Al Thornton,2008,2011,4,-2.13,1551,2009,0.07,2.1.1,2026-09-30
joeis01,Isaiah Joe,2023,2026,4,-2.14,1552,2025,0.434,2.1.1,2026-09-30
watfotr01,Trendon Watford,2023,2024,2,-2.14,1553,2024,-1.287,2.1.1,2026-09-30
willifr01,Freeman Williams,1979,1982,4,-2.15,1554,1981,1.115,2.1.1,2026-09-30
glassge01,Gerald Glass,1992,1993,2,-2.15,1555,1992,-0.976,2.1.1,2026-09-30
scheiba01,Baylor Scheierman,2026,2026,1,-2.15,1556,2026,-1.706,2.1.1,2026-09-30
youngni01,Nick Young,2008,2018,9,-2.15,1557,2014,0.268,2.1.1,2026-09-30
dienggo01,Gorgui Dieng,2014,2020,7,-2.15,1558,2017,0.042,2.1.1,2026-09-30
watsobo01,Bobby Watson,1955,1955,1,-2.17,1559,1955,-2.818,2.1.1,2026-09-30
jacksjo02,Josh Jackson,2018,2021,3,-2.17,1560,2021,-0.164,2.1.1,2026-09-30
vaughra01,Rashad Vaughn,2016,2016,1,-2.17,1561,2016,-2.822,2.1.1,2026-09-30
kaftage01,George Kaftan,1952,1952,1,-2.17,1562,1952,-2.054,2.1.1,2026-09-30
schayda01,Danny Schayes,1982,1998,11,-2.18,1563,1988,1.55,2.1.1,2026-09-30
parkean01,Anthony Parker,2007,2012,6,-2.18,1564,2007,0.626,2.1.1,2026-09-30
champju01,Justin Champagnie,2025,2026,2,-2.18,1565,2025,-1.414,2.1.1,2026-09-30
brissos01,Oshae Brissett,2022,2023,2,-2.18,1566,2022,-1.152,2.1.1,2026-09-30
dioguik01,Ike Diogu,2006,2007,2,-2.18,1567,2006,-1.252,2.1.1,2026-09-30
clarkea01,Earl Clark,2013,2013,1,-2.18,1568,2013,-1.742,2.1.1,2026-09-30
hillmda01,Darnell Hillman,1972,1979,8,-2.18,1569,1975,0.746,2.1.1,2026-09-30
minerha01,Harold Miner,1993,1994,2,-2.18,1570,1993,-0.471,2.1.1,2026-09-30
powele01,Leon Powe,2007,2009,2,-2.18,1571,2009,-0.403,2.1.1,2026-09-30
davisbr02,Brian Davis,1994,1994,1,-2.19,1572,1994,-2.841,2.1.1,2026-09-30
jamesaa01,Aaron James,1975,1979,4,-2.19,1573,1978,0.278,2.1.1,2026-09-30
strawju01,Julian Strawther,2025,2025,1,-2.2,1574,2025,-1.725,2.1.1,2026-09-30
mcmilna01,Nate McMillan,1987,1995,9,-2.2,1575,1990,0.363,2.1.1,2026-09-30
garredi01,Dick Garrett,1970,1973,4,-2.2,1576,1970,-0.242,2.1.1,2026-09-30
quetane01,Neemias Queta,2025,2026,2,-2.22,1577,2026,1.293,2.1.1,2026-09-30
johnsch01,Charles Johnson,1973,1979,7,-2.22,1578,1975,1.569,2.1.1,2026-09-30
reedro01,Ron Reed,1966,1967,2,-2.22,1579,1967,-1.144,2.1.1,2026-09-30
jacksfr01,Frank Jackson,2019,2020,2,-2.22,1580,2019,-1.275,2.1.1,2026-09-30
malonma01,Matt Maloney,1997,1998,2,-2.22,1581,1997,0.13,2.1.1,2026-09-30
wakefan01,Andre Wakefield,1979,1979,1,-2.23,1582,1979,-2.895,2.1.1,2026-09-30
tschojo01,John Tschogl,1974,1974,1,-2.23,1583,1974,-2.903,2.1.1,2026-09-30
dayeau01,Austin Daye,2010,2011,2,-2.24,1584,2011,-1.008,2.1.1,2026-09-30
ulisty01,Tyler Ulis,2017,2018,2,-2.25,1585,2017,-1.193,2.1.1,2026-09-30
risacza01,Zaccharie Risacher,2025,2026,2,-2.25,1586,2025,-0.09,2.1.1,2026-09-30
somerwi01,Willie Somerset,1968,1969,2,-2.25,1587,1968,-0.384,2.1.1,2026-09-30
ellisbo01,Boo Ellis,1959,1959,1,-2.25,1588,1959,-2.253,2.1.1,2026-09-30
jaricma01,Marko Jarić,2003,2008,5,-2.25,1589,2004,-0.209,2.1.1,2026-09-30
reidbi01,Billy Reid,1981,1981,1,-2.26,1590,1981,-2.932,2.1.1,2026-09-30
richani01,Nick Richards,2023,2024,2,-2.26,1591,2023,-1.201,2.1.1,2026-09-30
conlied01,Ed Conlin,1956,1962,7,-2.26,1592,1957,0.68,2.1.1,2026-09-30
amaecjo01,John Amaechi,2000,2001,2,-2.27,1593,2000,0.163,2.1.1,2026-09-30
mcintke01,Kenny McIntosh,1973,1974,2,-2.28,1594,1974,-1.271,2.1.1,2026-09-30
stepavl01,Vladimir Stepania,2002,2003,2,-2.28,1595,2003,-1.165,2.1.1,2026-09-30
chievde01,Derrick Chievous,1989,1989,1,-2.28,1596,1989,-1.922,2.1.1,2026-09-30
bremejr01,J.R. Bremer,2003,2003,1,-2.29,1597,2003,-2.037,2.1.1,2026-09-30
lambje01,Jeremy Lamb,2014,2019,5,-2.3,1598,2019,1.051,2.1.1,2026-09-30
lamarbo01,Bo Lamar,1974,1977,3,-2.3,1599,1975,0.492,2.1.1,2026-09-30
keysra01,Randolph Keys,1990,1996,2,-2.31,1600,1990,-0.798,2.1.1,2026-09-30
olowomi01,Michael Olowokandi,1999,2005,5,-2.31,1601,2002,1.024,2.1.1,2026-09-30
jamesje01,Jerome James,2004,2005,2,-2.32,1602,2004,-1.348,2.1.1,2026-09-30
outlatr01,Travis Outlaw,2005,2014,7,-2.33,1603,2008,0.891,2.1.1,2026-09-30
jonesch02,Charles Jones,1985,1985,1,-2.33,1604,1985,-2.032,2.1.1,2026-09-30
alvarjo01,Jose Alvarado,2023,2026,2,-2.33,1605,2023,-0.39,2.1.1,2026-09-30
hoodro01,Rodney Hood,2016,2021,5,-2.34,1606,2016,2.264,2.1.1,2026-09-30
wanambr01,Brad Wanamaker,2020,2021,2,-2.34,1607,2020,-1.072,2.1.1,2026-09-30
bembrde01,DeAndre' Bembry,2019,2021,2,-2.34,1608,2019,-1.306,2.1.1,2026-09-30
catlete01,Terry Catledge,1986,1992,6,-2.35,1609,1987,-0.015,2.1.1,2026-09-30
westdo01,Doug West,1991,1997,7,-2.35,1610,1993,0.45,2.1.1,2026-09-30
greenmi01,Mike Green,1974,1979,5,-2.35,1611,1975,2.216,2.1.1,2026-09-30
outlabo01,Bo Outlaw,1995,2004,9,-2.35,1612,1998,1.2,2.1.1,2026-09-30
hardyja02,Jaden Hardy,2024,2024,1,-2.37,1613,2024,-2.183,2.1.1,2026-09-30
coulibi01,Bilal Coulibaly,2024,2025,2,-2.37,1614,2025,-1.247,2.1.1,2026-09-30
jackstr02,Trayce Jackson-Davis,2024,2025,2,-2.38,1615,2024,-0.424,2.1.1,2026-09-30
casspom01,Omri Casspi,2010,2016,6,-2.38,1616,2016,-0.044,2.1.1,2026-09-30
frankwi01,Bill Franklin,1973,1973,1,-2.39,1617,1973,-2.757,2.1.1,2026-09-30
woodsra01,Randy Woods,1995,1995,1,-2.39,1618,1995,-3.107,2.1.1,2026-09-30
fosteje01,Jeff Foster,2001,2009,9,-2.39,1619,2004,-0.045,2.1.1,2026-09-30
hendece02,Cedric Henderson,1998,2000,3,-2.4,1620,1999,-0.368,2.1.1,2026-09-30
landajo01,Jock Landale,2023,2026,2,-2.4,1621,2026,-0.132,2.1.1,2026-09-30
blakest01,Steve Blake,2004,2016,10,-2.41,1622,2009,0.691,2.1.1,2026-09-30
harrian01,Andrew Harrison,2017,2017,1,-2.41,1622,2017,-2.112,2.1.1,2026-09-30
anthoco01,Cole Anthony,2022,2025,4,-2.41,1624,2023,0.462,2.1.1,2026-09-30
burksal01,Alec Burks,2012,2024,8,-2.41,1625,2022,0.554,2.1.1,2026-09-30
hamptrj01,R.J. Hampton,2021,2022,2,-2.41,1626,2021,-1.459,2.1.1,2026-09-30
nealga01,Gary Neal,2011,2013,3,-2.42,1627,2012,-0.213,2.1.1,2026-09-30
obriera01,Ralph O'Brien,1952,1953,2,-2.42,1628,1952,-0.952,2.1.1,2026-09-30
attleal01,Al Attles,1961,1968,8,-2.42,1629,1964,0.952,2.1.1,2026-09-30
harvedo01,Donnell Harvey,2003,2004,2,-2.42,1630,2003,-0.897,2.1.1,2026-09-30
grunfer01,Ernie Grunfeld,1978,1986,9,-2.43,1631,1979,-0.072,2.1.1,2026-09-30
balkmre01,Renaldo Balkman,2007,2008,2,-2.43,1632,2007,-1.148,2.1.1,2026-09-30
mckinbo01,Bones McKinney,1952,1952,1,-2.43,1633,1952,-2.428,2.1.1,2026-09-30
stanste01,Terence Stansbury,1985,1986,2,-2.44,1634,1986,-1.42,2.1.1,2026-09-30
smithgr02,Greg Smith,2013,2013,1,-2.45,1635,2013,-2.045,2.1.1,2026-09-30
smithch04,Charles Smith,2002,2002,1,-2.45,1636,2002,-1.993,2.1.1,2026-09-30
lylestr01,Trey Lyles,2016,2025,9,-2.45,1637,2018,0.16,2.1.1,2026-09-30
harrilu01,Lucious Harris,1994,2005,10,-2.45,1638,2003,0.869,2.1.1,2026-09-30
willizi02,Ziaire Williams,2022,2025,2,-2.46,1639,2025,-0.772,2.1.1,2026-09-30
piatker01,Eric Piatkowski,1995,2005,10,-2.46,1640,2002,-0.255,2.1.1,2026-09-30
fredeji01,Jimmer Fredette,2012,2013,2,-2.47,1641,2013,-1.53,2.1.1,2026-09-30
bransje01,Jesse Branson,1968,1968,1,-2.47,1642,1968,-2.108,2.1.1,2026-09-30
snydeki01,Kirk Snyder,2005,2006,2,-2.48,1643,2006,-1.107,2.1.1,2026-09-30
orrlo01,Louis Orr,1981,1987,7,-2.5,1644,1982,0.228,2.1.1,2026-09-30
mamuksa01,Sandro Mamukelashvili,2025,2026,2,-2.51,1645,2026,-0.762,2.1.1,2026-09-30
teaglte01,Terry Teagle,1983,1992,8,-2.51,1646,1989,0.704,2.1.1,2026-09-30
walshjo01,Jordan Walsh,2026,2026,1,-2.51,1647,2026,-1.998,2.1.1,2026-09-30
gaffoda01,Daniel Gafford,2021,2024,4,-2.52,1648,2024,0.05,2.1.1,2026-09-30
kronto01,Tommy Kron,1968,1969,2,-2.52,1649,1968,-1.135,2.1.1,2026-09-30
nichoan01,Andrew Nicholson,2013,2014,2,-2.52,1650,2013,-1.48,2.1.1,2026-09-30
jonesed01,Edgar Jones,1981,1984,3,-2.53,1651,1984,-0.366,2.1.1,2026-09-30
waltere01,Rex Walters,1995,1997,2,-2.53,1652,1997,-1.426,2.1.1,2026-09-30
mccawpa01,Patrick McCaw,2017,2017,1,-2.53,1653,2017,-2.614,2.1.1,2026-09-30
goldwan01,Anthony Goldwire,1997,1998,2,-2.54,1654,1997,-1.498,2.1.1,2026-09-30
mcdanja01,Jalen McDaniels,2023,2023,1,-2.55,1655,2023,-2.195,2.1.1,2026-09-30
beverpa01,Patrick Beverley,2016,2024,7,-2.55,1656,2017,0.617,2.1.1,2026-09-30
missiyv01,Yves Missi,2025,2026,2,-2.56,1657,2026,-1.644,2.1.1,2026-09-30
davisma02,Mark Davis,1997,1998,2,-2.57,1658,1997,-1.136,2.1.1,2026-09-30
alexavi01,Victor Alexander,1992,1994,3,-2.57,1659,1993,0.187,2.1.1,2026-09-30
knechda01,Dalton Knecht,2025,2025,1,-2.57,1660,2025,-2.168,2.1.1,2026-09-30
harrijo01,Joe Harris,2018,2023,5,-2.57,1661,2021,1.171,2.1.1,2026-09-30
fortsda01,Danny Fortson,1998,2005,4,-2.57,1662,1999,0.072,2.1.1,2026-09-30
bateske01,Keita Bates-Diop,2022,2023,2,-2.57,1663,2022,-1.466,2.1.1,2026-09-30
willipa01,Patrick Williams,2021,2026,4,-2.58,1664,2023,-0.069,2.1.1,2026-09-30
cookqu01,Quinn Cook,2019,2019,1,-2.58,1665,2019,-2.313,2.1.1,2026-09-30
laymaja01,Jake Layman,2019,2019,1,-2.59,1666,2019,-2.026,2.1.1,2026-09-30
carrica01,Bub Carrington,2025,2026,2,-2.59,1667,2025,-1.678,2.1.1,2026-09-30
bovendo01,Don Boven,1952,1953,2,-2.6,1668,1952,-0.616,2.1.1,2026-09-30
gambeda01,Dave Gambee,1960,1970,10,-2.61,1669,1962,0.663,2.1.1,2026-09-30
smithla02,LaBradford Smith,1993,1994,2,-2.61,1670,1993,-1.398,2.1.1,2026-09-30
thompge01,George Thompson,1971,1975,5,-2.61,1671,1974,0.247,2.1.1,2026-09-30
nachbbo01,Boštjan Nachbar,2005,2008,3,-2.61,1672,2008,-0.798,2.1.1,2026-09-30
barksdo01,Don Barksdale,1952,1955,4,-2.61,1673,1953,0.358,2.1.1,2026-09-30
haleyja01,Jack Haley,1990,1991,2,-2.61,1674,1990,-1.684,2.1.1,2026-09-30
averibi01,Bird Averitt,1974,1977,4,-2.63,1675,1976,1.812,2.1.1,2026-09-30
buckhjo01,Joe Buckhalter,1962,1962,1,-2.64,1676,1962,-2.497,2.1.1,2026-09-30
clarkke01,Keon Clark,2000,2003,4,-2.64,1677,2002,0.86,2.1.1,2026-09-30
coffeam01,Amir Coffey,2022,2025,3,-2.64,1678,2025,0.244,2.1.1,2026-09-30
steppbr01,Brook Steppe,1983,1984,2,-2.65,1679,1984,-1.342,2.1.1,2026-09-30
kiddgmi01,Michael Kidd-Gilchrist,2013,2019,5,-2.65,1680,2017,0.32,2.1.1,2026-09-30
martico01,Cody Martin,2020,2022,3,-2.65,1681,2022,-0.311,2.1.1,2026-09-30
abdulta01,Tariq Abdul-Wahad,1998,2000,3,-2.66,1682,2000,0.032,2.1.1,2026-09-30
warlibo01,Bob Warlick,1968,1969,2,-2.66,1683,1968,-1.357,2.1.1,2026-09-30
looneke01,Kevon Looney,2018,2025,7,-2.66,1684,2022,0.304,2.1.1,2026-09-30
burresc01,Scott Burrell,1995,2000,3,-2.68,1685,1995,0.957,2.1.1,2026-09-30
douglto01,Toney Douglas,2011,2016,3,-2.69,1686,2013,-0.432,2.1.1,2026-09-30
laravja01,Jake LaRavia,2025,2026,2,-2.69,1687,2025,-0.584,2.1.1,2026-09-30
hadnoji01,Jim Hadnot,1968,1968,1,-2.7,1688,1968,-2.543,2.1.1,2026-09-30
sheadja01,Jamal Shead,2025,2026,2,-2.7,1689,2025,-1.05,2.1.1,2026-09-30
nestera01,Rasho Nesterović,2000,2009,10,-2.71,1690,2004,1.655,2.1.1,2026-09-30
martije01,Jeff Martin,1990,1991,2,-2.71,1691,1991,-1.736,2.1.1,2026-09-30
harrida01,David Harrison,2006,2006,1,-2.72,1692,2006,-2.365,2.1.1,2026-09-30
anticpe01,Pero Antić,2015,2015,1,-2.72,1693,2015,-2.511,2.1.1,2026-09-30
miltosh01,Shake Milton,2021,2023,2,-2.72,1694,2021,0.054,2.1.1,2026-09-30
cartege01,George Carter,1970,1975,6,-2.73,1695,1971,0.353,2.1.1,2026-09-30
lucasjo02,John Lucas III,2012,2013,2,-2.74,1696,2012,-1.101,2.1.1,2026-09-30
hillga01,Gary Hill,1964,1964,1,-2.75,1697,1964,-2.439,2.1.1,2026-09-30
pattepa01,Patrick Patterson,2012,2020,9,-2.75,1698,2013,0.644,2.1.1,2026-09-30
rosste01,Terrence Ross,2013,2023,9,-2.75,1699,2019,0.391,2.1.1,2026-09-30
calhobi01,Bill Calhoun,1952,1955,4,-2.75,1700,1953,0.458,2.1.1,2026-09-30
moneyer01,Eric Money,1975,1980,6,-2.75,1701,1978,1.671,2.1.1,2026-09-30
childjo01,Josh Childress,2005,2008,3,-2.76,1702,2006,-0.556,2.1.1,2026-09-30
maccuto01,Todd MacCulloch,2001,2002,2,-2.76,1703,2002,0.35,2.1.1,2026-09-30
barlodo01,Dominick Barlow,2026,2026,1,-2.77,1704,2026,-2.374,2.1.1,2026-09-30
dotsoda01,Damyean Dotson,2019,2020,2,-2.77,1705,2019,-1.538,2.1.1,2026-09-30
butlera01,Rasual Butler,2003,2015,7,-2.77,1706,2007,-0.138,2.1.1,2026-09-30
roberbr01,Brian Roberts,2013,2015,3,-2.77,1707,2014,-0.839,2.1.1,2026-09-30
abdulza01,Zaid Abdul-Aziz,1970,1975,5,-2.78,1708,1972,1.275,2.1.1,2026-09-30
jonessp01,Spencer Jones,2026,2026,1,-2.78,1709,2026,-2.472,2.1.1,2026-09-30
richtjo01,John Richter,1960,1960,1,-2.78,1710,1960,-2.71,2.1.1,2026-09-30
daniedy01,Dyson Daniels,2023,2026,4,-2.78,1711,2025,1.128,2.1.1,2026-09-30
hawkijo01,Jordan Hawkins,2024,2024,1,-2.78,1712,2024,-2.389,2.1.1,2026-09-30
benneme01,Mel Bennett,1976,1977,2,-2.78,1713,1976,-1.582,2.1.1,2026-09-30
alexaco02,Courtney Alexander,2001,2003,2,-2.78,1714,2001,-0.545,2.1.1,2026-09-30
luety01,Tyronn Lue,2002,2005,4,-2.79,1715,2002,-0.566,2.1.1,2026-09-30
roberan01,Anthony Roberts,1978,1979,2,-2.79,1716,1978,-0.827,2.1.1,2026-09-30
tsiorlo01,Lou Tsioropoulos,1957,1958,2,-2.79,1717,1958,-1.063,2.1.1,2026-09-30
levincl01,Cliff Levingston,1983,1992,10,-2.79,1718,1985,0.383,2.1.1,2026-09-30
goodwjo01,Jordan Goodwin,2023,2026,2,-2.81,1719,2023,-1.114,2.1.1,2026-09-30
mejrisa01,Salah Mejri,2017,2018,2,-2.82,1720,2018,-1.716,2.1.1,2026-09-30
chrisma01,Marquese Chriss,2017,2020,3,-2.82,1721,2020,-0.82,2.1.1,2026-09-30
comegda01,Dallas Comegys,1988,1989,2,-2.82,1722,1988,-1.825,2.1.1,2026-09-30
youngsa01,Sam Young,2010,2011,2,-2.83,1723,2010,-0.99,2.1.1,2026-09-30
lowesi01,Sidney Lowe,1984,1990,2,-2.83,1724,1990,-1.835,2.1.1,2026-09-30
loderke01,Kevin Loder,1982,1983,2,-2.84,1725,1982,-1.694,2.1.1,2026-09-30
mottoha01,Hanno Möttölä,2001,2002,2,-2.85,1726,2002,-1.794,2.1.1,2026-09-30
jolifho01,Howie Jolliff,1962,1962,1,-2.85,1727,1962,-2.622,2.1.1,2026-09-30
grayaa01,Aaron Gray,2008,2012,2,-2.86,1728,2012,-1.547,2.1.1,2026-09-30
davisra01,Ralph Davis,1961,1962,2,-2.86,1729,1962,-1.491,2.1.1,2026-09-30
deesar01,Archie Dees,1959,1960,2,-2.87,1730,1960,-1.594,2.1.1,2026-09-30
booketr01,Trevor Booker,2011,2018,7,-2.88,1731,2015,-0.085,2.1.1,2026-09-30
jonesro01,Robin Jones,1977,1977,1,-2.88,1732,1977,-2.51,2.1.1,2026-09-30
maydo01,Don May,1971,1973,3,-2.89,1733,1971,1.446,2.1.1,2026-09-30
cartebu01,Butch Carter,1982,1985,4,-2.9,1734,1984,-0.02,2.1.1,2026-09-30
roziecl01,Clifford Rozier,1995,1996,2,-2.91,1735,1995,-1.594,2.1.1,2026-09-30
sheroed01,Ed Sherod,1983,1983,1,-2.91,1736,1983,-2.447,2.1.1,2026-09-30
greenaj01,A.J. Green,2025,2026,2,-2.91,1737,2026,-0.995,2.1.1,2026-09-30
tresvjo01,John Tresvant,1966,1972,7,-2.92,1738,1969,0.345,2.1.1,2026-09-30
ratleed01,Ed Ratleff,1974,1978,4,-2.92,1739,1975,0.248,2.1.1,2026-09-30
burketr01,Trey Burke,2014,2021,5,-2.92,1740,2015,1.326,2.1.1,2026-09-30
branhma01,Malaki Branham,2023,2024,2,-2.93,1741,2024,-1.579,2.1.1,2026-09-30
mcgeeja01,JaVale McGee,2009,2022,10,-2.94,1742,2019,0.677,2.1.1,2026-09-30
inniger01,Ervin Inniger,1968,1968,1,-2.94,1743,1968,-2.941,2.1.1,2026-09-30
lamban01,Anthony Lamb,2023,2023,1,-2.95,1744,2023,-2.537,2.1.1,2026-09-30
obanned01,Ed O'Bannon,1996,1997,2,-2.95,1745,1996,-1.503,2.1.1,2026-09-30
meriwjo01,Joe Meriweather,1976,1985,8,-2.96,1746,1976,-0.339,2.1.1,2026-09-30
imhofda01,Darrall Imhoff,1961,1970,9,-2.96,1747,1970,0.877,2.1.1,2026-09-30
ranseke01,Kelvin Ransey,1981,1986,6,-2.96,1748,1982,1.537,2.1.1,2026-09-30
kolekty01,Tyler Kolek,2026,2026,1,-2.96,1749,2026,-2.741,2.1.1,2026-09-30
grahatr01,Treveon Graham,2018,2020,2,-2.97,1750,2018,-1.79,2.1.1,2026-09-30
stewami01,Michael Stewart,1998,1999,2,-2.97,1751,1998,-1.388,2.1.1,2026-09-30
lichtto01,Todd Lichti,1990,1992,2,-2.98,1752,1992,-1.59,2.1.1,2026-09-30
swageke01,Keith Swagerty,1969,1969,1,-2.98,1753,1969,-3.034,2.1.1,2026-09-30
hetzefr01,Fred Hetzel,1966,1971,6,-2.98,1754,1968,1.528,2.1.1,2026-09-30
busedo01,Don Buse,1973,1985,12,-2.99,1755,1976,0.297,2.1.1,2026-09-30
mccanbo01,Bob McCann,1993,1996,2,-2.99,1756,1993,-1.816,2.1.1,2026-09-30
bryanca01,Carter Bryant,2026,2026,1,-2.99,1757,2026,-2.796,2.1.1,2026-09-30
haywobr01,Brendan Haywood,2002,2013,11,-2.99,1758,2008,-0.123,2.1.1,2026-09-30
delanma01,Malcolm Delaney,2017,2017,1,-3.0,1759,2017,-2.748,2.1.1,2026-09-30
hiltofr01,Fred Hilton,1972,1973,2,-3.01,1760,1972,-1.666,2.1.1,2026-09-30
washiri01,Richard Washington,1977,1981,4,-3.02,1761,1977,1.039,2.1.1,2026-09-30
ighodos01,Oso Ighodaro,2025,2026,2,-3.03,1762,2026,-1.377,2.1.1,2026-09-30
murrakr01,Kris Murray,2024,2025,2,-3.03,1763,2024,-1.914,2.1.1,2026-09-30
rothsc01,Scott Roth,1989,1990,2,-3.03,1764,1990,-1.508,2.1.1,2026-09-30
pincked01,Ed Pinckney,1986,1996,10,-3.04,1765,1987,-0.094,2.1.1,2026-09-30
schulho01,Howie Schultz,1952,1952,1,-3.04,1766,1952,-2.749,2.1.1,2026-09-30
baileja01,James Bailey,1980,1988,7,-3.04,1767,1981,0.967,2.1.1,2026-09-30
smithad01,Adrian Smith,1962,1970,9,-3.04,1768,1966,0.402,2.1.1,2026-09-30
exumda01,Dante Exum,2015,2017,2,-3.05,1769,2015,-1.151,2.1.1,2026-09-30
alstode01,Derrick Alston,1995,1996,2,-3.05,1770,1995,-1.972,2.1.1,2026-09-30
sampsja02,JaKarr Sampson,2015,2016,2,-3.06,1771,2016,-1.902,2.1.1,2026-09-30
halbrsw01,Swede Halbrook,1961,1962,2,-3.06,1772,1962,-1.218,2.1.1,2026-09-30
tyrach01,Charlie Tyra,1958,1962,5,-3.06,1773,1960,-0.25,2.1.1,2026-09-30
alforst01,Steve Alford,1989,1989,1,-3.07,1774,1989,-2.797,2.1.1,2026-09-30
verhope01,Pete Verhoeven,1982,1986,2,-3.07,1775,1982,-1.599,2.1.1,2026-09-30
mohamna01,Nazr Mohammed,2001,2014,11,-3.07,1776,2005,-0.018,2.1.1,2026-09-30
johnsge02,George Johnson,1974,1985,10,-3.08,1777,1980,0.004,2.1.1,2026-09-30
weslebl01,Blake Wesley,2024,2025,2,-3.08,1778,2024,-1.8,2.1.1,2026-09-30
hassejo01,Joe Hassett,1980,1982,2,-3.08,1779,1980,-1.964,2.1.1,2026-09-30
krejcvi01,Vít Krejčí,2026,2026,1,-3.08,1780,2026,-2.659,2.1.1,2026-09-30
adamsdo01,Don Adams,1971,1977,5,-3.08,1781,1974,0.196,2.1.1,2026-09-30
grahapa01,Paul Graham,1992,1993,2,-3.08,1782,1992,-0.185,2.1.1,2026-09-30
mckinal01,Alfonzo McKinnie,2019,2019,1,-3.08,1783,2019,-2.97,2.1.1,2026-09-30
krstine01,Nenad Krstić,2005,2011,4,-3.09,1784,2006,1.882,2.1.1,2026-09-30
nealji01,Jim Neal,1954,1954,1,-3.09,1785,1954,-2.83,2.1.1,2026-09-30
eatonma01,Mark Eaton,1983,1993,11,-3.1,1786,1989,0.129,2.1.1,2026-09-30
dosunay01,Ayo Dosunmu,2022,2026,4,-3.1,1787,2026,0.194,2.1.1,2026-09-30
milleda01,Darius Miller,2018,2019,2,-3.1,1788,2019,-1.01,2.1.1,2026-09-30
ruffnpa01,Paul Ruffner,1972,1972,1,-3.11,1789,1972,-3.569,2.1.1,2026-09-30
hilljo01,Jordan Hill,2011,2016,4,-3.11,1790,2015,-0.03,2.1.1,2026-09-30
thompjo01,John Thompson,1965,1965,1,-3.11,1791,1965,-2.947,2.1.1,2026-09-30
lenal01,Alex Len,2015,2021,7,-3.12,1792,2019,-0.381,2.1.1,2026-09-30
spearod01,Odie Spears,1952,1956,5,-3.12,1793,1953,0.292,2.1.1,2026-09-30
kinglo01,Loyd King,1972,1972,1,-3.12,1794,1972,-3.586,2.1.1,2026-09-30
connele01,Lester Conner,1983,1992,7,-3.13,1795,1989,-0.088,2.1.1,2026-09-30
newblir01,Ira Newble,2003,2005,3,-3.13,1796,2003,-0.838,2.1.1,2026-09-30
willija07,Jaylin Williams,2024,2026,2,-3.13,1797,2026,-0.133,2.1.1,2026-09-30
swiftst01,Stromile Swift,2001,2006,6,-3.13,1798,2002,-0.157,2.1.1,2026-09-30
nicksca01,Carl Nicks,1981,1982,2,-3.14,1799,1982,-1.911,2.1.1,2026-09-30
arcidry01,Ryan Arcidiacono,2019,2020,2,-3.14,1800,2020,-2.032,2.1.1,2026-09-30
budinch01,Chase Budinger,2010,2016,5,-3.14,1801,2012,0.395,2.1.1,2026-09-30
simonan01,Anfernee Simons,2020,2025,4,-3.14,1802,2023,1.45,2.1.1,2026-09-30
pressha01,Harold Pressley,1987,1990,4,-3.14,1803,1989,-0.138,2.1.1,2026-09-30
turneja01,Jack Turner,1955,1955,1,-3.15,1804,1955,-3.148,2.1.1,2026-09-30
fieldla01,Landry Fields,2011,2012,2,-3.15,1805,2012,-0.725,2.1.1,2026-09-30
chrisjo01,Josh Christopher,2022,2023,2,-3.15,1806,2022,-1.802,2.1.1,2026-09-30
anthogr01,Greg Anthony,1992,2002,11,-3.16,1807,1996,0.029,2.1.1,2026-09-30
anstech01,Chris Anstey,1999,2000,2,-3.16,1808,2000,-1.739,2.1.1,2026-09-30
stonege01,George Stone,1969,1971,3,-3.17,1809,1970,0.31,2.1.1,2026-09-30
larkish01,Shane Larkin,2015,2016,2,-3.17,1810,2016,-1.609,2.1.1,2026-09-30
terryda01,Dalen Terry,2024,2025,2,-3.17,1811,2025,-2.013,2.1.1,2026-09-30
komivho01,Howard Komives,1965,1973,9,-3.18,1812,1969,-0.445,2.1.1,2026-09-30
portecr01,Craig Porter Jr.,2026,2026,1,-3.18,1813,2026,-2.721,2.1.1,2026-09-30
wilkebo01,Bob Wilkerson,1977,1983,7,-3.18,1814,1978,-0.102,2.1.1,2026-09-30
meeksjo01,Jodie Meeks,2010,2018,7,-3.18,1815,2015,0.42,2.1.1,2026-09-30
braunch01,Christian Braun,2023,2025,3,-3.19,1816,2025,1.564,2.1.1,2026-09-30
rebraze01,Željko Rebrača,2002,2005,2,-3.19,1817,2005,-1.154,2.1.1,2026-09-30
giricgo01,Gordan Giriček,2003,2007,4,-3.19,1818,2004,-0.253,2.1.1,2026-09-30
oquinky01,Kyle O'Quinn,2014,2018,4,-3.19,1819,2018,-0.37,2.1.1,2026-09-30
brancad01,Adrian Branch,1989,1989,1,-3.2,1820,1989,-2.986,2.1.1,2026-09-30
gabriwe01,Wenyen Gabriel,2023,2023,1,-3.2,1821,2023,-2.848,2.1.1,2026-09-30
rasmubl01,Blair Rasmussen,1987,1992,6,-3.2,1822,1988,0.284,2.1.1,2026-09-30
conloma01,Marty Conlon,1995,1997,3,-3.21,1823,1995,-0.636,2.1.1,2026-09-30
plummga01,Gary Plummer,1985,1993,2,-3.21,1824,1993,-1.75,2.1.1,2026-09-30
tateja01,Jae'Sean Tate,2021,2024,3,-3.22,1825,2022,-1.242,2.1.1,2026-09-30
cardibr01,Brian Cardinal,2004,2009,3,-3.23,1826,2004,0.227,2.1.1,2026-09-30
eisleho01,Howard Eisley,1996,2005,9,-3.23,1827,2003,-0.186,2.1.1,2026-09-30
brownjo01,John Brown,1974,1979,6,-3.24,1828,1975,0.382,2.1.1,2026-09-30
edwarke01,Kevin Edwards,1989,1994,5,-3.24,1829,1994,0.776,2.1.1,2026-09-30
sacrero01,Robert Sacre,2014,2015,2,-3.25,1830,2014,-1.984,2.1.1,2026-09-30
davisme01,Mel Davis,1975,1975,1,-3.25,1831,1975,-3.008,2.1.1,2026-09-30
livinsh01,Shaun Livingston,2006,2019,10,-3.25,1832,2015,0.069,2.1.1,2026-09-30
delkto01,Tony Delk,1997,2003,6,-3.25,1833,2003,0.084,2.1.1,2026-09-30
battito01,Tony Battie,1998,2009,10,-3.26,1834,2006,-0.163,2.1.1,2026-09-30
neumapa01,Paul Neumann,1962,1967,6,-3.26,1835,1965,0.296,2.1.1,2026-09-30
headlu01,Luther Head,2006,2008,3,-3.27,1836,2007,0.006,2.1.1,2026-09-30
pendeje02,Jeff Ayres,2014,2014,1,-3.27,1837,2014,-2.946,2.1.1,2026-09-30
laresyo01,York Larese,1962,1962,1,-3.28,1838,1962,-3.16,2.1.1,2026-09-30
paxsojo01,John Paxson,1985,1993,9,-3.28,1839,1987,-0.02,2.1.1,2026-09-30
martike04,KJ Martin,2022,2024,3,-3.29,1840,2023,-0.384,2.1.1,2026-09-30
smithmi01,Michael Smith,1990,1990,1,-3.3,1841,1990,-3.08,2.1.1,2026-09-30
vacenst01,Steve Vacendak,1969,1969,1,-3.3,1842,1969,-3.299,2.1.1,2026-09-30
turnean01,Andre Turner,1991,1992,2,-3.3,1843,1991,-1.745,2.1.1,2026-09-30
derliro01,Rod Derline,1975,1975,1,-3.3,1844,1975,-3.218,2.1.1,2026-09-30
brogaji01,Jim Brogan,1982,1983,2,-3.31,1845,1982,-1.827,2.1.1,2026-09-30
mooreet01,E'Twaun Moore,2013,2020,6,-3.31,1846,2018,-0.19,2.1.1,2026-09-30
calabge01,Gerry Calabrese,1952,1952,1,-3.32,1847,1952,-3.12,2.1.1,2026-09-30
hordgce01,Cedrick Hordges,1981,1982,2,-3.32,1848,1981,-0.85,2.1.1,2026-09-30
georgta01,Tate George,1992,1992,1,-3.33,1849,1992,-3.073,2.1.1,2026-09-30
rolliph01,Phil Rollins,1960,1961,2,-3.33,1850,1960,-2.069,2.1.1,2026-09-30
mudiaem01,Emmanuel Mudiay,2016,2020,4,-3.34,1851,2016,0.266,2.1.1,2026-09-30
bedfowi01,William Bedford,1991,1991,1,-3.34,1852,1991,-3.122,2.1.1,2026-09-30
tomlina01,Nae'Qwan Tomlin,2026,2026,1,-3.35,1853,2026,-2.979,2.1.1,2026-09-30
carusal01,Alex Caruso,2020,2024,4,-3.35,1854,2024,0.428,2.1.1,2026-09-30
eakinji01,Jim Eakins,1969,1977,9,-3.36,1855,1973,-0.08,2.1.1,2026-09-30
zelleco01,Cody Zeller,2014,2020,5,-3.36,1856,2017,0.702,2.1.1,2026-09-30
johnsbu01,Buck Johnson,1987,1993,7,-3.36,1857,1990,1.074,2.1.1,2026-09-30
decolna01,Nando De Colo,2013,2013,1,-3.36,1858,2013,-2.998,2.1.1,2026-09-30
dickede01,Derrek Dickey,1974,1976,3,-3.36,1859,1975,-0.161,2.1.1,2026-09-30
boydfr01,Freddie Boyd,1973,1975,3,-3.37,1860,1974,-1.332,2.1.1,2026-09-30
bjeline01,Nemanja Bjelica,2016,2022,6,-3.37,1861,2020,0.192,2.1.1,2026-09-30
ladnewe01,Wendell Ladner,1971,1974,3,-3.37,1862,1971,-0.597,2.1.1,2026-09-30
hairspj02,P.J. Hairston,2016,2016,1,-3.37,1863,2016,-3.053,2.1.1,2026-09-30
mcmilsh01,Shellie McMillon,1960,1962,3,-3.38,1864,1962,-0.755,2.1.1,2026-09-30
crabbal01,Allen Crabbe,2016,2018,3,-3.38,1865,2018,-0.287,2.1.1,2026-09-30
belljo01,Jordan Bell,2019,2019,1,-3.38,1866,2019,-3.216,2.1.1,2026-09-30
hightwa01,Wayne Hightower,1963,1971,7,-3.39,1867,1964,1.055,2.1.1,2026-09-30
cissosi01,Sidy Cissoko,2026,2026,1,-3.4,1868,2026,-3.069,2.1.1,2026-09-30
caffeja01,Jason Caffey,1997,2001,5,-3.41,1869,1999,-0.228,2.1.1,2026-09-30
budkowa01,Walt Budko,1952,1952,1,-3.41,1870,1952,-3.263,2.1.1,2026-09-30
collini01,Nick Collison,2005,2016,12,-3.41,1871,2007,-0.434,2.1.1,2026-09-30
jacksis01,Isaiah Jackson,2023,2024,2,-3.41,1872,2023,-1.209,2.1.1,2026-09-30
greendo01,Donté Greene,2010,2012,3,-3.41,1873,2010,-1.026,2.1.1,2026-09-30
wiggiaa01,Aaron Wiggins,2023,2026,4,-3.42,1874,2025,1.002,2.1.1,2026-09-30
rhineke01,Kendall Rhine,1969,1969,1,-3.42,1875,1969,-3.6,2.1.1,2026-09-30
sandela01,Larry Sanders,2011,2013,3,-3.42,1876,2013,-0.149,2.1.1,2026-09-30
strawjo01,Joe Strawder,1966,1968,3,-3.42,1877,1967,-0.369,2.1.1,2026-09-30
stricma01,Mark Strickland,2000,2000,1,-3.42,1878,2000,-3.13,2.1.1,2026-09-30
watanyu01,Yuta Watanabe,2023,2023,1,-3.42,1879,2023,-3.166,2.1.1,2026-09-30
skoogwh01,Whitey Skoog,1953,1956,4,-3.42,1880,1954,0.153,2.1.1,2026-09-30
carlodo01,Don Carlos,1969,1969,1,-3.43,1881,1969,-3.609,2.1.1,2026-09-30
johnsol01,Ollie Johnson,1973,1980,8,-3.43,1882,1976,-0.634,2.1.1,2026-09-30
tolbeto01,Tom Tolbert,1990,1993,3,-3.43,1883,1993,-0.208,2.1.1,2026-09-30
vincesa01,Sam Vincent,1988,1990,3,-3.44,1884,1990,-0.562,2.1.1,2026-09-30
waitegr01,Granville Waiters,1984,1985,2,-3.44,1885,1984,-2.137,2.1.1,2026-09-30
gilled01,Eddie Gill,2005,2005,1,-3.44,1886,2005,-3.236,2.1.1,2026-09-30
roberst01,Stanley Roberts,1993,1998,2,-3.44,1887,1993,-0.179,2.1.1,2026-09-30
jenkijo01,John Jenkins,2013,2013,1,-3.45,1888,2013,-3.1,2.1.1,2026-09-30
cancavl01,Vlatko Čančar,2023,2023,1,-3.45,1889,2023,-3.13,2.1.1,2026-09-30
walkefo01,Foots Walker,1975,1983,7,-3.45,1890,1980,0.469,2.1.1,2026-09-30
martila01,LaRue Martin,1973,1976,3,-3.46,1891,1975,-0.922,2.1.1,2026-09-30
holidju01,Justin Holiday,2015,2024,8,-3.46,1892,2018,-0.502,2.1.1,2026-09-30
fulksjo01,Joe Fulks,1952,1954,3,-3.46,1893,1952,0.057,2.1.1,2026-09-30
brewero01,Ron Brewer,1979,1983,5,-3.46,1894,1980,0.525,2.1.1,2026-09-30
mbahalu01,Luc Mbah a Moute,2009,2018,9,-3.48,1895,2009,-0.1,2.1.1,2026-09-30
willifl01,Fly Williams,1975,1975,1,-3.48,1896,1975,-3.113,2.1.1,2026-09-30
ferrybo01,Bob Ferry,1960,1968,8,-3.49,1897,1962,0.548,2.1.1,2026-09-30
bradlto01,Tony Bradley,2020,2020,1,-3.49,1898,2020,-3.288,2.1.1,2026-09-30
washier01,Eric Washington,1998,1999,2,-3.49,1899,1998,-2.19,2.1.1,2026-09-30
knoxke01,Kevin Knox,2019,2023,3,-3.5,1900,2019,-0.864,2.1.1,2026-09-30
beaslma01,Malik Beasley,2018,2025,7,-3.51,1901,2025,0.306,2.1.1,2026-09-30
ajincal01,Alexis Ajinça,2015,2016,2,-3.51,1902,2016,-1.336,2.1.1,2026-09-30
townsra01,Raymond Townsend,1979,1980,2,-3.52,1903,1980,-2.248,2.1.1,2026-09-30
battlke01,Kenny Battle,1990,1990,1,-3.52,1904,1990,-3.221,2.1.1,2026-09-30
chrisma02,Max Christie,2024,2026,3,-3.52,1905,2026,-0.887,2.1.1,2026-09-30
jenkich01,Charles Jenkins,2012,2013,2,-3.52,1906,2012,-1.694,2.1.1,2026-09-30
holliro01,Rondae Hollis-Jefferson,2017,2020,4,-3.52,1907,2018,0.725,2.1.1,2026-09-30
jonesoz01,Ozell Jones,1985,1985,1,-3.52,1908,1985,-3.361,2.1.1,2026-09-30
grayle01,Leonard Gray,1975,1977,3,-3.53,1909,1976,0.594,2.1.1,2026-09-30
popema01,Mark Pope,2001,2001,1,-3.53,1910,2001,-3.354,2.1.1,2026-09-30
nnajize01,Zeke Nnaji,2024,2024,1,-3.54,1911,2024,-3.266,2.1.1,2026-09-30
garreca01,Calvin Garrett,1981,1981,1,-3.55,1912,1981,-3.167,2.1.1,2026-09-30
hawthna01,Nate Hawthorne,1976,1976,1,-3.55,1913,1976,-3.292,2.1.1,2026-09-30
burkepa01,Pat Burke,2003,2003,1,-3.55,1914,2003,-3.408,2.1.1,2026-09-30
quinnbr01,Brian Quinnett,1991,1991,1,-3.55,1915,1991,-3.331,2.1.1,2026-09-30
mengejo01,John Mengelt,1972,1979,8,-3.56,1916,1973,-0.514,2.1.1,2026-09-30
combsgl01,Glen Combs,1969,1974,5,-3.56,1917,1971,1.425,2.1.1,2026-09-30
gueyemo02,Mouhamed Gueye,2026,2026,1,-3.56,1918,2026,-3.242,2.1.1,2026-09-30
harrist01,Steve Harris,1987,1988,2,-3.57,1919,1988,-1.16,2.1.1,2026-09-30
thorjt01,JT Thor,2023,2024,2,-3.57,1920,2023,-2.248,2.1.1,2026-09-30
edwarju01,Justin Edwards,2026,2026,1,-3.57,1921,2026,-3.362,2.1.1,2026-09-30
poweldw01,Dwight Powell,2016,2026,9,-3.58,1922,2019,0.345,2.1.1,2026-09-30
lauvejo01,Joffrey Lauvergne,2016,2017,2,-3.58,1923,2016,-0.742,2.1.1,2026-09-30
brownsh01,Shannon Brown,2010,2013,4,-3.58,1924,2012,0.143,2.1.1,2026-09-30
shackch01,Charles Shackleford,1989,1992,3,-3.59,1925,1992,-1.001,2.1.1,2026-09-30
roberri01,Rick Roberson,1970,1976,6,-3.59,1926,1973,0.807,2.1.1,2026-09-30
hamilst01,Steve Hamilton,1959,1959,1,-3.6,1927,1959,-3.518,2.1.1,2026-09-30
jameshe01,Henry James,1992,1992,1,-3.6,1928,1992,-3.247,2.1.1,2026-09-30
mustaje01,Jerrod Mustaf,1991,1991,1,-3.61,1929,1991,-3.438,2.1.1,2026-09-30
mccarwi01,Willie McCarter,1971,1971,1,-3.61,1930,1971,-3.603,2.1.1,2026-09-30
walkebi01,Henry Walker,2011,2011,1,-3.61,1931,2011,-3.491,2.1.1,2026-09-30
gonzahu01,Hugo González,2026,2026,1,-3.61,1932,2026,-3.249,2.1.1,2026-09-30
pietrmi01,Mickaël Piétrus,2005,2010,4,-3.62,1933,2005,-0.554,2.1.1,2026-09-30
wainris01,Ish Wainright,2023,2023,1,-3.62,1934,2023,-3.307,2.1.1,2026-09-30
nancela02,Larry Nance Jr.,2016,2024,7,-3.63,1935,2020,-0.255,2.1.1,2026-09-30
bracest01,Steve Bracey,1973,1974,2,-3.63,1936,1974,-1.295,2.1.1,2026-09-30
mayescl01,Clyde Mayes,1976,1976,1,-3.65,1937,1976,-3.393,2.1.1,2026-09-30
phelpmi01,Michael Phelps,1986,1987,2,-3.65,1938,1986,-2.276,2.1.1,2026-09-30
duhonch01,Chris Duhon,2005,2012,7,-3.65,1939,2009,0.399,2.1.1,2026-09-30
onealro01,Royce O'Neale,2018,2026,9,-3.65,1940,2021,0.888,2.1.1,2026-09-30
knighne01,Negele Knight,1991,1994,2,-3.65,1941,1994,-0.404,2.1.1,2026-09-30
davisdw01,Dwight Davis,1973,1976,4,-3.66,1942,1974,0.015,2.1.1,2026-09-30
laneje01,Jerome Lane,1990,1991,2,-3.66,1943,1991,-1.018,2.1.1,2026-09-30
garrito01,Tom Garrick,1989,1991,3,-3.66,1944,1990,-1.245,2.1.1,2026-09-30
normaco01,Connie Norman,1976,1976,1,-3.66,1945,1976,-3.453,2.1.1,2026-09-30
kupeccj01,C.J. Kupec,1977,1977,1,-3.66,1946,1977,-3.396,2.1.1,2026-09-30
ellisbo02,Bo Ellis,1978,1978,1,-3.66,1947,1978,-3.555,2.1.1,2026-09-30
rileyro01,Ron Riley,1973,1976,3,-3.66,1948,1973,-0.693,2.1.1,2026-09-30
thiebbi01,Bill Thieben,1957,1957,1,-3.66,1949,1957,-3.663,2.1.1,2026-09-30
watsoja01,Jamie Watson,1995,1995,1,-3.67,1950,1995,-3.406,2.1.1,2026-09-30
smithde02,Derek Smith,1984,1990,4,-3.68,1951,1985,1.979,2.1.1,2026-09-30
hensost01,Steve Henson,1991,1991,1,-3.69,1952,1991,-3.562,2.1.1,2026-09-30
lewisqu01,Quincy Lewis,2000,2000,1,-3.69,1953,2000,-3.545,2.1.1,2026-09-30
spragbr01,Bruce Spraggins,1968,1968,1,-3.69,1954,1968,-3.832,2.1.1,2026-09-30
swainbe01,Bennie Swain,1959,1959,1,-3.7,1955,1959,-3.435,2.1.1,2026-09-30
harriot01,Othella Harrington,1998,2006,8,-3.7,1956,2000,0.157,2.1.1,2026-09-30
josepco01,Cory Joseph,2014,2023,10,-3.71,1957,2016,-0.243,2.1.1,2026-09-30
crawfjo02,Jordan Crawford,2012,2014,3,-3.72,1958,2012,-0.043,2.1.1,2026-09-30
robingl02,Glenn Robinson III,2017,2020,2,-3.72,1959,2020,-1.02,2.1.1,2026-09-30
jianlyi01,Yi Jianlian,2008,2011,3,-3.72,1960,2009,-1.142,2.1.1,2026-09-30
whitnch01,Chris Whitney,1997,2002,6,-3.72,1961,2002,0.161,2.1.1,2026-09-30
leiboba01,Barry Leibowitz,1968,1968,1,-3.72,1962,1968,-3.872,2.1.1,2026-09-30
jacksmi01,Mike Jackson,1974,1976,3,-3.72,1963,1976,-1.307,2.1.1,2026-09-30
huttojo01,Joe Hutton,1952,1952,1,-3.73,1964,1952,-3.783,2.1.1,2026-09-30
bosweto01,Tom Boswell,1977,1980,4,-3.73,1965,1979,0.858,2.1.1,2026-09-30
gattike01,Kenny Gattison,1987,1994,6,-3.73,1966,1992,0.115,2.1.1,2026-09-30
davisch02,Charles Davis,1983,1985,2,-3.73,1967,1983,-1.159,2.1.1,2026-09-30
greenge01,Gerald Green,2007,2019,6,-3.73,1968,2014,1.947,2.1.1,2026-09-30
marksse01,Sean Marks,2009,2009,1,-3.74,1969,2009,-3.566,2.1.1,2026-09-30
mccarjo01,Johnny McCarthy,1957,1961,3,-3.75,1970,1961,-0.995,2.1.1,2026-09-30
stevela01,Lamar Stevens,2022,2023,2,-3.75,1971,2022,-1.14,2.1.1,2026-09-30
hylanbo01,Bones Hyland,2022,2026,2,-3.75,1972,2022,-1.051,2.1.1,2026-09-30
durenjo01,John Duren,1982,1983,2,-3.75,1973,1983,-2.369,2.1.1,2026-09-30
webstma02,Martell Webster,2006,2014,7,-3.75,1974,2013,0.141,2.1.1,2026-09-30
bazleda01,Darius Bazley,2020,2022,3,-3.75,1975,2021,-0.483,2.1.1,2026-09-30
finchla01,Larry Finch,1974,1975,2,-3.76,1976,1975,-1.498,2.1.1,2026-09-30
rhodero01,Rodrick Rhodes,1998,1998,1,-3.76,1977,1998,-3.557,2.1.1,2026-09-30
whitera01,Randy White,1991,1993,3,-3.76,1978,1991,-1.059,2.1.1,2026-09-30
willich01,Charlie Williams,1968,1972,4,-3.76,1979,1968,1.451,2.1.1,2026-09-30
whiteja01,Jahidi White,2000,2004,4,-3.77,1980,2001,-0.806,2.1.1,2026-09-30
selvale01,Les Selvage,1968,1968,1,-3.77,1981,1968,-3.927,2.1.1,2026-09-30
howarje01,Jett Howard,2025,2025,1,-3.77,1982,2025,-3.557,2.1.1,2026-09-30
clarkja02,Jaylen Clark,2026,2026,1,-3.77,1983,2026,-3.49,2.1.1,2026-09-30
meltode01,De'Anthony Melton,2020,2023,4,-3.77,1984,2023,0.151,2.1.1,2026-09-30
ezelife01,Festus Ezeli,2013,2013,1,-3.77,1985,2013,-3.656,2.1.1,2026-09-30
merrisa01,Sam Merrill,2024,2025,2,-3.77,1986,2025,-1.1,2.1.1,2026-09-30
vasqugr01,Greivis Vásquez,2011,2015,5,-3.77,1987,2013,1.743,2.1.1,2026-09-30
colemec01,E.C. Coleman,1974,1978,5,-3.78,1988,1977,-0.343,2.1.1,2026-09-30
jonesty01,Tyus Jones,2017,2026,10,-3.78,1989,2022,-0.055,2.1.1,2026-09-30
weissbo01,Bob Weiss,1968,1977,10,-3.78,1990,1972,0.363,2.1.1,2026-09-30
kopicjo01,Joe Kopicki,1984,1984,1,-3.78,1991,1984,-3.552,2.1.1,2026-09-30
vincega01,Gabe Vincent,2022,2025,3,-3.78,1992,2023,-0.277,2.1.1,2026-09-30
welpch01,Chris Welp,1989,1989,1,-3.79,1993,1989,-3.595,2.1.1,2026-09-30
thornro01,Rod Thorn,1964,1971,6,-3.8,1994,1964,0.357,2.1.1,2026-09-30
jonespe01,Perry Jones,2014,2014,1,-3.8,1995,2014,-3.559,2.1.1,2026-09-30
tuckeji01,Jim Tucker,1956,1956,1,-3.81,1996,1956,-3.71,2.1.1,2026-09-30
willijo02,John Williams,1987,1993,4,-3.81,1997,1989,1.058,2.1.1,2026-09-30
lumppra01,Ray Lumpp,1952,1953,2,-3.82,1998,1953,-1.167,2.1.1,2026-09-30
roberto01,Tony Robertson,1978,1978,1,-3.83,1999,1978,-3.534,2.1.1,2026-09-30
woodle01,Leon Wood,1986,1987,2,-3.83,2000,1987,-1.152,2.1.1,2026-09-30
beckco01,Corey Beck,1998,1998,1,-3.84,2001,1998,-3.619,2.1.1,2026-09-30
nworajo01,Jordan Nwora,2022,2023,2,-3.84,2002,2023,-1.208,2.1.1,2026-09-30
leaftj01,T.J. Leaf,2019,2019,1,-3.84,2003,2019,-3.602,2.1.1,2026-09-30
roberan03,Andre Roberson,2015,2017,3,-3.85,2004,2017,-1.136,2.1.1,2026-09-30
jonesst01,Steve Jones,1968,1976,9,-3.85,2005,1971,0.663,2.1.1,2026-09-30
hayesch01,Chuck Hayes,2007,2014,8,-3.85,2006,2011,0.967,2.1.1,2026-09-30
palmeer01,Errol Palmer,1968,1968,1,-3.86,2007,1968,-3.864,2.1.1,2026-09-30
dorsejo01,Joey Dorsey,2015,2015,1,-3.87,2008,2015,-3.51,2.1.1,2026-09-30
jorgeno01,Noble Jorgensen,1952,1953,2,-3.87,2009,1952,-0.908,2.1.1,2026-09-30
butchdo01,Donnie Butcher,1963,1965,3,-3.88,2010,1964,-1.438,2.1.1,2026-09-30
pattean01,Andrae Patterson,1999,1999,1,-3.88,2011,1999,-3.663,2.1.1,2026-09-30
arnetja01,Jay Arnette,1965,1965,1,-3.88,2012,1965,-3.709,2.1.1,2026-09-30
dekkesa01,Sam Dekker,2017,2018,2,-3.89,2013,2017,-1.863,2.1.1,2026-09-30
reganri01,Richie Regan,1956,1958,3,-3.89,2014,1957,-0.928,2.1.1,2026-09-30
johnske01,Ken Johnson,1986,1986,1,-3.89,2015,1986,-3.662,2.1.1,2026-09-30
satorto01,Tomáš Satoranský,2018,2021,4,-3.9,2016,2020,-0.259,2.1.1,2026-09-30
klebima01,Maxi Kleber,2018,2022,4,-3.9,2017,2020,-0.419,2.1.1,2026-09-30
mikaned01,Ed Mikan,1952,1953,2,-3.9,2018,1952,-1.701,2.1.1,2026-09-30
ellinwa01,Wayne Ellington,2010,2018,8,-3.9,2019,2017,-0.224,2.1.1,2026-09-30
tillmxa01,Xavier Tillman Sr.,2021,2023,2,-3.9,2020,2023,-0.994,2.1.1,2026-09-30
greyde01,Dennis Grey,1969,1969,1,-3.9,2021,1969,-4.233,2.1.1,2026-09-30
carliri01,Rick Carlisle,1986,1986,1,-3.91,2022,1986,-3.732,2.1.1,2026-09-30
antetth01,Thanasis Antetokounmpo,2021,2021,1,-3.91,2023,2021,-3.73,2.1.1,2026-09-30
fendlja01,Jake Fendley,1952,1952,1,-3.91,2024,1952,-3.91,2.1.1,2026-09-30
eganjo01,Johnny Egan,1962,1971,9,-3.91,2025,1964,-0.402,2.1.1,2026-09-30
mcderdo01,Doug McDermott,2016,2024,8,-3.92,2026,2021,0.753,2.1.1,2026-09-30
pendano01,Noah Penda,2026,2026,1,-3.92,2027,2026,-3.656,2.1.1,2026-09-30
nordmbe01,Bevo Nordmann,1962,1962,1,-3.92,2028,1962,-3.794,2.1.1,2026-09-30
jordach01,Charles Jordan,1976,1976,1,-3.93,2029,1976,-3.686,2.1.1,2026-09-30
wardhe01,Henry Ward,1976,1976,1,-3.93,2030,1976,-3.674,2.1.1,2026-09-30
huffja01,Jay Huff,2025,2026,2,-3.93,2031,2026,-1.287,2.1.1,2026-09-30
martica01,Cartier Martin,2014,2014,1,-3.93,2032,2014,-3.754,2.1.1,2026-09-30
hamilde01,Dennis Hamilton,1970,1970,1,-3.94,2033,1970,-4.399,2.1.1,2026-09-30
digreer01,Ernie DiGregorio,1974,1977,3,-3.94,2034,1974,0.125,2.1.1,2026-09-30
bayleje01,Jerryd Bayless,2010,2015,5,-3.94,2035,2013,-0.065,2.1.1,2026-09-30
hartja01,Jason Hart,2005,2006,2,-3.94,2036,2005,-0.31,2.1.1,2026-09-30
jacksan01,Andre Jackson Jr.,2025,2025,1,-3.94,2037,2025,-3.71,2.1.1,2026-09-30
smithch02,Charles Smith,1990,1990,1,-3.95,2038,1990,-3.76,2.1.1,2026-09-30
bouchch01,Chris Boucher,2020,2023,4,-3.95,2039,2021,0.52,2.1.1,2026-09-30
buforro01,Rodney Buford,2002,2005,2,-3.95,2040,2002,-0.952,2.1.1,2026-09-30
wiesebo01,Bob Wiesenhahn,1962,1962,1,-3.96,2041,1962,-3.844,2.1.1,2026-09-30
diawamo01,Mohamed Diawara,2026,2026,1,-3.96,2042,2026,-3.76,2.1.1,2026-09-30
liberma01,Marcus Liberty,1991,1993,3,-3.96,2043,1993,-1.314,2.1.1,2026-09-30
chrisse01,Semaj Christon,2017,2017,1,-3.96,2044,2017,-3.842,2.1.1,2026-09-30
telfase01,Sebastian Telfair,2005,2013,7,-3.96,2045,2009,-0.393,2.1.1,2026-09-30
osmande01,Cedi Osman,2018,2024,7,-3.96,2046,2022,-0.183,2.1.1,2026-09-30
onimi01,Miye Oni,2021,2021,1,-3.97,2047,2021,-3.675,2.1.1,2026-09-30
macyky01,Kyle Macy,1981,1987,7,-3.97,2048,1982,1.695,2.1.1,2026-09-30
danietr01,Troy Daniels,2017,2018,2,-3.97,2049,2018,-1.6,2.1.1,2026-09-30
wiggimi01,Mitchell Wiggins,1984,1990,4,-3.97,2050,1990,0.42,2.1.1,2026-09-30
leege01,George Lee,1961,1963,3,-3.97,2051,1961,-0.572,2.1.1,2026-09-30
sasseje01,Jeryl Sasser,2003,2003,1,-3.98,2052,2003,-3.811,2.1.1,2026-09-30
carroma01,Matt Carroll,2006,2012,4,-3.98,2053,2007,-0.144,2.1.1,2026-09-30
pascher01,Eric Paschall,2020,2022,2,-3.99,2054,2020,-0.722,2.1.1,2026-09-30
luckete01,Ted Luckenbill,1962,1962,1,-3.99,2055,1962,-3.884,2.1.1,2026-09-30
paxsoji01,Jim Paxson,1957,1958,2,-4.0,2056,1958,-0.946,2.1.1,2026-09-30
dentora01,Randy Denton,1972,1976,5,-4.0,2057,1973,-0.376,2.1.1,2026-09-30
riverau01,Austin Rivers,2013,2022,9,-4.0,2058,2018,0.72,2.1.1,2026-09-30
walkeja02,Jarace Walker,2025,2026,2,-4.0,2059,2026,-1.08,2.1.1,2026-09-30
herrmwa01,Walter Herrmann,2009,2009,1,-4.01,2060,2009,-3.822,2.1.1,2026-09-30
thompho01,Hollis Thompson,2014,2016,3,-4.01,2061,2015,-1.423,2.1.1,2026-09-30
evansbr01,Brian Evans,1998,1998,1,-4.01,2062,1998,-3.775,2.1.1,2026-09-30
longwi01,Willie Long,1972,1974,2,-4.01,2063,1974,-0.695,2.1.1,2026-09-30
garrero01,Rowland Garrett,1975,1977,2,-4.01,2064,1975,-1.839,2.1.1,2026-09-30
rambiku01,Kurt Rambis,1982,1993,10,-4.01,2065,1989,-0.441,2.1.1,2026-09-30
mannte01,Terance Mann,2021,2026,6,-4.02,2066,2022,0.418,2.1.1,2026-09-30
kennalu01,Luke Kennard,2018,2026,7,-4.03,2067,2022,0.84,2.1.1,2026-09-30
harriar01,Art Harris,1969,1970,2,-4.04,2068,1969,-1.098,2.1.1,2026-09-30
dantomi01,Mike D'Antoni,1975,1975,1,-4.05,2069,1975,-3.971,2.1.1,2026-09-30
steella01,Larry Steele,1972,1979,8,-4.06,2070,1976,-0.112,2.1.1,2026-09-30
hustoge01,Geoff Huston,1980,1986,6,-4.06,2071,1983,0.002,2.1.1,2026-09-30
leuerjo01,Jon Leuer,2015,2017,3,-4.06,2072,2017,0.067,2.1.1,2026-09-30
agbajoc01,Ochai Agbaji,2023,2026,4,-4.06,2073,2025,-0.773,2.1.1,2026-09-30
hugheri01,Alfredrick Hughes,1986,1986,1,-4.06,2074,1986,-3.871,2.1.1,2026-09-30
sorenda01,Dave Sorenson,1971,1973,3,-4.07,2075,1971,-0.88,2.1.1,2026-09-30
anderky01,Kyle Anderson,2016,2025,9,-4.07,2076,2021,0.322,2.1.1,2026-09-30
suttogr01,Greg Sutton,1992,1992,1,-4.07,2077,1992,-3.924,2.1.1,2026-09-30
gearyre01,Reggie Geary,1998,1998,1,-4.07,2077,1998,-3.902,2.1.1,2026-09-30
parkesm01,Smush Parker,2003,2007,3,-4.07,2079,2006,0.466,2.1.1,2026-09-30
norrimo01,Moochie Norris,2001,2004,4,-4.07,2080,2001,-0.559,2.1.1,2026-09-30
weathni01,Nick Weatherspoon,1974,1979,5,-4.07,2081,1977,0.094,2.1.1,2026-09-30
smithcr01,Craig Smith,2007,2012,5,-4.07,2082,2008,-0.499,2.1.1,2026-09-30
sheppbe01,Ben Sheppard,2025,2026,2,-4.07,2083,2026,-1.647,2.1.1,2026-09-30
stewala01,Larry Stewart,1992,1997,3,-4.08,2084,1992,-0.564,2.1.1,2026-09-30
frankte01,Tellis Frank,1988,1994,3,-4.1,2085,1990,-1.206,2.1.1,2026-09-30
milleol01,Oliver Miller,1994,1998,5,-4.1,2086,1994,-0.083,2.1.1,2026-09-30
warneco01,Cornell Warner,1971,1976,6,-4.11,2087,1975,-0.23,2.1.1,2026-09-30
saulpe01,Pep Saul,1952,1955,4,-4.11,2088,1952,0.052,2.1.1,2026-09-30
byrnema01,Marty Byrnes,1979,1983,3,-4.12,2089,1981,-1.489,2.1.1,2026-09-30
butlemi02,Mitchell Butler,1994,1996,3,-4.12,2090,1995,-1.595,2.1.1,2026-09-30
zelleda01,Dave Zeller,1962,1962,1,-4.12,2091,1962,-4.026,2.1.1,2026-09-30
olivebr01,Brian Oliver,1991,1991,1,-4.12,2092,1991,-3.954,2.1.1,2026-09-30
tollian01,Anthony Tolliver,2011,2020,10,-4.13,2093,2018,-0.174,2.1.1,2026-09-30
stallbu01,Bud Stallworth,1973,1975,3,-4.14,2094,1973,-1.76,2.1.1,2026-09-30
leero01,Ron Lee,1977,1982,6,-4.14,2095,1977,0.016,2.1.1,2026-09-30
willije01,Jerome Williams,1998,2005,8,-4.14,2096,2003,-0.297,2.1.1,2026-09-30
mihmch01,Chris Mihm,2001,2006,5,-4.15,2097,2006,0.537,2.1.1,2026-09-30
elliske01,Keon Ellis,2025,2026,2,-4.15,2098,2025,-0.837,2.1.1,2026-09-30
niemari01,Rich Niemann,1970,1970,1,-4.15,2099,1970,-3.571,2.1.1,2026-09-30
willija01,Jayson Williams,1994,1998,4,-4.15,2100,1998,1.441,2.1.1,2026-09-30
newbiiv01,Ivano Newbill,1997,1997,1,-4.15,2101,1997,-3.946,2.1.1,2026-09-30
nowelme01,Mel Nowell,1968,1968,1,-4.15,2102,1968,-4.43,2.1.1,2026-09-30
davishu01,Hubert Davis,1995,2001,6,-4.15,2103,1998,-0.505,2.1.1,2026-09-30
bennesp01,Spider Bennett,1969,1969,1,-4.15,2104,1969,-4.556,2.1.1,2026-09-30
williro02,Rob Williams,1983,1984,2,-4.15,2105,1984,-1.596,2.1.1,2026-09-30
brookma01,MarShon Brooks,2012,2013,2,-4.16,2106,2012,-0.623,2.1.1,2026-09-30
adamsha01,Hassan Adams,2007,2007,1,-4.17,2107,2007,-3.991,2.1.1,2026-09-30
eavesje01,Jerry Eaves,1983,1984,2,-4.17,2108,1983,-0.936,2.1.1,2026-09-30
trappjo01,John Trapp,1970,1972,3,-4.17,2109,1971,0.139,2.1.1,2026-09-30
masseto01,Tony Massenburg,1995,2005,8,-4.18,2110,1999,-0.533,2.1.1,2026-09-30
schaebi01,Billy Schaeffer,1974,1974,1,-4.18,2111,1974,-3.922,2.1.1,2026-09-30
moodymo01,Moses Moody,2023,2026,4,-4.18,2112,2026,0.415,2.1.1,2026-09-30
jennike01,Keith Jennings,1994,1995,2,-4.18,2113,1995,-1.34,2.1.1,2026-09-30
clarkca01,Carlos Clark,1985,1985,1,-4.19,2114,1985,-4.073,2.1.1,2026-09-30
bockhbu01,Bucky Bockhorn,1959,1964,6,-4.2,2115,1962,0.136,2.1.1,2026-09-30
toscaju01,Juan Toscano-Anderson,2021,2022,2,-4.2,2116,2021,-0.93,2.1.1,2026-09-30
peterme01,Mel Peterson,1968,1968,1,-4.21,2117,1968,-4.506,2.1.1,2026-09-30
lochmbo01,Bob Lochmueller,1953,1953,1,-4.22,2118,1953,-4.022,2.1.1,2026-09-30
stevede01,DeShawn Stevenson,2002,2012,9,-4.23,2119,2004,-0.203,2.1.1,2026-09-30
donhabo01,Bob Donham,1952,1954,3,-4.23,2120,1952,0.415,2.1.1,2026-09-30
wetzejo01,John Wetzel,1971,1975,3,-4.24,2121,1971,-1.566,2.1.1,2026-09-30
hortota01,Talen Horton-Tucker,2021,2025,4,-4.24,2122,2023,-0.45,2.1.1,2026-09-30
calatni01,Nick Calathes,2014,2015,2,-4.25,2123,2014,-1.505,2.1.1,2026-09-30
mcelrji01,Jim McElroy,1977,1980,4,-4.25,2124,1979,0.255,2.1.1,2026-09-30
nesbyty01,Tyrone Nesby,1999,2002,4,-4.25,2125,2002,-0.922,2.1.1,2026-09-30
blabuw01,Uwe Blab,1988,1988,1,-4.25,2126,1988,-4.044,2.1.1,2026-09-30
thomawi01,Willis Thomas,1968,1968,1,-4.25,2127,1968,-4.563,2.1.1,2026-09-30
ostergr01,Greg Ostertag,1997,2006,9,-4.26,2128,2004,0.268,2.1.1,2026-09-30
worthsa01,Sam Worthen,1981,1981,1,-4.26,2129,1981,-3.973,2.1.1,2026-09-30
simpkdi01,Dickey Simpkins,1995,2000,4,-4.26,2130,1999,-0.906,2.1.1,2026-09-30
fernaru01,Rudy Fernández,2009,2011,3,-4.26,2131,2009,0.381,2.1.1,2026-09-30
dunnry01,Ryan Dunn,2025,2026,2,-4.26,2132,2025,-1.48,2.1.1,2026-09-30
warrejo01,John Warren,1971,1974,3,-4.28,2133,1971,-1.292,2.1.1,2026-09-30
blounma01,Mark Blount,2001,2008,7,-4.28,2134,2006,-0.043,2.1.1,2026-09-30
johnsfr01,Frank Johnson,1982,1994,7,-4.28,2135,1983,1.612,2.1.1,2026-09-30
swansno01,Norm Swanson,1954,1954,1,-4.29,2136,1954,-4.292,2.1.1,2026-09-30
catoke01,Kelvin Cato,1998,2005,7,-4.31,2137,2000,-0.169,2.1.1,2026-09-30
garcifr01,Francisco García,2006,2013,7,-4.31,2138,2008,-0.108,2.1.1,2026-09-30
gregoga01,Gary Gregor,1969,1972,3,-4.32,2139,1972,-0.778,2.1.1,2026-09-30
mcgruro01,Rodney McGruder,2017,2020,3,-4.32,2140,2019,-0.364,2.1.1,2026-09-30
schafbo01,Bob Schafer,1956,1956,1,-4.33,2141,1956,-4.328,2.1.1,2026-09-30
jacksph01,Phil Jackson,1968,1979,10,-4.33,2142,1974,-0.285,2.1.1,2026-09-30
babbilu01,Luke Babbitt,2013,2017,3,-4.34,2143,2017,-1.519,2.1.1,2026-09-30
conlege01,Gene Conley,1960,1963,3,-4.34,2144,1960,-1.024,2.1.1,2026-09-30
williaa01,Aaron Williams,1998,2004,7,-4.34,2145,2001,-0.454,2.1.1,2026-09-30
packro01,Robert Pack,1992,2001,4,-4.34,2146,1993,0.399,2.1.1,2026-09-30
selvyfr01,Frank Selvy,1959,1964,6,-4.35,2147,1962,0.798,2.1.1,2026-09-30
wallaty01,Tyrone Wallace,2019,2019,1,-4.36,2148,2019,-4.239,2.1.1,2026-09-30
hassetr01,Trenton Hassell,2002,2008,7,-4.36,2149,2006,-0.408,2.1.1,2026-09-30
przybjo01,Joel Przybilla,2002,2009,4,-4.37,2150,2008,-0.587,2.1.1,2026-09-30
boganke01,Keith Bogans,2004,2013,9,-4.37,2151,2008,-0.494,2.1.1,2026-09-30
geeal01,Alonzo Gee,2012,2016,4,-4.38,2152,2012,-0.498,2.1.1,2026-09-30
leonasl01,Slick Leonard,1957,1962,5,-4.38,2153,1957,-0.02,2.1.1,2026-09-30
huestjo01,Josh Huestis,2018,2018,1,-4.38,2154,2018,-4.207,2.1.1,2026-09-30
towemo01,Monte Towe,1976,1976,1,-4.38,2155,1976,-4.24,2.1.1,2026-09-30
forbega01,Gary Forbes,2011,2012,2,-4.4,2156,2012,-1.241,2.1.1,2026-09-30
flemied01,Ed Fleming,1956,1959,4,-4.4,2157,1956,0.262,2.1.1,2026-09-30
warriha01,Hakim Warrick,2006,2011,6,-4.4,2158,2007,-0.36,2.1.1,2026-09-30
luwawti01,Timothé Luwawu-Cabarrot,2017,2021,2,-4.41,2159,2017,-1.698,2.1.1,2026-09-30
mclembe01,Ben McLemore,2014,2022,7,-4.42,2160,2015,-0.268,2.1.1,2026-09-30
kileyja01,Jack Kiley,1952,1952,1,-4.43,2161,1952,-4.427,2.1.1,2026-09-30
roberfr01,Fred Roberts,1984,1993,10,-4.43,2162,1992,-0.327,2.1.1,2026-09-30
coopedu01,Duane Cooper,1993,1993,1,-4.45,2163,1993,-4.259,2.1.1,2026-09-30
willima03,Marcus Williams,2007,2010,2,-4.46,2164,2010,-2.189,2.1.1,2026-09-30
peelean01,Anthony Peeler,1993,2004,9,-4.47,2165,1997,-0.211,2.1.1,2026-09-30
poquebe01,Ben Poquette,1979,1987,8,-4.47,2166,1983,-0.6,2.1.1,2026-09-30
leaveal01,Allen Leavell,1980,1988,7,-4.47,2167,1984,-0.042,2.1.1,2026-09-30
andergr01,Greg Anderson,1988,1997,7,-4.48,2168,1992,-0.106,2.1.1,2026-09-30
jonesda01,Damon Jones,2001,2008,7,-4.48,2169,2005,2.986,2.1.1,2026-09-30
mccorti01,Tim McCormick,1985,1989,5,-4.49,2170,1988,0.071,2.1.1,2026-09-30
rosenle01,Lennie Rosenbluth,1958,1958,1,-4.49,2171,1958,-4.32,2.1.1,2026-09-30
robinsa01,Sam Robinson,1971,1971,1,-4.49,2172,1971,-4.188,2.1.1,2026-09-30
gibsoda01,Daniel Gibson,2007,2011,4,-4.5,2173,2008,-0.177,2.1.1,2026-09-30
paytoga02,Gary Payton II,2022,2026,3,-4.5,2174,2026,-0.901,2.1.1,2026-09-30
brunsri01,Rick Brunson,2002,2005,2,-4.5,2175,2005,-0.619,2.1.1,2026-09-30
beckby01,Byron Beck,1968,1976,9,-4.51,2176,1970,0.032,2.1.1,2026-09-30
menyade01,Dewitt Menyard,1968,1968,1,-4.52,2177,1968,-4.517,2.1.1,2026-09-30
thompbe01,Bernard Thompson,1985,1986,2,-4.52,2178,1986,-0.74,2.1.1,2026-09-30
paulbr01,Brandon Paul,2018,2018,1,-4.52,2179,2018,-4.364,2.1.1,2026-09-30
campafa01,Facundo Campazzo,2021,2022,2,-4.52,2180,2021,-1.13,2.1.1,2026-09-30
kosmale01,Len Kosmalski,1975,1975,1,-4.53,2181,1975,-4.452,2.1.1,2026-09-30
templga01,Garrett Temple,2014,2022,8,-4.54,2182,2021,-0.544,2.1.1,2026-09-30
mclaujo01,Jordan McLaughlin,2021,2022,2,-4.54,2183,2021,-1.618,2.1.1,2026-09-30
harvean01,Antonio Harvey,1995,1995,1,-4.55,2184,1995,-4.421,2.1.1,2026-09-30
loscuji01,Jim Loscutoff,1956,1963,6,-4.57,2185,1957,2.572,2.1.1,2026-09-30
spencfe01,Felton Spencer,1991,1998,7,-4.58,2186,1994,0.323,2.1.1,2026-09-30
mcgeemi01,Mike McGee,1984,1989,5,-4.58,2187,1985,-0.138,2.1.1,2026-09-30
metuch01,Chimezie Metu,2022,2023,2,-4.58,2188,2022,-1.079,2.1.1,2026-09-30
speigma01,Marreese Speights,2009,2017,9,-4.59,2189,2013,-0.307,2.1.1,2026-09-30
kellebi01,Bill Keller,1970,1976,7,-4.59,2190,1973,-0.075,2.1.1,2026-09-30
smithch03,Chris Smith,1993,1995,3,-4.59,2191,1994,-1.625,2.1.1,2026-09-30
krystla01,Larry Krystkowiak,1987,1993,4,-4.6,2192,1989,0.551,2.1.1,2026-09-30
brownkw01,Kwame Brown,2003,2011,5,-4.6,2193,2004,-0.164,2.1.1,2026-09-30
cunnida01,Dante Cunningham,2010,2019,10,-4.6,2194,2014,-0.752,2.1.1,2026-09-30
macksh01,Shelvin Mack,2012,2018,3,-4.6,2195,2018,-1.202,2.1.1,2026-09-30
willisc01,Scott Williams,1992,2003,8,-4.6,2196,1993,-0.55,2.1.1,2026-09-30
beasljo01,John Beasley,1968,1973,6,-4.61,2197,1968,1.136,2.1.1,2026-09-30
stiemgr01,Greg Stiemsma,2012,2013,2,-4.62,2198,2013,-1.429,2.1.1,2026-09-30
barremi01,Mike Barrett,1970,1971,2,-4.64,2199,1971,-1.659,2.1.1,2026-09-30
pattege01,George Patterson,1968,1968,1,-4.65,2200,1968,-4.491,2.1.1,2026-09-30
ragelra01,Ray Ragelis,1952,1952,1,-4.65,2201,1952,-4.651,2.1.1,2026-09-30
johnsiv01,Ivan Johnson,2012,2013,2,-4.66,2202,2012,-1.848,2.1.1,2026-09-30
carrch01,Chris Carr,1996,1999,2,-4.66,2203,1999,-1.731,2.1.1,2026-09-30
battljo01,John Battle,1986,1992,7,-4.66,2204,1991,0.058,2.1.1,2026-09-30
plumlmi01,Miles Plumlee,2014,2016,3,-4.66,2205,2014,0.588,2.1.1,2026-09-30
saundfr01,Fred Saunders,1975,1977,2,-4.67,2206,1975,-1.572,2.1.1,2026-09-30
bialowe01,Wes Bialosuknia,1968,1968,1,-4.67,2207,1968,-5.098,2.1.1,2026-09-30
edwarfr01,Franklin Edwards,1983,1986,3,-4.67,2208,1986,-1.375,2.1.1,2026-09-30
hudsotr01,Troy Hudson,2000,2005,5,-4.67,2209,2003,1.787,2.1.1,2026-09-30
milicda01,Darko Miličić,2007,2011,4,-4.68,2210,2007,-1.004,2.1.1,2026-09-30
mueller01,Erwin Mueller,1967,1970,4,-4.68,2211,1970,-0.533,2.1.1,2026-09-30
raymocr01,Craig Raymond,1970,1972,2,-4.68,2212,1970,-0.461,2.1.1,2026-09-30
hawkito01,Tom Hawkins,1960,1969,10,-4.68,2213,1968,-0.021,2.1.1,2026-09-30
walthpa01,Paul Walther,1952,1955,4,-4.69,2214,1952,0.421,2.1.1,2026-09-30
galemi01,Mike Gale,1972,1982,11,-4.7,2215,1974,-0.042,2.1.1,2026-09-30
gianejo01,John Gianelli,1974,1979,6,-4.7,2216,1976,-0.024,2.1.1,2026-09-30
raylji01,Jimmy Rayl,1968,1968,1,-4.71,2217,1968,-4.302,2.1.1,2026-09-30
bantoda01,Dalano Banton,2022,2025,2,-4.71,2218,2025,-1.021,2.1.1,2026-09-30
hardyja01,James Hardy,1979,1982,3,-4.72,2219,1982,-1.738,2.1.1,2026-09-30
highsha01,Haywood Highsmith,2024,2025,2,-4.73,2220,2025,-1.965,2.1.1,2026-09-30
rollitr01,Tree Rollins,1978,1992,12,-4.74,2221,1980,0.409,2.1.1,2026-09-30
wilsori01,Rick Wilson,1979,1979,1,-4.75,2222,1979,-4.556,2.1.1,2026-09-30
deprejo01,Joe DePre,1971,1971,1,-4.75,2223,1971,-4.586,2.1.1,2026-09-30
blackan01,Anthony Black,2024,2026,3,-4.76,2224,2026,0.476,2.1.1,2026-09-30
westma02,Mario West,2008,2008,1,-4.76,2225,2008,-4.666,2.1.1,2026-09-30
dasiltr01,Tristan Da Silva,2025,2026,2,-4.76,2226,2026,-1.48,2.1.1,2026-09-30
fostefr01,Fred Foster,1970,1977,7,-4.76,2227,1972,-0.513,2.1.1,2026-09-30
anderja01,James Anderson,2012,2014,2,-4.77,2228,2014,-1.57,2.1.1,2026-09-30
jonesju01,Jumaine Jones,2001,2006,5,-4.77,2229,2002,-0.754,2.1.1,2026-09-30
kellega01,Gary Keller,1968,1968,1,-4.78,2230,1968,-4.775,2.1.1,2026-09-30
vaughch01,Chico Vaughn,1963,1969,6,-4.78,2231,1968,0.372,2.1.1,2026-09-30
portewi01,Willie Porter,1968,1968,1,-4.79,2232,1968,-4.518,2.1.1,2026-09-30
smithdo03,Doug Smith,1992,1995,4,-4.8,2233,1992,-1.2,2.1.1,2026-09-30
houstby01,Byron Houston,1993,1994,2,-4.8,2234,1993,-1.562,2.1.1,2026-09-30
smithro01,Robert Smith,1979,1980,2,-4.81,2235,1980,-2.0,2.1.1,2026-09-30
hennela01,Larry Hennessy,1956,1956,1,-4.82,2236,1956,-4.565,2.1.1,2026-09-30
nowelja01,Jaylen Nowell,2022,2023,2,-4.82,2237,2023,-1.979,2.1.1,2026-09-30
willish03,Shawne Williams,2008,2015,3,-4.83,2238,2008,-1.354,2.1.1,2026-09-30
johnsge01,George Johnson,1972,1972,1,-4.83,2239,1972,-4.573,2.1.1,2026-09-30
brokaga01,Gary Brokaw,1975,1977,3,-4.83,2240,1975,-1.064,2.1.1,2026-09-30
mannigu01,Guy Manning,1968,1968,1,-4.84,2241,1968,-4.842,2.1.1,2026-09-30
harribo02,Bob Harrison,1952,1958,7,-4.85,2242,1956,-0.59,2.1.1,2026-09-30
declean01,Andrew DeClercq,1997,2004,8,-4.85,2243,1999,-0.414,2.1.1,2026-09-30
breuera01,Randy Breuer,1985,1992,7,-4.85,2244,1986,-0.408,2.1.1,2026-09-30
bemorir01,Irv Bemoras,1954,1957,2,-4.86,2245,1954,-1.248,2.1.1,2026-09-30
ligongo01,Goose Ligon,1968,1972,5,-4.86,2246,1970,0.581,2.1.1,2026-09-30
hollaro01,Ron Holland,2025,2026,2,-4.86,2247,2026,-1.495,2.1.1,2026-09-30
delfica01,Carlos Delfino,2006,2013,6,-4.87,2248,2010,0.294,2.1.1,2026-09-30
stewais01,Isaiah Stewart,2021,2026,4,-4.87,2249,2021,-0.503,2.1.1,2026-09-30
willisa02,Sam Williams,1982,1984,3,-4.89,2250,1982,-0.8,2.1.1,2026-09-30
willish02,Shelden Williams,2007,2012,4,-4.89,2251,2007,-1.256,2.1.1,2026-09-30
brownch01,Chucky Brown,1990,2000,8,-4.9,2252,1999,-0.323,2.1.1,2026-09-30
simmogr01,Grant Simmons,1968,1968,1,-4.9,2253,1968,-4.351,2.1.1,2026-09-30
thompbi01,Billy Thompson,1987,1991,4,-4.9,2254,1990,-0.57,2.1.1,2026-09-30
daviste02,Terence Davis,2020,2023,3,-4.91,2255,2021,-0.719,2.1.1,2026-09-30
watsope01,Peyton Watson,2024,2025,2,-4.91,2256,2025,-1.814,2.1.1,2026-09-30
tinslge01,George Tinsley,1970,1970,1,-4.92,2257,1970,-4.932,2.1.1,2026-09-30
doolike01,Keyon Dooling,2001,2011,7,-4.92,2258,2009,-0.586,2.1.1,2026-09-30
kesslal01,Alec Kessler,1991,1992,2,-4.92,2259,1991,-1.425,2.1.1,2026-09-30
sefolth01,Thabo Sefolosha,2007,2017,9,-4.93,2260,2013,0.054,2.1.1,2026-09-30
bonaad01,Adem Bona,2025,2026,2,-4.93,2261,2025,-1.981,2.1.1,2026-09-30
hamoojo01,Joe Hamood,1968,1968,1,-4.93,2262,1968,-4.931,2.1.1,2026-09-30
whitero02,Rodney White,2003,2005,3,-4.97,2263,2003,-0.896,2.1.1,2026-09-30
vergabo01,Bob Verga,1969,1972,4,-4.97,2264,1970,1.441,2.1.1,2026-09-30
turneje01,Jeff Turner,1985,1994,7,-4.97,2265,1991,-0.848,2.1.1,2026-09-30
ewingda01,Daniel Ewing,2006,2007,2,-4.97,2266,2007,-1.963,2.1.1,2026-09-30
bobbne01,Nelson Bobb,1952,1953,2,-4.98,2267,1953,-1.696,2.1.1,2026-09-30
fulleto02,Todd Fuller,1997,1999,2,-4.99,2268,1997,-1.966,2.1.1,2026-09-30
kalafed01,Ed Kalafat,1955,1957,3,-4.99,2269,1957,-0.829,2.1.1,2026-09-30
drobnpr01,Predrag Drobnjak,2002,2005,4,-5.0,2270,2003,-0.113,2.1.1,2026-09-30
anderal01,Alan Anderson,2013,2015,3,-5.0,2271,2013,-0.551,2.1.1,2026-09-30
hamda01,Darvin Ham,1998,2003,3,-5.01,2272,2002,-1.803,2.1.1,2026-09-30
romarlo01,Lorenzo Romar,1982,1984,3,-5.01,2273,1983,-1.199,2.1.1,2026-09-30
watsocj01,C.J. Watson,2009,2017,7,-5.01,2274,2012,0.111,2.1.1,2026-09-30
gaborbi01,Bill Gabor,1952,1954,3,-5.01,2275,1954,-0.528,2.1.1,2026-09-30
arroyca01,Carlos Arroyo,2004,2011,7,-5.02,2276,2004,0.908,2.1.1,2026-09-30
feliccr01,Cristiano Felício,2017,2019,2,-5.05,2277,2019,-2.664,2.1.1,2026-09-30
daviste01,Terry Davis,1990,1999,5,-5.05,2278,1992,-0.606,2.1.1,2026-09-30
sichtje01,Jerry Sichting,1983,1987,5,-5.06,2279,1984,0.104,2.1.1,2026-09-30
senesge01,George Senesky,1952,1954,3,-5.06,2280,1952,-1.093,2.1.1,2026-09-30
bristal01,Allan Bristow,1975,1982,7,-5.06,2281,1980,-0.017,2.1.1,2026-09-30
davised01,Ed Davis,2011,2019,8,-5.07,2282,2012,-0.446,2.1.1,2026-09-30
wrighdo01,Dorell Wright,2007,2014,6,-5.07,2283,2011,1.036,2.1.1,2026-09-30
dinwibi01,Bill Dinwiddie,1968,1971,3,-5.07,2284,1971,-1.846,2.1.1,2026-09-30
battlja01,Jamison Battle,2025,2026,2,-5.08,2285,2025,-1.394,2.1.1,2026-09-30
nashbo01,Bob Nash,1978,1979,2,-5.09,2286,1978,-2.043,2.1.1,2026-09-30
alexani01,Nickeil Alexander-Walker,2022,2026,5,-5.09,2287,2026,1.941,2.1.1,2026-09-30
anderch01,Chris Andersen,2003,2015,7,-5.09,2288,2005,-0.88,2.1.1,2026-09-30
dickgr01,Gradey Dick,2024,2026,2,-5.1,2289,2024,-1.851,2.1.1,2026-09-30
connapa01,Pat Connaughton,2018,2024,7,-5.1,2290,2019,-0.072,2.1.1,2026-09-30
quinnch01,Chris Quinn,2008,2009,2,-5.12,2291,2008,-1.694,2.1.1,2026-09-30
mcdonbe01,Ben McDonald,1987,1988,2,-5.12,2292,1988,-2.17,2.1.1,2026-09-30
whitnha01,Hank Whitney,1970,1970,1,-5.13,2293,1970,-4.967,2.1.1,2026-09-30
colembe01,Ben Coleman,1987,1989,3,-5.14,2294,1988,-0.851,2.1.1,2026-09-30
jacksma02,Marc Jackson,2003,2006,3,-5.14,2295,2005,-1.135,2.1.1,2026-09-30
dunnkr01,Kris Dunn,2017,2026,5,-5.14,2296,2026,-0.716,2.1.1,2026-09-30
kennejo01,Joe Kennedy,1969,1971,2,-5.16,2297,1969,-1.993,2.1.1,2026-09-30
oldhaja01,Jawann Oldham,1984,1985,2,-5.16,2298,1984,-2.129,2.1.1,2026-09-30
hernaju01,Juancho Hernangómez,2017,2021,3,-5.17,2299,2021,-1.391,2.1.1,2026-09-30
demicla01,Larry Demic,1980,1981,2,-5.18,2300,1980,-1.493,2.1.1,2026-09-30
newmada01,Dave Newmark,1969,1970,2,-5.18,2301,1969,-1.884,2.1.1,2026-09-30
lackebo01,Bob Lackey,1973,1973,1,-5.18,2302,1973,-4.943,2.1.1,2026-09-30
drewbr01,Bryce Drew,2000,2002,2,-5.2,2303,2000,-1.671,2.1.1,2026-09-30
stronde01,Derek Strong,1994,1999,6,-5.21,2304,1998,1.477,2.1.1,2026-09-30
wrighde01,Delon Wright,2018,2022,5,-5.21,2305,2019,0.267,2.1.1,2026-09-30
abdelal01,Alaa Abdelnaby,1992,1993,2,-5.21,2306,1993,-1.77,2.1.1,2026-09-30
holzmre01,Red Holzman,1952,1954,2,-5.24,2307,1954,-2.61,2.1.1,2026-09-30
pettwje01,Jerry Pettway,1968,1968,1,-5.24,2308,1968,-5.239,2.1.1,2026-09-30
bryanem01,Em Bryant,1965,1971,7,-5.24,2309,1971,-0.804,2.1.1,2026-09-30
robinth01,Thomas Robinson,2013,2016,3,-5.24,2310,2013,-1.441,2.1.1,2026-09-30
colliza01,Zach Collins,2018,2025,5,-5.26,2311,2024,0.233,2.1.1,2026-09-30
gudmupe01,Pétur Guðmundsson,1982,1988,2,-5.27,2312,1982,-2.308,2.1.1,2026-09-30
reidjr01,J.R. Reid,1990,1999,8,-5.29,2313,1991,-0.346,2.1.1,2026-09-30
wrighbr03,Brandan Wright,2012,2015,4,-5.3,2314,2013,-0.249,2.1.1,2026-09-30
teletmi01,Mirza Teletović,2014,2017,3,-5.3,2315,2016,-0.29,2.1.1,2026-09-30
hayesja01,Jarvis Hayes,2004,2009,4,-5.3,2316,2009,-0.045,2.1.1,2026-09-30
davisgl01,Glen Davis,2008,2015,6,-5.3,2317,2011,0.186,2.1.1,2026-09-30
bryanjo01,Joe Bryant,1976,1983,8,-5.33,2318,1981,-0.243,2.1.1,2026-09-30
biyombi01,Bismack Biyombo,2012,2023,10,-5.33,2319,2020,-1.223,2.1.1,2026-09-30
pondecl01,Cliff Pondexter,1976,1977,2,-5.34,2320,1976,-1.405,2.1.1,2026-09-30
flynnmi01,Mike Flynn,1976,1978,3,-5.35,2321,1977,-1.101,2.1.1,2026-09-30
higgske01,Kenny Higgs,1979,1982,3,-5.35,2322,1981,-1.09,2.1.1,2026-09-30
russepi01,Pierre Russell,1973,1973,1,-5.36,2323,1973,-5.108,2.1.1,2026-09-30
jacksju01,Justin Jackson,2018,2020,3,-5.36,2324,2019,-1.17,2.1.1,2026-09-30
lehmage01,George Lehmann,1970,1971,2,-5.37,2325,1971,-2.136,2.1.1,2026-09-30
pellosa01,Sam Pellom,1981,1982,2,-5.38,2326,1981,-1.984,2.1.1,2026-09-30
thomala01,Lance Thomas,2013,2018,4,-5.38,2327,2016,-0.842,2.1.1,2026-09-30
kimbato01,Toby Kimball,1968,1974,7,-5.39,2328,1968,-0.714,2.1.1,2026-09-30
maxieja01,Jason Maxiell,2007,2015,7,-5.39,2329,2008,-0.111,2.1.1,2026-09-30
wuycide01,Dennis Wuycik,1973,1973,1,-5.4,2330,1973,-5.182,2.1.1,2026-09-30
arthuda01,Darrell Arthur,2009,2016,6,-5.4,2331,2016,-0.978,2.1.1,2026-09-30
macklru01,Rudy Macklin,1982,1983,2,-5.4,2332,1982,-2.292,2.1.1,2026-09-30
buddda01,Dave Budd,1961,1965,5,-5.4,2333,1965,-0.934,2.1.1,2026-09-30
gordola01,Lancaster Gordon,1985,1987,3,-5.4,2334,1987,-2.02,2.1.1,2026-09-30
scolafr01,Fred Scolari,1952,1955,4,-5.41,2335,1953,0.416,2.1.1,2026-09-30
brownto01,Tony Brown,1985,1990,3,-5.42,2336,1987,-0.24,2.1.1,2026-09-30
jasiksa01,Šarūnas Jasikevičius,2006,2007,2,-5.42,2337,2006,-1.727,2.1.1,2026-09-30
smithga01,Garfield Smith,1973,1973,1,-5.42,2338,1973,-5.269,2.1.1,2026-09-30
hausesa01,Sam Hauser,2023,2026,4,-5.43,2339,2024,-0.138,2.1.1,2026-09-30
stausni01,Nik Stauskas,2015,2019,4,-5.43,2340,2017,-1.456,2.1.1,2026-09-30
thabeha01,Hasheem Thabeet,2010,2013,2,-5.44,2341,2010,-2.251,2.1.1,2026-09-30
weslewa01,Walt Wesley,1967,1972,6,-5.44,2342,1972,-0.143,2.1.1,2026-09-30
clemeba01,Barry Clemens,1966,1975,10,-5.45,2343,1972,-1.267,2.1.1,2026-09-30
mcharma01,Maurice McHartley,1968,1969,2,-5.45,2344,1968,-1.655,2.1.1,2026-09-30
hattove01,Vern Hatton,1959,1960,2,-5.46,2345,1959,-1.984,2.1.1,2026-09-30
serapke01,Kevin Séraphin,2011,2015,4,-5.47,2346,2013,-0.471,2.1.1,2026-09-30
robined01,Eddie Robinson,2000,2003,3,-5.48,2347,2001,-1.215,2.1.1,2026-09-30
aldrico01,Cole Aldrich,2015,2017,3,-5.49,2348,2015,-1.626,2.1.1,2026-09-30
wilsobo02,Bobby Wilson,1968,1968,1,-5.49,2349,1968,-5.091,2.1.1,2026-09-30
kemptti01,Tim Kempton,1987,1990,3,-5.49,2350,1989,-1.3,2.1.1,2026-09-30
tolbera01,Ray Tolbert,1982,1983,2,-5.5,2351,1983,-1.692,2.1.1,2026-09-30
eberhal01,Al Eberhard,1976,1977,2,-5.51,2352,1976,-1.788,2.1.1,2026-09-30
brownra02,Randy Brown,1993,2000,8,-5.51,2353,1999,-0.91,2.1.1,2026-09-30
benneto01,Tony Bennett,1993,1994,2,-5.52,2354,1994,-2.302,2.1.1,2026-09-30
spoelar01,Art Spoelstra,1955,1958,4,-5.52,2355,1956,-0.814,2.1.1,2026-09-30
dedmode01,Dewayne Dedmon,2015,2022,6,-5.52,2356,2018,-0.256,2.1.1,2026-09-30
cookda01,Darwin Cook,1981,1989,8,-5.52,2357,1983,0.96,2.1.1,2026-09-30
edgech01,Charles Edge,1974,1975,2,-5.54,2358,1974,-1.724,2.1.1,2026-09-30
smithmi02,Michael Smith,1995,2001,5,-5.56,2359,1997,-0.177,2.1.1,2026-09-30
thoresk01,Skip Thoren,1968,1969,2,-5.59,2360,1969,-0.999,2.1.1,2026-09-30
cookbr01,Brian Cook,2005,2007,3,-5.59,2361,2005,-1.329,2.1.1,2026-09-30
bayneho01,Howard Bayne,1968,1968,1,-5.6,2362,1968,-5.595,2.1.1,2026-09-30
gallola01,Langston Galloway,2016,2020,5,-5.6,2363,2016,-0.753,2.1.1,2026-09-30
devlico01,Corky Devlin,1956,1958,3,-5.6,2364,1956,-1.482,2.1.1,2026-09-30
wafervo01,Von Wafer,2009,2011,2,-5.6,2365,2009,-1.182,2.1.1,2026-09-30
cummipa01,Pat Cummings,1980,1988,7,-5.61,2366,1983,0.806,2.1.1,2026-09-30
martica02,Caleb Martin,2021,2026,5,-5.62,2367,2023,-0.06,2.1.1,2026-09-30
fostero01,Rod Foster,1984,1985,2,-5.63,2368,1985,-2.298,2.1.1,2026-09-30
clawsjo01,John Clawson,1969,1969,1,-5.64,2369,1969,-5.799,2.1.1,2026-09-30
langan01,Andrew Lang,1989,1996,8,-5.64,2370,1996,0.233,2.1.1,2026-09-30
dixonju01,Juan Dixon,2004,2007,4,-5.64,2371,2006,-0.896,2.1.1,2026-09-30
grantga01,Gary Grant,1989,1994,5,-5.65,2372,1991,-0.17,2.1.1,2026-09-30
johnser02,Ervin Johnson,1995,2004,10,-5.65,2373,1998,-0.344,2.1.1,2026-09-30
mcmilto01,Tom McMillen,1977,1985,8,-5.65,2374,1977,-0.217,2.1.1,2026-09-30
croftbo01,Bobby Croft,1971,1971,1,-5.66,2375,1971,-5.662,2.1.1,2026-09-30
shumpim01,Iman Shumpert,2012,2019,5,-5.67,2376,2015,0.22,2.1.1,2026-09-30
jonesso01,Solomon Jones,2007,2009,2,-5.67,2377,2007,-2.224,2.1.1,2026-09-30
daniell01,Lloyd Daniels,1993,1994,2,-5.69,2378,1993,-2.003,2.1.1,2026-09-30
willike04,Kenrich Williams,2021,2025,3,-5.7,2379,2021,-1.385,2.1.1,2026-09-30
jonesan01,Anthony Jones,1987,1990,2,-5.7,2380,1987,-1.979,2.1.1,2026-09-30
johnsed01,Ed Johnson,1969,1970,2,-5.7,2381,1970,-2.239,2.1.1,2026-09-30
konchjo01,John Konchar,2022,2023,2,-5.72,2382,2022,-2.296,2.1.1,2026-09-30
payneca01,Cameron Payne,2021,2025,4,-5.72,2383,2021,0.417,2.1.1,2026-09-30
willich02,Chuck Williams,1971,1978,8,-5.73,2384,1976,-0.352,2.1.1,2026-09-30
jacksto01,Tony Jackson,1968,1969,2,-5.75,2385,1968,-1.951,2.1.1,2026-09-30
grahast01,Stephen Graham,2010,2011,2,-5.75,2386,2011,-2.314,2.1.1,2026-09-30
dudlech02,Chris Dudley,1989,1999,9,-5.75,2387,1991,-0.482,2.1.1,2026-09-30
thomaty01,Tyrus Thomas,2007,2012,4,-5.75,2388,2009,-0.346,2.1.1,2026-09-30
stallda01,Dave Stallworth,1966,1973,6,-5.76,2389,1967,-0.347,2.1.1,2026-09-30
bonnean01,Anthony Bonner,1992,1995,4,-5.77,2390,1993,-0.537,2.1.1,2026-09-30
roberjo01,Joe Roberts,1961,1962,2,-5.77,2391,1962,-2.014,2.1.1,2026-09-30
feitlda01,Dave Feitl,1987,1988,2,-5.78,2392,1988,-2.068,2.1.1,2026-09-30
daniema01,Marquis Daniels,2005,2013,4,-5.79,2393,2006,-0.269,2.1.1,2026-09-30
mitchda01,Davion Mitchell,2022,2026,5,-5.79,2394,2026,0.57,2.1.1,2026-09-30
kispeco01,Corey Kispert,2022,2026,5,-5.81,2395,2023,-0.43,2.1.1,2026-09-30
wadede01,Dean Wade,2021,2026,3,-5.81,2396,2025,-1.632,2.1.1,2026-09-30
hopsode01,Dennis Hopson,1988,1992,5,-5.82,2397,1990,0.302,2.1.1,2026-09-30
sutorge01,George Sutor,1969,1969,1,-5.83,2398,1969,-5.833,2.1.1,2026-09-30
mclemmc01,McCoy McLemore,1965,1971,7,-5.84,2399,1969,-0.826,2.1.1,2026-09-30
kaponja01,Jason Kapono,2005,2009,4,-5.84,2400,2007,-1.174,2.1.1,2026-09-30
tayloro01,Ron Taylor,1970,1970,1,-5.86,2401,1970,-5.859,2.1.1,2026-09-30
willike01,Kevin Williams,1987,1988,2,-5.86,2402,1987,-2.637,2.1.1,2026-09-30
obertfa01,Fabricio Oberto,2006,2008,3,-5.86,2403,2007,-0.656,2.1.1,2026-09-30
sparkda01,Dan Sparks,1969,1969,1,-5.86,2404,1969,-5.773,2.1.1,2026-09-30
minorgr01,Greg Minor,1995,1999,4,-5.87,2405,1996,-0.533,2.1.1,2026-09-30
twardda01,Dave Twardzik,1973,1980,6,-5.88,2406,1977,1.097,2.1.1,2026-09-30
ntilila01,Frank Ntilikina,2018,2022,3,-5.89,2407,2018,-1.342,2.1.1,2026-09-30
barrmi01,Mike Barr,1973,1977,2,-5.89,2408,1977,-2.033,2.1.1,2026-09-30
norriau01,Audie Norris,1984,1985,2,-5.9,2409,1985,-2.528,2.1.1,2026-09-30
jonesde02,Derrick Jones Jr.,2019,2025,6,-5.9,2410,2025,-0.454,2.1.1,2026-09-30
edmonbo01,Bobby Edmonds,1968,1968,1,-5.9,2411,1968,-5.598,2.1.1,2026-09-30
winfile01,Lee Winfield,1970,1975,4,-5.9,2412,1972,-0.493,2.1.1,2026-09-30
evansre01,Reggie Evans,2003,2013,9,-5.9,2413,2007,-0.831,2.1.1,2026-09-30
walkeja01,Jabari Walker,2024,2026,3,-5.92,2414,2024,-1.02,2.1.1,2026-09-30
korkmfu01,Furkan Korkmaz,2020,2022,3,-5.93,2415,2021,-1.068,2.1.1,2026-09-30
workmha01,Haywoode Workman,1991,1996,4,-5.93,2416,1994,0.605,2.1.1,2026-09-30
reedpa01,Paul Reed,2023,2026,3,-5.93,2417,2026,-1.132,2.1.1,2026-09-30
huntest01,Steven Hunter,2004,2007,4,-5.94,2418,2006,-1.149,2.1.1,2026-09-30
waltolu01,Luke Walton,2004,2009,6,-5.94,2419,2007,0.008,2.1.1,2026-09-30
mccoyje01,Jelani McCoy,2000,2003,3,-5.94,2420,2003,-1.389,2.1.1,2026-09-30
hemridi01,Dick Hemric,1956,1957,2,-5.94,2421,1956,-2.402,2.1.1,2026-09-30
kelsegr01,Greg Kelser,1982,1984,3,-5.94,2422,1984,-0.57,2.1.1,2026-09-30
whiteje01,Jerome Whitehead,1982,1988,6,-5.95,2423,1982,-0.332,2.1.1,2026-09-30
mencech01,Chuck Mencel,1956,1957,2,-5.96,2424,1957,-2.034,2.1.1,2026-09-30
rochejo01,John Roche,1972,1980,4,-5.98,2425,1974,-0.929,2.1.1,2026-09-30
vanbrja01,Jan van Breda Kolff,1975,1981,7,-5.98,2426,1977,-0.12,2.1.1,2026-09-30
johnsst01,Stew Johnson,1968,1975,8,-5.98,2427,1973,-0.153,2.1.1,2026-09-30
croshau01,Austin Croshere,2000,2007,6,-5.99,2428,2000,0.915,2.1.1,2026-09-30
stricer01,Erick Strickland,1998,2005,5,-5.99,2429,2000,0.001,2.1.1,2026-09-30
johnswe01,Wesley Johnson,2011,2018,7,-6.0,2430,2015,-1.104,2.1.1,2026-09-30
rooksse01,Sean Rooks,1993,2003,9,-6.01,2431,1993,-1.185,2.1.1,2026-09-30
trentga01,Gary Trent,1996,2004,6,-6.01,2432,1999,1.916,2.1.1,2026-09-30
joneswi01,Willie Jones,1962,1964,3,-6.03,2433,1964,-1.393,2.1.1,2026-09-30
douglle01,Leon Douglas,1977,1982,6,-6.03,2434,1978,-0.045,2.1.1,2026-09-30
barneji01,Jim Barnes,1965,1970,6,-6.06,2435,1965,0.651,2.1.1,2026-09-30
fulleca01,Carl Fuller,1971,1971,1,-6.09,2436,1971,-5.812,2.1.1,2026-09-30
stavela01,Larry Staverman,1959,1964,3,-6.09,2437,1961,-1.835,2.1.1,2026-09-30
novakst01,Steve Novak,2009,2013,3,-6.1,2438,2012,-1.673,2.1.1,2026-09-30
roddyda01,David Roddy,2023,2024,2,-6.12,2439,2023,-2.321,2.1.1,2026-09-30
sandemi01,Mike Sanders,1986,1991,6,-6.12,2440,1989,-0.271,2.1.1,2026-09-30
mathega01,Garrison Mathews,2021,2024,3,-6.15,2441,2022,-1.236,2.1.1,2026-09-30
houseed01,Eddie House,2002,2010,7,-6.15,2442,2009,-0.869,2.1.1,2026-09-30
reynoje01,Jerry Reynolds,1987,1991,4,-6.15,2443,1991,0.049,2.1.1,2026-09-30
jacobca01,Casey Jacobsen,2003,2005,3,-6.16,2444,2005,-1.585,2.1.1,2026-09-30
myerspe01,Pete Myers,1994,1996,3,-6.18,2445,1994,-1.042,2.1.1,2026-09-30
rackllu01,Luther Rackley,1970,1972,3,-6.19,2446,1971,-1.5,2.1.1,2026-09-30
brownst02,Sterling Brown,2019,2021,3,-6.19,2447,2021,-1.449,2.1.1,2026-09-30
theisda01,Daniel Theis,2018,2024,5,-6.21,2448,2020,0.616,2.1.1,2026-09-30
elmorle01,Len Elmore,1975,1984,9,-6.21,2449,1976,0.159,2.1.1,2026-09-30
cummivo01,Vonteego Cummings,2000,2002,3,-6.22,2450,2000,-1.331,2.1.1,2026-09-30
jacksja01,Jaren Jackson,1997,2000,4,-6.22,2451,1998,0.204,2.1.1,2026-09-30
foylead01,Adonal Foyle,1999,2008,8,-6.24,2452,2003,-1.06,2.1.1,2026-09-30
lohaubr01,Brad Lohaus,1988,1995,8,-6.24,2453,1993,-0.997,2.1.1,2026-09-30
garnebi02,Bill Garnett,1983,1986,4,-6.24,2454,1983,-0.865,2.1.1,2026-09-30
liggide01,DeAndre Liggins,2017,2018,2,-6.25,2455,2017,-2.1,2.1.1,2026-09-30
leeda03,Damion Lee,2020,2023,4,-6.26,2456,2020,-0.826,2.1.1,2026-09-30
richacl01,Clint Richardson,1981,1987,7,-6.26,2457,1986,0.072,2.1.1,2026-09-30
davismi02,Mickey Davis,1973,1975,3,-6.27,2458,1975,-1.476,2.1.1,2026-09-30
wingoha01,Harthorne Wingo,1974,1975,2,-6.28,2459,1975,-1.939,2.1.1,2026-09-30
greenjo02,Josh Green,2022,2026,4,-6.31,2460,2023,-0.845,2.1.1,2026-09-30
chrisca01,Cal Christensen,1953,1955,3,-6.31,2461,1954,-0.858,2.1.1,2026-09-30
johnsst04,Stanley Johnson,2016,2021,5,-6.31,2462,2018,-0.581,2.1.1,2026-09-30
buntibi02,Bill Bunting,1971,1971,1,-6.32,2463,1971,-6.122,2.1.1,2026-09-30
voskuja01,Jake Voskuhl,2002,2007,4,-6.32,2464,2002,-1.385,2.1.1,2026-09-30
thomaet01,Etan Thomas,2004,2007,3,-6.33,2465,2004,-0.444,2.1.1,2026-09-30
tucketr01,Trent Tucker,1983,1993,10,-6.33,2466,1987,-0.845,2.1.1,2026-09-30
koufoko01,Kosta Koufos,2012,2018,7,-6.34,2467,2013,-0.837,2.1.1,2026-09-30
harklma01,Maurice Harkless,2013,2020,7,-6.35,2468,2019,-0.874,2.1.1,2026-09-30
livinra01,Randy Livingston,1997,2000,2,-6.36,2469,2000,-2.796,2.1.1,2026-09-30
lovest01,Stan Love,1972,1973,2,-6.36,2470,1972,-2.794,2.1.1,2026-09-30
banksma01,Marcus Banks,2004,2006,3,-6.36,2471,2006,-0.008,2.1.1,2026-09-30
skinnta01,Tal Skinner,1975,1976,2,-6.37,2472,1975,-2.597,2.1.1,2026-09-30
greenwi01,Willie Green,2007,2013,7,-6.38,2473,2007,-0.164,2.1.1,2026-09-30
acyqu01,Quincy Acy,2014,2018,4,-6.38,2474,2018,-1.574,2.1.1,2026-09-30
johnsan01,Andy Johnson,1959,1962,4,-6.39,2475,1962,-0.853,2.1.1,2026-09-30
kramejo01,Joel Kramer,1979,1981,2,-6.39,2476,1979,-2.517,2.1.1,2026-09-30
dillcr01,Craig Dill,1968,1968,1,-6.4,2477,1968,-5.962,2.1.1,2026-09-30
toppiob01,Obi Toppin,2021,2025,5,-6.41,2478,2025,-0.101,2.1.1,2026-09-30
isaacjo01,Jonathan Isaac,2019,2025,3,-6.42,2479,2019,-1.107,2.1.1,2026-09-30
crissch01,Charlie Criss,1978,1983,4,-6.42,2480,1981,-0.917,2.1.1,2026-09-30
jonesfr01,Fred Jones,2004,2008,5,-6.43,2481,2006,-0.267,2.1.1,2026-09-30
alexaco01,Cory Alexander,1996,1999,4,-6.43,2482,1998,-0.644,2.1.1,2026-09-30
piontda01,Dave Piontek,1957,1960,4,-6.43,2483,1957,-0.605,2.1.1,2026-09-30
govange01,Gerald Govan,1968,1975,8,-6.44,2484,1970,-0.264,2.1.1,2026-09-30
fowleca01,Calvin Fowler,1970,1970,1,-6.44,2485,1970,-6.321,2.1.1,2026-09-30
mooremi01,Mikki Moore,2001,2009,5,-6.45,2486,2007,-0.064,2.1.1,2026-09-30
greenlu01,Luther Green,1970,1970,1,-6.47,2487,1970,-6.319,2.1.1,2026-09-30
singlja01,James Singleton,2006,2009,2,-6.48,2488,2009,-2.72,2.1.1,2026-09-30
perduwi01,Will Perdue,1990,2000,10,-6.48,2489,1997,-0.513,2.1.1,2026-09-30
bellch01,Charlie Bell,2006,2010,5,-6.5,2490,2007,-0.108,2.1.1,2026-09-30
mcfarpa01,Pat McFarland,1974,1975,2,-6.51,2491,1974,-3.043,2.1.1,2026-09-30
haleha01,Hal Hale,1968,1968,1,-6.52,2492,1968,-6.521,2.1.1,2026-09-30
harknje01,Jerry Harkness,1968,1968,1,-6.54,2493,1968,-6.222,2.1.1,2026-09-30
palacmi01,Milt Palacio,2001,2006,6,-6.54,2494,2006,-1.421,2.1.1,2026-09-30
wohlda01,Dave Wohl,1972,1975,4,-6.54,2495,1973,-1.165,2.1.1,2026-09-30
awtrede01,Dennis Awtrey,1971,1979,9,-6.55,2496,1975,0.309,2.1.1,2026-09-30
okorois01,Isaac Okoro,2021,2026,5,-6.55,2497,2022,-0.569,2.1.1,2026-09-30
wilkida02,Damien Wilkins,2006,2013,6,-6.55,2498,2007,-1.151,2.1.1,2026-09-30
kerrst01,Steve Kerr,1990,2003,8,-6.57,2499,1996,0.271,2.1.1,2026-09-30
brannbo01,Bob Brannum,1952,1955,4,-6.57,2500,1952,-1.224,2.1.1,2026-09-30
bendejo01,Jonathan Bender,2001,2002,2,-6.57,2501,2002,-2.144,2.1.1,2026-09-30
murredo01,Dorie Murrey,1968,1971,3,-6.57,2502,1968,-1.342,2.1.1,2026-09-30
garripa01,Pat Garrity,1999,2005,6,-6.58,2503,2000,-0.422,2.1.1,2026-09-30
mckenst01,Stan McKenzie,1969,1972,4,-6.59,2504,1972,-0.444,2.1.1,2026-09-30
thornsi01,Sindarius Thornwell,2018,2019,2,-6.6,2505,2018,-2.118,2.1.1,2026-09-30
meinemo01,Monk Meineke,1953,1958,5,-6.6,2506,1953,1.44,2.1.1,2026-09-30
singlky01,Kyle Singler,2013,2016,4,-6.61,2507,2014,-0.763,2.1.1,2026-09-30
murraro01,Ronald Murray,2004,2010,5,-6.61,2508,2009,-0.027,2.1.1,2026-09-30
cartere01,Reggie Carter,1981,1982,2,-6.64,2509,1982,-2.246,2.1.1,2026-09-30
wrighla01,Larry Wright,1977,1980,4,-6.66,2510,1978,-0.571,2.1.1,2026-09-30
kenvibi01,Billy Kenville,1954,1957,4,-6.66,2511,1954,-0.473,2.1.1,2026-09-30
perryel01,Elliot Perry,1995,2000,6,-6.66,2512,1995,-1.115,2.1.1,2026-09-30
shamela01,Landry Shamet,2019,2022,4,-6.68,2513,2020,-0.676,2.1.1,2026-09-30
welscji01,Jiří Welsch,2004,2006,3,-6.69,2514,2005,-1.336,2.1.1,2026-09-30
calhoco01,Corky Calhoun,1973,1979,7,-6.69,2515,1976,-1.411,2.1.1,2026-09-30
barryjo01,Jon Barry,1994,2005,9,-6.69,2516,2002,-0.48,2.1.1,2026-09-30
chapple01,Len Chappell,1963,1972,7,-6.7,2517,1964,0.631,2.1.1,2026-09-30
dellama01,Matthew Dellavedova,2014,2020,5,-6.7,2518,2016,-0.224,2.1.1,2026-09-30
abrinal01,Álex Abrines,2017,2018,2,-6.7,2519,2017,-3.039,2.1.1,2026-09-30
asikom01,Ömer Aşık,2011,2016,5,-6.71,2520,2013,1.639,2.1.1,2026-09-30
pittmch01,Charles Pittman,1984,1986,3,-6.71,2521,1986,-1.614,2.1.1,2026-09-30
hayesst01,Steve Hayes,1983,1986,2,-6.72,2522,1983,-2.315,2.1.1,2026-09-30
givenja01,Jack Givens,1979,1980,2,-6.74,2523,1979,-2.783,2.1.1,2026-09-30
dudlech01,Charles Dudley,1975,1978,4,-6.75,2524,1977,-1.017,2.1.1,2026-09-30
overtdo01,Doug Overton,1994,2004,4,-6.76,2525,1995,-1.997,2.1.1,2026-09-30
deedo01,Don Dee,1969,1969,1,-6.76,2526,1969,-6.334,2.1.1,2026-09-30
hillar01,Armond Hill,1977,1981,5,-6.76,2527,1979,-0.008,2.1.1,2026-09-30
peterji01,Jim Petersen,1985,1991,6,-6.76,2528,1987,-0.032,2.1.1,2026-09-30
cookda02,Daequan Cook,2008,2012,3,-6.77,2529,2008,-1.478,2.1.1,2026-09-30
leoname01,Meyers Leonard,2013,2019,4,-6.79,2530,2016,-0.053,2.1.1,2026-09-30
bonnema01,Matt Bonner,2005,2015,10,-6.79,2531,2005,-0.88,2.1.1,2026-09-30
nelsoro01,Ron Nelson,1971,1971,1,-6.79,2532,1971,-6.792,2.1.1,2026-09-30
hoibefr01,Fred Hoiberg,1998,2005,6,-6.81,2533,2004,-0.722,2.1.1,2026-09-30
turpime01,Melvin Turpin,1985,1990,5,-6.81,2534,1986,0.661,2.1.1,2026-09-30
forddo01,Don Ford,1976,1981,6,-6.81,2535,1976,-0.397,2.1.1,2026-09-30
whatlen01,Ennis Whatley,1984,1994,4,-6.83,2536,1984,-0.476,2.1.1,2026-09-30
mountri01,Rick Mount,1971,1973,3,-6.83,2537,1973,0.643,2.1.1,2026-09-30
anderda01,Dan Anderson,1968,1969,2,-6.83,2538,1968,-2.459,2.1.1,2026-09-30
mcclate01,Ted McClain,1972,1978,7,-6.85,2539,1975,0.767,2.1.1,2026-09-30
scurrca01,Carey Scurry,1986,1987,2,-6.86,2540,1987,-3.32,2.1.1,2026-09-30
lattida01,Dave Lattin,1969,1972,3,-6.88,2541,1969,-2.01,2.1.1,2026-09-30
maynoer01,Eric Maynor,2010,2013,3,-6.9,2542,2013,-1.772,2.1.1,2026-09-30
princta02,Taurean Prince,2017,2025,6,-6.9,2543,2020,0.483,2.1.1,2026-09-30
martida01,Darrick Martin,1996,2000,5,-6.91,2544,1998,-0.892,2.1.1,2026-09-30
wilsoja01,Jasper Wilson,1969,1969,1,-6.91,2545,1969,-6.72,2.1.1,2026-09-30
wrighan01,Antoine Wright,2007,2010,3,-6.91,2546,2010,-1.699,2.1.1,2026-09-30
udokaim01,Ime Udoka,2007,2010,4,-6.92,2547,2007,-0.82,2.1.1,2026-09-30
benoida01,David Benoit,1992,1998,5,-6.93,2548,1995,0.252,2.1.1,2026-09-30
matthwe01,Wes Matthews,1981,1986,4,-6.94,2549,1981,-0.039,2.1.1,2026-09-30
fraziti01,Tim Frazier,2017,2019,3,-6.95,2550,2017,-0.535,2.1.1,2026-09-30
doveso01,Sonny Dove,1970,1971,2,-6.95,2551,1970,-2.771,2.1.1,2026-09-30
bratzmi01,Mike Bratz,1978,1984,6,-6.96,2552,1981,-0.99,2.1.1,2026-09-30
tartle01,Levern Tart,1968,1971,4,-6.97,2553,1970,0.408,2.1.1,2026-09-30
mcbrimi01,Miles McBride,2023,2025,3,-6.99,2554,2024,-1.22,2.1.1,2026-09-30
armsthi01,Hilton Armstrong,2008,2009,2,-7.0,2555,2009,-3.035,2.1.1,2026-09-30
rushka01,Kareem Rush,2003,2008,3,-7.02,2556,2008,-0.962,2.1.1,2026-09-30
pattest01,Steve Patterson,1972,1976,5,-7.04,2557,1974,-0.666,2.1.1,2026-09-30
lewisbo01,Bobby Lewis,1969,1971,3,-7.04,2558,1970,-1.634,2.1.1,2026-09-30
hanzlbi01,Bill Hanzlik,1981,1990,9,-7.04,2559,1986,-0.63,2.1.1,2026-09-30
carnero01,Rodney Carney,2007,2010,4,-7.04,2560,2009,-1.332,2.1.1,2026-09-30
abernto01,Tom Abernethy,1977,1980,4,-7.07,2561,1979,-1.339,2.1.1,2026-09-30
hooseca01,Carroll Hooser,1968,1968,1,-7.09,2562,1968,-6.757,2.1.1,2026-09-30
rushbr01,Brandon Rush,2009,2016,5,-7.1,2563,2009,-0.559,2.1.1,2026-09-30
hooveto01,Tom Hoover,1964,1968,2,-7.12,2564,1964,-1.766,2.1.1,2026-09-30
deherte01,Terry Dehere,1994,1998,5,-7.12,2565,1996,-0.276,2.1.1,2026-09-30
perryro01,Ron Perry,1968,1969,2,-7.13,2566,1968,-2.518,2.1.1,2026-09-30
hurlebo01,Bobby Hurley,1995,1998,3,-7.13,2567,1998,-1.795,2.1.1,2026-09-30
forreba01,Bayard Forrest,1978,1979,2,-7.14,2568,1979,-3.166,2.1.1,2026-09-30
maybele01,Lee Mayberry,1993,1998,6,-7.14,2569,1995,-1.67,2.1.1,2026-09-30
holupjo01,Joe Holup,1957,1959,3,-7.16,2570,1959,-1.398,2.1.1,2026-09-30
naderab01,Abdel Nader,2019,2020,2,-7.16,2571,2020,-2.858,2.1.1,2026-09-30
georgde01,Devean George,2001,2007,6,-7.16,2572,2002,-0.232,2.1.1,2026-09-30
causwdu01,Duane Causwell,1991,1996,4,-7.18,2573,1992,-0.971,2.1.1,2026-09-30
ellisjo01,Joe Ellis,1969,1973,5,-7.19,2574,1970,0.845,2.1.1,2026-09-30
priceji01,Jim Price,1973,1979,6,-7.21,2575,1974,0.808,2.1.1,2026-09-30
lesji01,Jim Les,1989,1993,3,-7.25,2576,1992,-2.072,2.1.1,2026-09-30
dunlemi01,Mike Dunleavy,1979,1983,4,-7.27,2577,1983,-0.738,2.1.1,2026-09-30
lagarto01,Tom LaGarde,1978,1981,3,-7.27,2578,1981,-0.246,2.1.1,2026-09-30
clarkia01,Ian Clark,2016,2019,4,-7.28,2579,2017,-0.768,2.1.1,2026-09-30
hewitbi01,Bill Hewitt,1969,1973,5,-7.29,2580,1971,-0.86,2.1.1,2026-09-30
jeffrja01,Jared Jeffries,2004,2010,5,-7.29,2581,2004,-1.321,2.1.1,2026-09-30
brooksc01,Scott Brooks,1989,1996,8,-7.31,2582,1995,-1.383,2.1.1,2026-09-30
wennibi01,Bill Wennington,1987,1999,9,-7.32,2583,1997,-1.268,2.1.1,2026-09-30
vandeja01,Jarred Vanderbilt,2021,2026,4,-7.35,2584,2023,-0.836,2.1.1,2026-09-30
schnidi01,Dick Schnittker,1954,1957,4,-7.36,2585,1955,-0.253,2.1.1,2026-09-30
achiupr01,Precious Achiuwa,2021,2026,4,-7.37,2586,2022,-0.661,2.1.1,2026-09-30
walkewa01,Wally Walker,1977,1984,8,-7.37,2587,1982,-0.6,2.1.1,2026-09-30
pavloal01,Sasha Pavlović,2004,2010,5,-7.37,2588,2007,0.228,2.1.1,2026-09-30
grantgr01,Greg Grant,1990,1993,3,-7.37,2589,1992,-2.451,2.1.1,2026-09-30
nimphku01,Kurt Nimphius,1982,1988,7,-7.38,2590,1986,-0.652,2.1.1,2026-09-30
kitegr01,Greg Kite,1986,1993,7,-7.4,2591,1991,-0.956,2.1.1,2026-09-30
williro01,Ron Williams,1969,1974,6,-7.42,2592,1971,0.154,2.1.1,2026-09-30
bradlbi02,Bill Bradley,1968,1968,1,-7.43,2593,1968,-7.428,2.1.1,2026-09-30
whitero01,Rory White,1983,1987,4,-7.44,2594,1986,-1.214,2.1.1,2026-09-30
rossqu01,Quinton Ross,2005,2009,5,-7.45,2595,2005,-1.062,2.1.1,2026-09-30
minnidi01,Dirk Minniefield,1986,1988,3,-7.45,2596,1986,-1.559,2.1.1,2026-09-30
amundlo01,Lou Amundson,2009,2012,3,-7.47,2597,2009,-1.724,2.1.1,2026-09-30
mccarwa01,Walter McCarty,1998,2005,6,-7.47,2598,1998,-0.253,2.1.1,2026-09-30
basseti01,Tim Bassett,1974,1979,6,-7.47,2599,1977,-0.651,2.1.1,2026-09-30
johnscl01,Clemon Johnson,1979,1988,10,-7.47,2600,1982,0.063,2.1.1,2026-09-30
willibe01,Bernie Williams,1970,1973,3,-7.48,2601,1970,-1.829,2.1.1,2026-09-30
wingada01,David Wingate,1987,1998,8,-7.48,2602,1992,-0.844,2.1.1,2026-09-30
brownde02,Devin Brown,2004,2009,6,-7.49,2603,2007,0.084,2.1.1,2026-09-30
montrer01,Eric Montross,1995,1999,4,-7.5,2604,1996,-0.769,2.1.1,2026-09-30
kleizli01,Linas Kleiza,2006,2012,5,-7.5,2605,2012,0.031,2.1.1,2026-09-30
portmbo01,Bob Portman,1970,1972,3,-7.51,2606,1970,-1.669,2.1.1,2026-09-30
wilsoge01,George Wilson,1968,1970,3,-7.53,2607,1968,-1.69,2.1.1,2026-09-30
sealsbr01,Bruce Seals,1974,1978,4,-7.53,2608,1977,-0.165,2.1.1,2026-09-30
johnsre01,Reggie Johnson,1981,1984,4,-7.54,2609,1982,0.148,2.1.1,2026-09-30
allenma01,Malik Allen,2003,2008,3,-7.55,2610,2003,-0.468,2.1.1,2026-09-30
parkhba01,Barry Parkhill,1974,1975,2,-7.55,2611,1975,-2.508,2.1.1,2026-09-30
mcrobjo01,Josh McRoberts,2011,2014,4,-7.55,2612,2014,-0.38,2.1.1,2026-09-30
williar01,Art Williams,1968,1974,7,-7.57,2613,1970,-1.258,2.1.1,2026-09-30
diawaya01,Yakhouba Diawara,2007,2009,2,-7.57,2614,2007,-3.221,2.1.1,2026-09-30
judkije01,Jeff Judkins,1979,1981,3,-7.57,2615,1979,-1.688,2.1.1,2026-09-30
pargoja01,Jannero Pargo,2007,2012,4,-7.58,2616,2007,-0.14,2.1.1,2026-09-30
hannual01,Alex Hannum,1952,1957,6,-7.58,2617,1954,-0.655,2.1.1,2026-09-30
johnsde03,DerMarr Johnson,2001,2006,4,-7.58,2618,2002,-1.153,2.1.1,2026-09-30
farledi01,Dick Farley,1955,1959,3,-7.6,2619,1959,-2.149,2.1.1,2026-09-30
alarima01,Mark Alarie,1987,1990,4,-7.6,2620,1990,-0.325,2.1.1,2026-09-30
jonesni01,Nick Jones,1971,1972,2,-7.61,2621,1971,-3.187,2.1.1,2026-09-30
recasel01,Eldridge Recasner,1996,1999,4,-7.61,2622,1998,-1.042,2.1.1,2026-09-30
farmajo01,Jordan Farmar,2007,2011,5,-7.62,2623,2008,-0.385,2.1.1,2026-09-30
ferredu01,Duane Ferrell,1991,1997,5,-7.62,2624,1992,0.164,2.1.1,2026-09-30
houstca01,Caleb Houstan,2024,2025,2,-7.62,2625,2025,-3.552,2.1.1,2026-09-30
hammoto01,Tom Hammonds,1990,1999,7,-7.66,2626,1997,-1.393,2.1.1,2026-09-30
kornelu01,Luke Kornet,2023,2026,4,-7.66,2627,2026,-0.655,2.1.1,2026-09-30
mosspe01,Perry Moss,1986,1987,2,-7.66,2628,1987,-3.56,2.1.1,2026-09-30
johnsne02,Neil Johnson,1969,1973,3,-7.68,2629,1971,-1.665,2.1.1,2026-09-30
songada01,Darius Songaila,2004,2010,6,-7.68,2630,2006,-0.482,2.1.1,2026-09-30
boonejo01,Josh Boone,2007,2010,4,-7.72,2631,2008,-0.985,2.1.1,2026-09-30
hansebo01,Bob Hansen,1986,1992,5,-7.73,2632,1988,-0.306,2.1.1,2026-09-30
wilfowi01,Win Wilfong,1958,1961,4,-7.74,2633,1960,-1.108,2.1.1,2026-09-30
grahajo01,Joey Graham,2006,2010,4,-7.75,2634,2009,-0.961,2.1.1,2026-09-30
bowmana01,Nate Bowman,1969,1970,2,-7.76,2635,1970,-3.512,2.1.1,2026-09-30
kleinjo01,Joe Kleine,1986,1997,11,-7.77,2636,1988,-0.558,2.1.1,2026-09-30
aventan01,Anthony Avent,1993,1996,4,-7.78,2637,1993,-0.745,2.1.1,2026-09-30
jerebjo01,Jonas Jerebko,2010,2019,8,-7.78,2638,2010,-0.785,2.1.1,2026-09-30
fundela01,Lawrence Funderburke,1999,2001,3,-7.78,2639,1999,-1.706,2.1.1,2026-09-30
griffpa01,Paul Griffin,1977,1981,5,-7.79,2640,1977,-0.982,2.1.1,2026-09-30
mitchle01,Leland Mitchell,1968,1968,1,-7.83,2641,1968,-7.506,2.1.1,2026-09-30
krebsji01,Jim Krebs,1958,1964,7,-7.83,2642,1962,-0.829,2.1.1,2026-09-30
makerth01,Thon Maker,2018,2020,3,-7.84,2643,2020,-1.632,2.1.1,2026-09-30
sundvjo01,Jon Sundvold,1984,1990,6,-7.84,2644,1987,-0.788,2.1.1,2026-09-30
koncajo01,Jon Koncak,1986,1996,9,-7.85,2645,1986,-0.697,2.1.1,2026-09-30
mcdongl01,Glenn McDonald,1975,1976,2,-7.85,2646,1976,-3.174,2.1.1,2026-09-30
iwundwe01,Wes Iwundu,2018,2020,3,-7.86,2647,2018,-1.898,2.1.1,2026-09-30
barreer01,Ernie Barrett,1954,1956,2,-7.86,2648,1956,-2.876,2.1.1,2026-09-30
netora01,Raul Neto,2016,2022,4,-7.88,2649,2016,-1.04,2.1.1,2026-09-30
mahnkjo01,John Mahnken,1952,1953,2,-7.88,2650,1952,-3.721,2.1.1,2026-09-30
petrojo01,Johan Petro,2006,2012,5,-7.9,2651,2007,-1.746,2.1.1,2026-09-30
sellebr01,Brad Sellers,1987,1990,4,-7.91,2652,1988,-1.109,2.1.1,2026-09-30
mcguido01,Dominic McGuire,2008,2012,3,-7.92,2653,2009,-2.1,2.1.1,2026-09-30
rodrise01,Sergio Rodríguez,2007,2017,5,-7.92,2654,2017,-1.035,2.1.1,2026-09-30
porteho01,Howard Porter,1972,1978,6,-7.92,2655,1977,-0.827,2.1.1,2026-09-30
fraziwi01,Will Frazier,1968,1969,2,-7.92,2656,1968,-3.267,2.1.1,2026-09-30
pricebr01,Brent Price,1993,1999,5,-7.93,2657,1996,0.553,2.1.1,2026-09-30
driscte01,Terry Driscoll,1971,1974,3,-7.96,2658,1971,-1.461,2.1.1,2026-09-30
norwowi01,Willie Norwood,1972,1977,5,-7.96,2659,1973,-0.932,2.1.1,2026-09-30
coleno01,Norris Cole,2012,2015,4,-7.97,2660,2013,-1.393,2.1.1,2026-09-30
cableba01,Barney Cable,1960,1964,5,-7.98,2661,1962,-0.672,2.1.1,2026-09-30
jonesja02,James Jones,2005,2012,6,-7.98,2662,2008,-0.301,2.1.1,2026-09-30
crawffr01,Freddie Crawford,1968,1970,3,-7.99,2663,1970,-1.846,2.1.1,2026-09-30
coltest01,Steve Colter,1985,1990,6,-8.0,2664,1989,-0.936,2.1.1,2026-09-30
royaldo01,Donald Royal,1990,1997,7,-8.0,2665,1993,-0.37,2.1.1,2026-09-30
bryanth01,Thomas Bryant,2019,2026,4,-8.04,2666,2019,-0.573,2.1.1,2026-09-30
moonja01,Jamario Moon,2008,2011,4,-8.04,2667,2008,-0.652,2.1.1,2026-09-30
schluda01,Dale Schlueter,1970,1976,6,-8.06,2668,1972,-0.5,2.1.1,2026-09-30
robeyri01,Rick Robey,1979,1984,6,-8.06,2669,1980,-0.103,2.1.1,2026-09-30
willigr01,Grant Williams,2020,2024,5,-8.07,2670,2022,0.021,2.1.1,2026-09-30
griffad01,Adrian Griffin,2000,2005,4,-8.07,2671,2000,-0.662,2.1.1,2026-09-30
perryti01,Tim Perry,1989,1994,5,-8.08,2672,1992,1.177,2.1.1,2026-09-30
shephbi01,Billy Shepherd,1974,1975,2,-8.08,2673,1975,-3.497,2.1.1,2026-09-30
gadzuda01,Dan Gadzuric,2004,2009,4,-8.11,2674,2005,-0.718,2.1.1,2026-09-30
vujacsa01,Sasha Vujačić,2006,2016,7,-8.11,2675,2008,-0.672,2.1.1,2026-09-30
zellety01,Tyler Zeller,2013,2018,5,-8.11,2676,2015,-0.364,2.1.1,2026-09-30
greenja01,JaMychal Green,2016,2022,6,-8.11,2677,2017,-0.671,2.1.1,2026-09-30
guokama02,Matt Guokas,1967,1975,9,-8.12,2678,1973,-0.781,2.1.1,2026-09-30
noelne01,Nerlens Noel,2015,2021,5,-8.13,2679,2015,-0.61,2.1.1,2026-09-30
blairde01,DeJuan Blair,2010,2014,5,-8.13,2680,2012,-0.04,2.1.1,2026-09-30
medvest01,Stanislav Medvedenko,2002,2004,3,-8.13,2681,2004,-1.186,2.1.1,2026-09-30
vonleno01,Noah Vonleh,2016,2019,3,-8.13,2682,2019,-1.227,2.1.1,2026-09-30
wardge01,Gerry Ward,1966,1967,2,-8.14,2683,1967,-3.773,2.1.1,2026-09-30
scalabr01,Brian Scalabrine,2003,2006,3,-8.16,2684,2006,-2.006,2.1.1,2026-09-30
greenla01,Lamar Green,1970,1974,5,-8.17,2685,1973,-1.064,2.1.1,2026-09-30
curetea01,Earl Cureton,1982,1989,8,-8.18,2686,1987,-1.409,2.1.1,2026-09-30
swiftsk01,Skeeter Swift,1970,1972,3,-8.2,2687,1971,-2.365,2.1.1,2026-09-30
buncela01,Larry Bunce,1968,1969,2,-8.22,2688,1968,-3.869,2.1.1,2026-09-30
garrede01,Dean Garrett,1997,2001,4,-8.22,2689,1997,-1.095,2.1.1,2026-09-30
mckinbi01,Billy McKinney,1979,1984,6,-8.25,2690,1981,-0.425,2.1.1,2026-09-30
ormsba01,Barry Orms,1969,1970,2,-8.27,2691,1970,-4.032,2.1.1,2026-09-30
wallajo01,John Wallace,1997,2000,4,-8.29,2692,1998,-0.812,2.1.1,2026-09-30
pheglro01,Roger Phegley,1980,1983,4,-8.3,2693,1981,-0.218,2.1.1,2026-09-30
okoremi01,Mike O'Koren,1981,1986,4,-8.31,2694,1982,-0.896,2.1.1,2026-09-30
greensi02,Sidney Green,1986,1992,7,-8.36,2695,1986,-0.826,2.1.1,2026-09-30
hugheki01,Kim Hughes,1976,1980,4,-8.36,2696,1976,-0.696,2.1.1,2026-09-30
coopech01,Chuck Cooper,1952,1956,5,-8.37,2697,1952,0.585,2.1.1,2026-09-30
noblech01,Chuck Noble,1956,1961,6,-8.38,2698,1960,-0.762,2.1.1,2026-09-30
morrire01,Red Morrison,1955,1956,2,-8.39,2699,1955,-3.664,2.1.1,2026-09-30
hezonma01,Mario Hezonja,2016,2020,5,-8.39,2700,2016,-1.426,2.1.1,2026-09-30
wilkije01,Jeff Wilkins,1982,1986,5,-8.39,2701,1983,-0.51,2.1.1,2026-09-30
dietrco01,Coby Dietrick,1973,1982,10,-8.4,2702,1980,-0.751,2.1.1,2026-09-30
parkme01,Med Park,1957,1960,4,-8.44,2703,1960,-1.429,2.1.1,2026-09-30
meminde01,Dean Meminger,1972,1976,5,-8.46,2704,1975,-0.388,2.1.1,2026-09-30
chilcpe01,Pete Chilcutt,1992,1999,7,-8.46,2705,1994,-1.85,2.1.1,2026-09-30
lewismi01,Mike Lewis,1969,1972,4,-8.48,2706,1971,-0.973,2.1.1,2026-09-30
morelja01,Jackie Moreland,1961,1970,7,-8.48,2707,1964,-1.174,2.1.1,2026-09-30
cookje01,Jeff Cook,1980,1985,6,-8.52,2708,1981,-0.003,2.1.1,2026-09-30
elsonfr01,Francisco Elson,2004,2011,7,-8.53,2709,2007,-1.159,2.1.1,2026-09-30
grantje02,Jerian Grant,2016,2019,4,-8.54,2710,2018,-1.024,2.1.1,2026-09-30
niangge01,Georges Niang,2019,2025,7,-8.54,2711,2025,0.028,2.1.1,2026-09-30
cartean01,Anthony Carter,2000,2009,5,-8.55,2712,2000,-0.803,2.1.1,2026-09-30
kuberst01,Steve Kuberski,1971,1977,7,-8.56,2713,1971,-0.607,2.1.1,2026-09-30
reedhu01,Hub Reed,1959,1965,6,-8.59,2714,1960,-0.804,2.1.1,2026-09-30
browntr01,Troy Brown Jr.,2020,2024,4,-8.59,2715,2020,-1.117,2.1.1,2026-09-30
baynear01,Aron Baynes,2015,2021,5,-8.59,2716,2018,-1.092,2.1.1,2026-09-30
pollasc01,Scot Pollard,2000,2004,4,-8.62,2717,2001,-0.704,2.1.1,2026-09-30
lentzle01,Leary Lentz,1968,1969,2,-8.65,2718,1968,-4.028,2.1.1,2026-09-30
forbebr01,Bryn Forbes,2018,2022,5,-8.66,2719,2019,-0.576,2.1.1,2026-09-30
mahinia01,Ian Mahinmi,2012,2018,6,-8.67,2720,2016,0.256,2.1.1,2026-09-30
kingst01,Stacey King,1990,1993,4,-8.69,2721,1990,-0.944,2.1.1,2026-09-30
washitr01,Trooper Washington,1968,1973,5,-8.7,2722,1968,-0.039,2.1.1,2026-09-30
okogijo01,Josh Okogie,2019,2026,6,-8.71,2723,2020,-0.988,2.1.1,2026-09-30
davisji01,Jim Davis,1969,1975,7,-8.71,2724,1970,-0.307,2.1.1,2026-09-30
phillga01,Gary Phillips,1962,1966,5,-8.72,2725,1964,-0.625,2.1.1,2026-09-30
restake01,Kevin Restani,1975,1981,6,-8.73,2726,1979,-1.134,2.1.1,2026-09-30
barnhjo01,John Barnhill,1963,1971,6,-8.74,2727,1963,0.133,2.1.1,2026-09-30
greenja02,Javonte Green,2022,2026,3,-8.75,2728,2026,-2.03,2.1.1,2026-09-30
willimo01,Monty Williams,1997,2002,5,-8.75,2729,2000,-0.079,2.1.1,2026-09-30
masonro01,Roger Mason,2007,2013,6,-8.76,2730,2009,0.343,2.1.1,2026-09-30
anderan01,Andy Anderson,1968,1970,2,-8.81,2731,1970,-3.824,2.1.1,2026-09-30
turnebi01,Bill Turner,1969,1972,3,-8.84,2732,1970,-1.999,2.1.1,2026-09-30
bryanma01,Mark Bryant,1990,2000,7,-8.84,2733,1999,-1.061,2.1.1,2026-09-30
huntele01,Les Hunter,1968,1973,6,-8.84,2734,1968,1.926,2.1.1,2026-09-30
charlke01,Ken Charles,1974,1977,4,-8.87,2735,1977,-0.78,2.1.1,2026-09-30
kozelto01,Tom Kozelko,1975,1976,2,-8.88,2736,1975,-4.087,2.1.1,2026-09-30
bowenry01,Ryan Bowen,2002,2006,4,-8.89,2737,2003,-1.795,2.1.1,2026-09-30
collija04,Jason Collins,2002,2008,7,-8.91,2738,2003,-0.595,2.1.1,2026-09-30
lloydbo01,Bobby Lloyd,1968,1969,2,-8.94,2739,1968,-4.711,2.1.1,2026-09-30
hundlho01,Hot Rod Hundley,1958,1963,6,-8.96,2740,1960,-0.275,2.1.1,2026-09-30
askewvi01,Vincent Askew,1992,1996,5,-8.98,2741,1995,-0.599,2.1.1,2026-09-30
smithal01,Al Smith,1972,1975,4,-8.98,2742,1974,-0.475,2.1.1,2026-09-30
mcguial01,Al McGuire,1952,1954,3,-9.0,2743,1953,-1.505,2.1.1,2026-09-30
walkesa01,Samaki Walker,1999,2003,5,-9.01,2744,2002,-0.173,2.1.1,2026-09-30
jordaed01,Eddie Jordan,1978,1982,5,-9.04,2745,1980,1.185,2.1.1,2026-09-30
ruffimi01,Michael Ruffin,2000,2006,3,-9.07,2746,2000,-2.407,2.1.1,2026-09-30
adelmri01,Rick Adelman,1969,1975,5,-9.1,2747,1971,-0.665,2.1.1,2026-09-30
craigto01,Torrey Craig,2019,2023,4,-9.11,2748,2023,-1.242,2.1.1,2026-09-30
mooreja01,Jackie Moore,1956,1957,2,-9.14,2749,1956,-4.437,2.1.1,2026-09-30
kellyar01,Arvesta Kelly,1969,1970,2,-9.14,2750,1970,-3.052,2.1.1,2026-09-30
keefead01,Adam Keefe,1993,2001,9,-9.14,2751,1998,-1.115,2.1.1,2026-09-30
bitadgo01,Goga Bitadze,2020,2026,4,-9.15,2752,2025,-1.422,2.1.1,2026-09-30
glennmi01,Mike Glenn,1979,1985,6,-9.16,2753,1985,-0.972,2.1.1,2026-09-30
hillso01,Solomon Hill,2015,2021,5,-9.18,2754,2015,0.524,2.1.1,2026-09-30
highjo01,Johnny High,1980,1983,3,-9.19,2755,1981,-1.682,2.1.1,2026-09-30
evansma01,Maurice Evans,2005,2011,7,-9.21,2756,2008,-0.938,2.1.1,2026-09-30
holstji01,Jim Holstein,1953,1955,3,-9.22,2757,1954,-2.967,2.1.1,2026-09-30
mcgilbi01,Billy McGill,1963,1970,4,-9.24,2758,1964,-0.172,2.1.1,2026-09-30
lloydsc01,Scott Lloyd,1977,1982,5,-9.25,2759,1981,-1.435,2.1.1,2026-09-30
vaughja01,Jacque Vaughn,2000,2008,9,-9.26,2760,2002,-0.939,2.1.1,2026-09-30
gondrgl01,Glen Gondrezick,1978,1983,6,-9.29,2761,1980,-1.35,2.1.1,2026-09-30
jonesco01,Collis Jones,1972,1975,3,-9.31,2762,1973,-1.737,2.1.1,2026-09-30
poweljo01,Josh Powell,2008,2010,3,-9.32,2763,2008,-1.886,2.1.1,2026-09-30
hopkibo01,Bob Hopkins,1957,1960,4,-9.33,2764,1959,-0.983,2.1.1,2026-09-30
grayeje01,Jeff Grayer,1990,1994,4,-9.36,2765,1992,-0.753,2.1.1,2026-09-30
kingji01,Jim King,1964,1973,6,-9.36,2766,1967,1.104,2.1.1,2026-09-30
hayesja02,Jaxson Hayes,2020,2026,5,-9.36,2767,2021,-0.928,2.1.1,2026-09-30
bradldu01,Dudley Bradley,1980,1988,8,-9.37,2768,1980,-0.951,2.1.1,2026-09-30
prattmi01,Mike Pratt,1971,1972,2,-9.38,2769,1972,-4.325,2.1.1,2026-09-30
ennisja01,James Ennis III,2015,2020,5,-9.41,2770,2018,-1.408,2.1.1,2026-09-30
smithjo01,John Smith,1969,1970,2,-9.42,2771,1969,-3.717,2.1.1,2026-09-30
addisra01,Rafael Addison,1987,1995,4,-9.44,2772,1995,-1.718,2.1.1,2026-09-30
farmemi01,Mike Farmer,1959,1965,6,-9.45,2773,1961,-1.367,2.1.1,2026-09-30
snellto01,Tony Snell,2014,2020,7,-9.47,2774,2020,-1.098,2.1.1,2026-09-30
doleami01,Michael Doleac,1999,2005,6,-9.49,2775,2000,-0.616,2.1.1,2026-09-30
lopezfe01,Felipe López,1999,2002,4,-9.59,2776,1999,-1.412,2.1.1,2026-09-30
neumajo01,Johnny Neumann,1972,1977,5,-9.61,2777,1973,-0.389,2.1.1,2026-09-30
piatkwa01,Walt Piatkowski,1969,1970,2,-9.65,2778,1969,-4.307,2.1.1,2026-09-30
chambje01,Jerry Chambers,1967,1971,3,-9.68,2779,1971,-2.777,2.1.1,2026-09-30
currymi01,Michael Curry,1997,2004,8,-9.68,2780,1998,-1.115,2.1.1,2026-09-30
anderri01,Richard Anderson,1983,1989,4,-9.69,2781,1988,-1.997,2.1.1,2026-09-30
leaksma01,Manny Leaks,1969,1973,5,-9.72,2782,1970,-0.097,2.1.1,2026-09-30
adamsge01,George Adams,1973,1975,3,-9.72,2783,1975,-1.58,2.1.1,2026-09-30
blounco01,Corie Blount,1994,2004,7,-9.72,2784,2001,-1.517,2.1.1,2026-09-30
ollieke01,Kevin Ollie,2001,2006,5,-9.74,2785,2003,-1.256,2.1.1,2026-09-30
brownmi01,Mike Brown,1987,1994,7,-9.74,2786,1992,-0.979,2.1.1,2026-09-30
iveyro01,Royal Ivey,2005,2009,4,-9.76,2787,2005,-2.178,2.1.1,2026-09-30
caldwji01,Jim Caldwell,1968,1969,2,-9.77,2788,1968,-3.696,2.1.1,2026-09-30
rileypa01,Pat Riley,1968,1976,4,-9.79,2789,1972,-1.838,2.1.1,2026-09-30
walkeke01,Kenny Walker,1987,1994,5,-9.8,2790,1987,-1.06,2.1.1,2026-09-30
jonesch01,Charles Jones,1986,1993,7,-9.8,2791,1990,-1.518,2.1.1,2026-09-30
murrewi01,Willie Murrell,1968,1970,3,-9.81,2792,1968,-0.517,2.1.1,2026-09-30
vraneda01,Danny Vranes,1982,1987,6,-9.82,2793,1984,-1.205,2.1.1,2026-09-30
trappge01,George Trapp,1972,1976,5,-9.88,2794,1973,-0.851,2.1.1,2026-09-30
mcilvji01,Jim McIlvaine,1996,2000,4,-9.89,2795,2000,-2.087,2.1.1,2026-09-30
grayst01,Stuart Gray,1986,1990,4,-9.91,2796,1988,-2.149,2.1.1,2026-09-30
hamiljo01,Joe Hamilton,1971,1974,4,-9.94,2797,1974,-1.852,2.1.1,2026-09-30
holidaa01,Aaron Holiday,2020,2025,6,-9.95,2798,2020,-1.069,2.1.1,2026-09-30
taylool01,Ollie Taylor,1971,1973,3,-9.96,2799,1973,-1.902,2.1.1,2026-09-30
hitchle01,Lew Hitch,1952,1957,6,-9.96,2800,1954,-0.231,2.1.1,2026-09-30
willobi01,Bill Willoughby,1976,1984,5,-9.98,2801,1980,-1.132,2.1.1,2026-09-30
askinke01,Keith Askins,1992,1997,4,-9.99,2802,1996,-1.261,2.1.1,2026-09-30
biancal01,Al Bianchi,1957,1966,9,-10.01,2803,1962,-1.048,2.1.1,2026-09-30
wileyge01,Gene Wiley,1963,1966,4,-10.02,2804,1965,-1.185,2.1.1,2026-09-30
tuckeal01,Al Tucker,1968,1972,4,-10.05,2805,1968,-0.839,2.1.1,2026-09-30
thackto01,Tom Thacker,1968,1970,2,-10.07,2806,1968,-4.074,2.1.1,2026-09-30
udohek01,Ekpe Udoh,2011,2018,4,-10.12,2807,2012,-1.275,2.1.1,2026-09-30
diopde01,DeSagana Diop,2003,2009,5,-10.12,2808,2008,-1.817,2.1.1,2026-09-30
cuetoal01,Al Cueto,1970,1971,2,-10.13,2809,1970,-4.575,2.1.1,2026-09-30
traylro01,Robert Traylor,1999,2005,6,-10.15,2810,2005,-0.885,2.1.1,2026-09-30
jonesda02,Dahntay Jones,2006,2013,6,-10.18,2811,2010,-0.576,2.1.1,2026-09-30
melchbi01,Bill Melchionni,1967,1976,8,-10.2,2812,1972,0.536,2.1.1,2026-09-30
nealyed01,Ed Nealy,1983,1988,4,-10.2,2813,1983,-1.258,2.1.1,2026-09-30
brownla01,Larry Brown,1968,1972,5,-10.22,2814,1969,-0.229,2.1.1,2026-09-30
holtomi01,Michael Holton,1985,1989,4,-10.23,2815,1989,-0.94,2.1.1,2026-09-30
rascobo01,Bobby Rascoe,1968,1969,2,-10.24,2816,1968,-4.62,2.1.1,2026-09-30
parksch02,Cherokee Parks,1996,2001,5,-10.26,2817,2001,-1.504,2.1.1,2026-09-30
karlge01,George Karl,1974,1976,3,-10.29,2818,1975,-2.682,2.1.1,2026-09-30
mokespa01,Paul Mokeski,1981,1989,8,-10.3,2819,1981,-1.252,2.1.1,2026-09-30
bertada01,Dāvis Bertāns,2017,2021,5,-10.33,2820,2020,0.152,2.1.1,2026-09-30
wilkied01,Eddie Lee Wilkins,1989,1991,3,-10.34,2821,1990,-2.876,2.1.1,2026-09-30
scottmi01,Mike Scott,2014,2021,7,-10.37,2822,2014,-1.314,2.1.1,2026-09-30
pondequ01,Quincy Pondexter,2011,2015,4,-10.39,2823,2013,-0.882,2.1.1,2026-09-30
brownri01,Rickey Brown,1982,1985,4,-10.39,2824,1982,-1.392,2.1.1,2026-09-30
thomaro01,Ron Thomas,1974,1976,3,-10.4,2825,1976,-3.056,2.1.1,2026-09-30
turneel01,Elston Turner,1982,1989,6,-10.43,2826,1982,-1.177,2.1.1,2026-09-30
crottjo01,John Crotty,1995,2000,3,-10.43,2827,1995,-2.736,2.1.1,2026-09-30
lampje01,Jeff Lamp,1983,1986,3,-10.46,2828,1986,-2.216,2.1.1,2026-09-30
faircjo01,John Fairchild,1968,1969,2,-10.57,2829,1968,-4.109,2.1.1,2026-09-30
muscami01,Mike Muscala,2016,2023,4,-10.58,2830,2019,-1.055,2.1.1,2026-09-30
wolfjo01,Joe Wolf,1989,1996,6,-10.62,2831,1989,-2.121,2.1.1,2026-09-30
becker01,Ernie Beck,1956,1960,5,-10.62,2832,1956,-1.424,2.1.1,2026-09-30
landsma01,Mark Landsberger,1978,1982,5,-10.63,2833,1979,-0.757,2.1.1,2026-09-30
youngda01,Danny Young,1986,1993,7,-10.66,2834,1986,-0.918,2.1.1,2026-09-30
jonesma01,Major Jones,1980,1983,4,-10.66,2835,1983,-1.896,2.1.1,2026-09-30
chapmwa01,Wayne Chapman,1970,1971,2,-10.67,2836,1970,-4.663,2.1.1,2026-09-30
jarviji01,Jim Jarvis,1968,1969,2,-10.7,2837,1969,-4.972,2.1.1,2026-09-30
moorege01,Gene Moore,1969,1973,5,-10.75,2838,1970,0.949,2.1.1,2026-09-30
brownro02,Roger Brown,1973,1974,2,-10.78,2839,1974,-4.835,2.1.1,2026-09-30
eubandr01,Drew Eubanks,2021,2025,5,-10.83,2840,2022,-1.606,2.1.1,2026-09-30
ojelese01,Semi Ojeleye,2018,2021,3,-10.83,2841,2020,-3.234,2.1.1,2026-09-30
hansbty01,Tyler Hansbrough,2011,2015,5,-10.85,2842,2011,-0.541,2.1.1,2026-09-30
willike03,Kenny Williams,1991,1994,3,-10.9,2843,1994,-2.386,2.1.1,2026-09-30
bullama01,Matt Bullard,1992,2001,7,-10.91,2844,2001,-1.181,2.1.1,2026-09-30
ruddde01,Delaney Rudd,1990,1992,3,-10.92,2845,1991,-3.316,2.1.1,2026-09-30
hensojo01,John Henson,2013,2018,5,-10.97,2846,2014,-0.735,2.1.1,2026-09-30
robinja02,James Robinson,1994,1998,5,-11.03,2847,1995,-1.185,2.1.1,2026-09-30
smithsa01,Sam Smith,1968,1970,3,-11.06,2848,1968,-2.597,2.1.1,2026-09-30
tormobu01,Gene Tormohlen,1966,1968,3,-11.1,2849,1967,-2.838,2.1.1,2026-09-30
knightr01,Travis Knight,1997,2000,4,-11.11,2850,1998,-1.122,2.1.1,2026-09-30
fergute01,Terrance Ferguson,2018,2020,3,-11.18,2851,2019,-2.59,2.1.1,2026-09-30
dunntr01,T.R. Dunn,1978,1990,12,-11.19,2852,1981,-1.97,2.1.1,2026-09-30
daviswa02,Warren Davis,1969,1973,5,-11.19,2853,1970,-1.358,2.1.1,2026-09-30
skinnbr01,Brian Skinner,2002,2008,5,-11.23,2854,2007,-1.869,2.1.1,2026-09-30
leckner01,Eric Leckner,1989,1994,5,-11.23,2855,1991,-1.769,2.1.1,2026-09-30
prigipa01,Pablo Prigioni,2013,2016,4,-11.26,2856,2014,-1.606,2.1.1,2026-09-30
dayeda01,Darren Daye,1984,1987,4,-11.32,2857,1985,-1.444,2.1.1,2026-09-30
mahafra01,Randy Mahaffey,1968,1971,4,-11.36,2858,1968,-1.346,2.1.1,2026-09-30
ferraal01,Al Ferrari,1956,1962,5,-11.38,2859,1962,-1.647,2.1.1,2026-09-30
gibbsdi01,Dick Gibbs,1972,1976,5,-11.5,2860,1974,-0.346,2.1.1,2026-09-30
pricero01,Ronnie Price,2007,2016,5,-11.52,2861,2016,-1.602,2.1.1,2026-09-30
schoeru01,Russ Schoene,1983,1989,4,-11.58,2862,1983,-1.187,2.1.1,2026-09-30
smithja02,Jason Smith,2008,2017,5,-11.65,2863,2016,-0.984,2.1.1,2026-09-30
chubist01,Steve Chubin,1968,1970,3,-11.79,2864,1968,-2.387,2.1.1,2026-09-30
irvinge01,George Irvine,1972,1975,4,-11.8,2865,1975,-1.114,2.1.1,2026-09-30
gerargu01,Gus Gerard,1975,1980,5,-11.82,2866,1975,-0.273,2.1.1,2026-09-30
herreca01,Carl Herrera,1993,1998,5,-11.87,2867,1993,-1.258,2.1.1,2026-09-30
evansmi01,Mike Evans,1980,1987,6,-11.89,2868,1985,-0.87,2.1.1,2026-09-30
carteje01,Jevon Carter,2020,2024,5,-11.91,2869,2023,-1.42,2.1.1,2026-09-30
buechju01,Jud Buechler,1991,2002,8,-11.97,2870,1993,-1.616,2.1.1,2026-09-30
collija03,Jarron Collins,2002,2008,5,-11.97,2871,2004,-0.668,2.1.1,2026-09-30
olsenbu01,Bud Olsen,1965,1970,4,-11.99,2872,1966,-2.297,2.1.1,2026-09-30
acresma01,Mark Acres,1988,1992,5,-11.99,2873,1991,-1.556,2.1.1,2026-09-30
dempsge01,George Dempsey,1956,1959,4,-12.02,2874,1956,-2.254,2.1.1,2026-09-30
sidledo01,Don Sidle,1969,1972,4,-12.04,2875,1970,-1.54,2.1.1,2026-09-30
kennego01,Goo Kennedy,1972,1975,4,-12.08,2876,1973,-1.485,2.1.1,2026-09-30
mannied01,Ed Manning,1968,1975,8,-12.08,2877,1971,-1.438,2.1.1,2026-09-30
beaslch01,Charlie Beasley,1968,1970,3,-12.11,2878,1968,-2.604,2.1.1,2026-09-30
hillsi01,Simmie Hill,1972,1974,3,-12.14,2879,1972,-3.012,2.1.1,2026-09-30
baumjo01,Johnny Baum,1971,1974,3,-12.17,2880,1971,-3.636,2.1.1,2026-09-30
madsema01,Mark Madsen,2001,2006,4,-12.25,2881,2004,-2.374,2.1.1,2026-09-30
buckngr01,Greg Buckner,2003,2009,5,-12.27,2882,2006,-1.656,2.1.1,2026-09-30
daviswa01,Walt Davis,1954,1958,5,-12.4,2883,1954,-1.188,2.1.1,2026-09-30
holliry01,Ryan Hollins,2008,2014,5,-12.5,2884,2010,-1.792,2.1.1,2026-09-30
iavarma01,Marc Iavaroni,1983,1989,7,-12.58,2885,1983,-1.597,2.1.1,2026-09-30
allenla01,Lavoy Allen,2013,2017,5,-12.61,2886,2015,-1.42,2.1.1,2026-09-30
woodda01,David Wood,1991,1996,5,-12.68,2887,1996,-2.254,2.1.1,2026-09-30
roberma01,Marv Roberts,1972,1976,5,-12.69,2888,1976,-1.061,2.1.1,2026-09-30
dreilgr01,Greg Dreiling,1991,1995,3,-12.74,2889,1991,-3.392,2.1.1,2026-09-30
bolma01,Manute Bol,1986,1993,8,-12.74,2890,1993,-2.497,2.1.1,2026-09-30
butlemi01,Mike Butler,1969,1971,3,-12.78,2891,1970,-3.516,2.1.1,2026-09-30
najered01,Eduardo Nájera,2002,2008,6,-12.8,2892,2002,-1.63,2.1.1,2026-09-30
thybuma01,Matisse Thybulle,2020,2024,5,-12.85,2893,2024,-2.046,2.1.1,2026-09-30
keyeju01,Julius Keye,1970,1974,5,-12.94,2894,1971,-0.952,2.1.1,2026-09-30
taylofa01,Fatty Taylor,1970,1977,8,-13.11,2895,1976,-2.148,2.1.1,2026-09-30
simonwa01,Walt Simon,1968,1974,7,-13.12,2896,1973,0.03,2.1.1,2026-09-30
hastisc01,Scott Hastings,1984,1993,5,-13.19,2897,1989,-1.727,2.1.1,2026-09-30
turiaro01,Ronny Turiaf,2007,2013,5,-13.23,2898,2009,-0.987,2.1.1,2026-09-30
hammoju01,Julian Hammond,1968,1971,4,-13.26,2899,1970,-1.566,2.1.1,2026-09-30
waltoll01,Lloyd Walton,1978,1981,4,-13.45,2900,1979,-1.438,2.1.1,2026-09-30
stacoke01,Kevin Stacom,1975,1979,4,-13.49,2901,1979,-2.518,2.1.1,2026-09-30
hargeir01,Ira Harge,1968,1972,5,-13.55,2902,1971,-1.414,2.1.1,2026-09-30
fostegr01,Greg Foster,1995,2001,7,-13.61,2903,1995,-1.768,2.1.1,2026-09-30
bowiean01,Anthony Bowie,1990,1996,5,-13.63,2904,1993,-0.584,2.1.1,2026-09-30
bedelbo01,Bob Bedell,1968,1971,3,-13.64,2905,1968,-4.017,2.1.1,2026-09-30
finkeha01,Hank Finkel,1970,1975,6,-13.67,2906,1970,-0.911,2.1.1,2026-09-30
lochmri01,Riney Lochmann,1968,1969,2,-13.8,2907,1969,-6.232,2.1.1,2026-09-30
beckear01,Art Becker,1968,1972,5,-13.94,2908,1968,-0.974,2.1.1,2026-09-30
warlebe01,Ben Warley,1964,1968,5,-13.99,2909,1967,-1.663,2.1.1,2026-09-30
millela01,Larry Miller,1969,1974,6,-14.03,2910,1972,-1.295,2.1.1,2026-09-30
catchha01,Harvey Catchings,1976,1985,8,-14.14,2911,1985,-2.316,2.1.1,2026-09-30
obrieji01,Jimmy O'Brien,1972,1975,4,-14.28,2912,1975,-2.049,2.1.1,2026-09-30
reiddo01,Don Reid,1996,2002,5,-14.37,2913,1998,-1.679,2.1.1,2026-09-30
scottal01,Alvin Scott,1978,1985,8,-14.46,2914,1982,-2.202,2.1.1,2026-09-30
warrebo01,Bob Warren,1969,1975,6,-14.66,2915,1972,-2.279,2.1.1,2026-09-30
smithto02,Tony Smith,1991,1997,6,-14.94,2916,1994,-1.24,2.1.1,2026-09-30
terrycl01,Claude Terry,1973,1976,4,-15.03,2917,1976,-2.898,2.1.1,2026-09-30
padgesc01,Scott Padgett,2002,2006,5,-15.08,2918,2002,-2.051,2.1.1,2026-09-30
littlge01,Gene Littles,1970,1975,6,-15.14,2919,1972,-2.656,2.1.1,2026-09-30
palazto01,Togo Palazzi,1955,1959,5,-15.15,2920,1957,-1.488,2.1.1,2026-09-30
bowento01,Tommie Bowens,1968,1970,3,-15.28,2921,1970,-4.928,2.1.1,2026-09-30
cunnidi01,Dick Cunningham,1969,1973,5,-15.41,2922,1969,-1.849,2.1.1,2026-09-30
lambejo01,John Lambert,1977,1982,5,-15.48,2923,1980,-1.526,2.1.1,2026-09-30
dardeol01,Ollie Darden,1968,1970,3,-15.66,2924,1968,-3.924,2.1.1,2026-09-30
franzro01,Ron Franz,1968,1973,5,-16.3,2925,1969,-2.473,2.1.1,2026-09-30
cardfr01,Frank Card,1969,1972,4,-16.41,2926,1971,-2.927,2.1.1,2026-09-30
anthojo01,Joel Anthony,2009,2013,5,-16.62,2927,2012,-1.956,2.1.1,2026-09-30
sojouwi01,Willie Sojourner,1972,1975,4,-16.8,2928,1974,-3.688,2.1.1,2026-09-30
davisle01,Lee Davis,1969,1975,5,-17.59,2929,1975,-0.84,2.1.1,2026-09-30
peeplge01,George Peeples,1968,1971,4,-17.75,2930,1971,-2.83,2.1.1,2026-09-30
wrighlo01,Lonnie Wright,1969,1972,4,-18.05,2931,1969,-2.884,2.1.1,2026-09-30
terrych01,Chuck Terry,1973,1977,5,-19.14,2932,1977,-2.19,2.1.1,2026-09-30
ardji01,Jim Ard,1971,1977,5,-19.25,2933,1977,-1.78,2.1.1,2026-09-30
congdje01,Jeff Congdon,1968,1971,4,-22.0,2934,1970,-2.392,2.1.1,2026-09-30
